condition,camera,light,resolution,depth_bias,slope_bias,pcf,debug,enabled,samples,cpu_encode_ms_median,cpu_submit_ms_median,native_queue_wait_ms_median,native_queue_completion_wall_ms_median,cpu_encode_ms_p95,cpu_submit_ms_p95,native_queue_wait_ms_p95,native_queue_completion_wall_ms_p95
0,0,0,512,1,1,3,0,1,30,0.0353025,2.5200245,0.4730285,3.094868,0.10174,8.709364,0.9878580000000001,9.590373
1,0,0,256,1,1,3,0,1,30,0.0423025,2.5571520000000003,0.4882955,3.1718545000000002,0.110182,5.0153419999999995,1.525631,5.685871000000001
2,0,0,1024,1,1,3,0,1,30,0.0516515,3.061814,0.517639,3.6794355000000003,0.105265,5.907068,1.21269,6.69394
3,0,0,512,0,1,3,0,1,30,0.0388525,2.5793425,0.502421,3.1691225000000003,0.087499,4.471159,1.157158,5.222138
4,0,0,512,2,1,3,0,1,30,0.032378,2.5964825,0.4730635,3.122193,0.090864,5.900739000000001,0.8825630000000001,6.415008
5,0,0,512,1,0,3,0,1,30,0.03698,2.443081,0.454526,3.0035225,0.09584100000000001,5.633585,0.883929,5.80037
6,0,0,512,1,2,3,0,1,30,0.03693,2.4787904999999997,0.500168,3.046862,0.097444,5.233164,0.924539,6.1943969999999995
7,0,0,512,1,1,1,0,1,30,0.036544,2.137477,0.5269824999999999,2.7284995,0.10862999999999999,3.473587,0.863875,3.968867
8,0,0,512,1,1,5,0,1,30,0.038992,3.2610080000000004,0.49545150000000004,3.8132780000000004,0.098415,7.3705680000000005,1.003832,8.086295
9,0,0,512,1,1,3,0,0,30,0.026458999999999996,1.0323090000000001,0.4844605,1.5783045000000002,0.056253,1.873435,1.430151,3.344306
10,0,0,512,1,1,3,1,1,30,0.0295635,1.938371,0.4401795,2.3979045,0.038297000000000005,2.306094,0.60963,2.7368390000000002
11,0,0,512,1,1,3,2,1,30,0.034806500000000004,2.119888,0.430185,2.571067,0.062903,2.855334,0.648537,3.14418
12,0,1,512,1,1,3,0,1,30,0.0407,2.5393429999999997,0.463093,2.9624025,0.09805499999999999,7.145115,1.097104,8.290466
13,0,1,256,1,1,3,0,1,30,0.0387375,2.4842665,0.5226964999999999,3.0839615,0.078485,4.301649,0.98898,4.935824
14,0,1,1024,1,1,3,0,1,30,0.041131,3.0340575,0.5074485,3.5782154999999998,0.14588500000000001,5.719822000000001,1.145416,6.474115
15,0,1,512,0,1,3,0,1,30,0.0465335,2.5920354999999997,0.5111745000000001,3.1495635,0.105596,4.594842,2.442485,5.949591
16,0,1,512,2,1,3,0,1,30,0.0349915,2.4357094999999997,0.496107,2.9246715,0.062211,3.070732,0.804888,3.88198
17,0,1,512,1,0,3,0,1,30,0.037180500000000005,2.521662,0.47086,3.0827044999999997,0.058647000000000005,5.654956,0.600216,5.739561
18,0,1,512,1,2,3,0,1,30,0.0449215,2.7006005,0.501355,3.2241485,0.144663,4.778931999999999,2.481452,7.042794
19,0,1,512,1,1,1,0,1,30,0.0383015,2.1627815,0.5050455,2.701337,0.053288,2.8141339999999997,1.032013,3.877473
20,0,1,512,1,1,5,0,1,30,0.035678,3.2892849999999996,0.522491,3.9164909999999997,0.066568,3.9544819999999996,0.9470280000000001,5.039127
21,0,1,512,1,1,3,0,0,30,0.026834999999999998,1.246159,0.49942200000000003,1.7897414999999999,0.04051,1.9989500000000002,0.7911170000000001,2.533969
22,0,1,512,1,1,3,1,1,30,0.031987,1.884661,0.490224,2.445805,0.045688,2.999958,0.637401,3.5083789999999997
23,0,1,512,1,1,3,2,1,30,0.034556,2.540319,0.530578,3.0947975,0.05104499999999999,3.4060370000000004,0.617792,3.99135
24,1,0,512,1,1,3,0,1,30,0.0409555,2.3926415,0.4693525,2.966949,0.066068,4.7620190000000004,1.1865409999999998,5.463073
25,1,0,256,1,1,3,0,1,30,0.039407500000000005,2.4299384999999996,0.43404550000000003,2.9679455,0.063944,4.145718,0.851888,4.704634
26,1,0,1024,1,1,3,0,1,30,0.055692000000000005,3.6080655000000004,0.48909699999999995,4.138483,0.11237599999999999,7.7483200000000005,1.568294,8.22521
27,1,0,512,0,1,3,0,1,30,0.0423925,2.5577604999999997,0.4788165,3.2345685,0.097564,5.859007999999999,1.123558,6.976477
28,1,0,512,2,1,3,0,1,30,0.046779,3.0730605,0.544799,3.8062875,0.12348200000000001,6.198228,1.203897,6.925902000000001
29,1,0,512,1,0,3,0,1,30,0.0364285,2.461042,0.46349399999999996,2.9554970000000003,0.057985,3.404204,0.61632,3.9334060000000006
30,1,0,512,1,2,3,0,1,30,0.0348965,2.406497,0.452746,2.9962920000000004,0.09496,5.124078,1.3227119999999999,5.48102
31,1,0,512,1,1,1,0,1,30,0.036588999999999997,1.8171125,0.43041050000000003,2.3018075,0.073448,3.04523,0.60942,3.5700089999999998
32,1,0,512,1,1,5,0,1,30,0.035387,3.053982,0.4486325,3.5266954999999998,0.046989,4.522971,1.3080450000000001,5.356746
33,1,0,512,1,1,3,0,0,30,0.029108,1.2083735,0.4934585,1.8059655000000001,0.084865,2.808465,0.9183760000000001,3.586002
34,1,0,512,1,1,3,1,1,30,0.034340499999999996,1.8655585,0.4333345,2.2982270000000002,0.086147,2.8954340000000003,0.935481,3.6781930000000003
35,1,0,512,1,1,3,2,1,30,0.0368795,2.4804959999999996,0.46447550000000004,2.9837740000000004,0.065376,3.280472,0.720173,4.034345
36,1,1,512,1,1,3,0,1,30,0.053929500000000005,2.904617,0.5177894999999999,3.6611005,0.093949,4.934433,1.098782,5.82672
37,1,1,256,1,1,3,0,1,30,0.0463635,3.144,0.5312984999999999,3.8170685,0.077824,5.974047,1.206731,6.780607
38,1,1,1024,1,1,3,0,1,30,0.040444499999999994,3.4923094999999997,0.585839,4.0392265,0.084425,6.959110999999999,1.271777,7.365391
39,1,1,512,0,1,3,0,1,30,0.0428035,3.244103,0.578849,3.9571905000000003,0.105806,18.796031000000003,3.554316,20.840579
40,1,1,512,2,1,3,0,1,30,0.0369095,2.9269755,0.549506,3.7652525,0.08801,11.805934,1.469439,13.17186
41,1,1,512,1,0,3,0,1,30,0.039002,2.684737,0.4933080000000001,3.192121,0.09853600000000001,5.757156999999999,1.447406,6.0645500000000006
42,1,1,512,1,2,3,0,1,30,0.045562500000000006,2.7540400000000003,0.49920650000000005,3.383444,0.103042,5.713592,4.094602999999999,8.890491
43,1,1,512,1,1,1,0,1,30,0.046773999999999996,2.3931820000000004,0.5081745,2.8841140000000003,0.089251,6.075837,0.84712,7.3105590000000005
44,1,1,512,1,1,5,0,1,30,0.0525075,3.951783,0.52201,4.5336465,0.09135499999999999,7.591584,1.73429,8.284405999999999
45,1,1,512,1,1,3,0,0,30,0.028326999999999998,1.44649,0.5323609999999999,2.0380624999999997,0.052638,3.0511929999999996,0.754744,3.747581
46,1,1,512,1,1,3,1,1,30,0.038597000000000006,2.631509,0.5310085,3.1251825,0.097284,4.801191,1.638839,6.0909450000000005
47,1,1,512,1,1,3,2,1,30,0.0392025,2.650382,0.5075940000000001,3.252976,0.08807999999999999,5.314830000000001,1.035949,6.19662
