condition,camera,light,resolution,depth_bias,slope_bias,pcf,debug,enabled,repeat,samples,cpu_encode_ms_median,cpu_submit_ms_median,native_queue_wait_ms_median,native_queue_completion_wall_ms_median,cpu_encode_ms_p95,cpu_submit_ms_p95,native_queue_wait_ms_p95,native_queue_completion_wall_ms_p95
0,0,0,512,1,1,3,0,1,0,10,0.033909999999999996,2.6034725,0.5372585,3.185912,0.099657,2.7654419999999997,0.6027089999999999,3.3494829999999998
0,0,0,512,1,1,3,0,1,1,10,0.0595575,2.8853134999999996,0.480494,3.397379,0.10179,9.486631000000001,2.291562,11.083538
0,0,0,512,1,1,3,0,1,2,10,0.031156000000000003,2.081908,0.4171555,2.534,0.060369,3.085774,0.9878580000000001,3.465855
1,0,0,256,1,1,3,0,1,0,10,0.035977999999999996,2.55924,0.5709575,3.1857795,0.09519999999999999,4.685245,0.680004,5.333802
1,0,0,256,1,1,3,0,1,1,10,0.085261,3.532213,0.6135305,4.630554500000001,0.113638,7.857907000000001,1.823141,7.9727559999999995
1,0,0,256,1,1,3,0,1,2,10,0.0349065,2.1487305,0.4264345,2.6460505000000003,0.054049,5.0153419999999995,0.490153,5.533657
2,0,0,1024,1,1,3,0,1,0,10,0.0386075,3.0772120000000003,0.5456405,3.727953,0.149651,3.3924670000000003,0.714229,3.993203
2,0,0,1024,1,1,3,0,1,1,10,0.0739695,4.191957,0.5896600000000001,4.9052995,0.105265,8.650487,1.5261319999999998,9.494783
2,0,0,1024,1,1,3,0,1,2,10,0.046754,2.6815830000000003,0.4505795,3.2400475,0.071466,5.907068,0.749687,6.69394
3,0,0,512,0,1,3,0,1,0,10,0.0365235,2.5764835,0.48055400000000004,3.109605,0.082802,2.862295,0.563321,3.361221
3,0,0,512,0,1,3,0,1,1,10,0.06700400000000001,3.7014880000000003,0.625789,4.355879,0.099827,5.652081,1.173612,6.53202
3,0,0,512,0,1,3,0,1,2,10,0.0371905,2.381475,0.49755400000000005,2.8690094999999998,0.050575,2.766723,0.561228,3.332188
4,0,0,512,2,1,3,0,1,0,10,0.026979999999999997,2.5964825,0.5024265,3.124126,0.031296,2.860933,0.559235,3.3556329999999996
4,0,0,512,2,1,3,0,1,1,10,0.06284300000000001,3.179733,0.6050485000000001,3.8987744999999996,0.198553,6.255893,1.3717549999999998,7.7025879999999995
4,0,0,512,2,1,3,0,1,2,10,0.032378,2.1378705,0.4031405,2.6203825,0.041621,2.5684810000000002,0.837626,2.9455470000000004
5,0,0,512,1,0,3,0,1,0,10,0.037525,2.5277755,0.457806,3.0935055,0.099186,3.098318,1.7970620000000002,4.162753
5,0,0,512,1,0,3,0,1,1,10,0.051937,2.7117424999999997,0.5249745,3.313039,0.09584100000000001,8.951787,0.721635,9.667644
5,0,0,512,1,0,3,0,1,2,10,0.035587499999999994,2.2499605000000003,0.4097495,2.699675,0.044606,3.501789,0.883929,3.897833
6,0,0,512,1,2,3,0,1,0,10,0.0365085,2.4787904999999997,0.5042845,3.040327,0.048221,5.233164,0.924539,6.1943969999999995
6,0,0,512,1,2,3,0,1,1,10,0.0468945,2.582131,0.576696,3.213408,0.097444,5.7872710000000005,1.424582,6.502967999999999
6,0,0,512,1,2,3,0,1,2,10,0.0282815,2.2879015000000003,0.4986705,2.8562555,0.103122,4.646608,0.744498,5.200986
7,0,0,512,1,1,1,0,1,0,10,0.0365785,2.1249185,0.484615,2.6462205,0.040801,3.1992570000000002,0.5462760000000001,3.7054739999999997
7,0,0,512,1,1,1,0,1,1,10,0.0451715,2.0999195,0.615163,2.8792539999999995,0.165865,4.023578,0.863875,4.163234
7,0,0,512,1,1,1,0,1,2,10,0.033659499999999995,2.1915395,0.581668,2.774675,0.048501999999999997,2.6457640000000002,1.186131,3.8688
8,0,0,512,1,1,5,0,1,0,10,0.028271499999999998,3.1813005,0.5140085000000001,3.75364,0.039187,3.442511,0.5966600000000001,4.066522
8,0,0,512,1,1,5,0,1,1,10,0.0573395,4.8074955,0.641732,5.8088185,0.126447,8.590468,1.472843,8.742963
8,0,0,512,1,1,5,0,1,2,10,0.040885,3.0120354999999996,0.4476305,3.3932675,0.049182,3.759449,0.6851010000000001,4.2414000000000005
9,0,0,512,1,1,3,0,0,0,10,0.0227285,1.2472409999999998,0.473504,1.7698125,0.035032,1.486113,1.434156,2.753273
9,0,0,512,1,1,3,0,0,1,10,0.026653999999999997,0.8508959999999999,0.427821,1.294676,0.055282,1.032404,0.516032,1.5750950000000001
9,0,0,512,1,1,3,0,0,2,10,0.0300845,1.031818,0.5262469999999999,1.577974,0.084855,3.369923,1.430151,4.0793
10,0,0,512,1,1,3,1,1,0,10,0.0258035,2.073345,0.4528635,2.5614605,0.037555000000000005,2.269199,0.601598,2.7368390000000002
10,0,0,512,1,1,3,1,1,1,10,0.03039,1.858879,0.389469,2.301106,0.041551000000000005,2.408966,0.973171,3.411941
10,0,0,512,1,1,3,1,1,2,10,0.030305000000000002,1.7896609999999997,0.45223749999999996,2.246921,0.038297000000000005,1.9775779999999998,0.526667,2.4932090000000002
11,0,0,512,1,1,3,2,1,0,10,0.0366185,2.441479,0.47895699999999997,2.923986,0.062903,3.072375,0.5482389999999999,3.14418
11,0,0,512,1,1,3,2,1,1,10,0.0365035,2.119888,0.434056,2.553679,0.07869599999999999,2.4478820000000003,0.978664,3.376483
11,0,0,512,1,1,3,2,1,2,10,0.030324499999999997,1.832795,0.376961,2.2482735,0.036032999999999996,1.984319,0.648537,2.667066
12,0,1,512,1,1,3,0,1,0,10,0.035052,2.5393429999999997,0.49333249999999995,2.9624025,0.05397,2.881322,0.604422,3.252361
12,0,1,512,1,1,3,0,1,1,10,0.078796,4.4289595,0.551604,5.0798945,0.109221,15.010554,2.569873,15.594115
12,0,1,512,1,1,3,0,1,2,10,0.0342505,2.1452365,0.40982450000000004,2.5776494999999997,0.044565,3.1527529999999997,1.097104,3.798731
13,0,1,256,1,1,3,0,1,0,10,0.03623850000000001,2.570484,0.5279145,3.1959445000000004,0.056814,3.5972500000000003,0.669358,4.149555
13,0,1,256,1,1,3,0,1,1,10,0.0510655,2.7153124999999996,0.5619065,3.3772244999999996,0.10001800000000001,7.1287210000000005,1.562736,8.754991
13,0,1,256,1,1,3,0,1,2,10,0.035207,2.055529,0.40858300000000003,2.5019374999999995,0.045908000000000004,2.134671,0.572465,2.6729950000000002
14,0,1,1024,1,1,3,0,1,0,10,0.036198999999999995,3.0340575,0.5166774999999999,3.5782154999999998,0.043033,5.5759490000000005,0.56878,6.185549
14,0,1,1024,1,1,3,0,1,1,10,0.1138125,4.0860805,0.824182,5.0489865,0.154668,6.860595,1.2885220000000002,8.160679
14,0,1,1024,1,1,3,0,1,2,10,0.039302500000000004,2.2578825,0.406074,2.6891685,0.046228,4.188692,0.58279,4.640318
15,0,1,512,0,1,3,0,1,0,10,0.0407605,2.458058,0.4997775,3.0196315,0.066548,2.60921,0.583691,3.231289
15,0,1,512,0,1,3,0,1,1,10,0.088155,3.722389,0.583276,4.8600305,0.156281,5.802554,2.971175,6.2881409999999995
15,0,1,512,0,1,3,0,1,2,10,0.039402999999999994,2.2097165,0.5132825,2.8546679999999998,0.074119,4.3689979999999995,1.046134,5.050514
16,0,1,512,2,1,3,0,1,0,10,0.034210500000000005,2.608595,0.5342085,3.178321,0.050184,2.844448,0.60284,3.396974
16,0,1,512,2,1,3,0,1,1,10,0.0382565,2.2869555000000004,0.48000849999999995,2.8501015,0.122801,4.509291,0.804888,4.629919
16,0,1,512,2,1,3,0,1,2,10,0.03472600000000001,2.2619125,0.4630335,2.7404145,0.062211,2.5438650000000003,1.166261,3.751617
17,0,1,512,1,0,3,0,1,0,10,0.040866,2.5822060000000002,0.503638,3.118943,0.058647000000000005,2.64979,0.57612,3.250588
17,0,1,512,1,0,3,0,1,1,10,0.045412,2.3936875000000004,0.452052,2.8814175,0.068792,5.654956,0.616325,5.739561
17,0,1,512,1,0,3,0,1,2,10,0.0335395,2.3135494999999997,0.4561235,2.8359605,0.042933,7.440651000000001,0.600216,8.069460000000001
18,0,1,512,1,2,3,0,1,0,10,0.039653499999999994,2.5769634999999997,0.496633,3.129904,0.048982,2.810228,0.554429,3.3886010000000004
18,0,1,512,1,2,3,0,1,1,10,0.10392850000000001,3.7973045,0.8827929999999999,4.667125,0.160807,7.362001,2.9717860000000003,10.004259999999999
18,0,1,512,1,2,3,0,1,2,10,0.0362435,2.5073704999999995,0.4690725,3.0558,0.054701,4.778931999999999,0.597292,5.270538
19,0,1,512,1,1,1,0,1,0,10,0.039207500000000006,2.2371365,0.5211094999999999,2.763779,0.089112,2.469364,0.554218,2.884668
19,0,1,512,1,1,1,0,1,1,10,0.0374855,2.1949345,0.5519995,2.895989,0.052327000000000005,3.0490410000000003,1.7596269999999998,3.947946
19,0,1,512,1,1,1,0,1,2,10,0.042957999999999996,1.8061555,0.4650615,2.336929,0.049783,2.006712,0.5729150000000001,2.5083420000000003
20,0,1,512,1,1,5,0,1,0,10,0.035678,3.3292935,0.5319855,3.9164909999999997,0.055442000000000005,3.544161,0.572375,4.113130000000001
20,0,1,512,1,1,5,0,1,1,10,0.030134,3.4555005000000003,0.531184,4.218501,0.08573599999999999,3.9544819999999996,1.5340040000000001,5.039127
20,0,1,512,1,1,5,0,1,2,10,0.0368845,3.1694380000000004,0.482397,3.7229595,0.066568,4.795207,0.9470280000000001,5.284129
21,0,1,512,1,1,3,0,0,0,10,0.026414,1.2212224999999999,0.5149595,1.753378,0.04051,1.318987,0.8939100000000001,2.2094110000000002
21,0,1,512,1,1,3,0,0,1,10,0.029894,1.2784265000000001,0.53175,1.84305,0.092347,2.519518,0.567077,3.088168
21,0,1,512,1,1,3,0,0,2,10,0.026649,1.2305715,0.48742399999999997,1.701416,0.037736,1.65332,0.7911170000000001,2.1439150000000002
22,0,1,512,1,1,3,1,1,0,10,0.030605,1.9420359999999999,0.493699,2.497221,0.057595,2.999958,0.625954,3.5083789999999997
22,0,1,512,1,1,3,1,1,1,10,0.029604,2.0033165,0.48793549999999997,2.5959515,0.045688,3.135648,0.65025,3.790344
22,0,1,512,1,1,3,1,1,2,10,0.0324025,1.8314275,0.48324900000000004,2.3651910000000003,0.043685,2.168911,0.637401,2.662219
23,0,1,512,1,1,3,2,1,0,10,0.035973000000000005,2.481698,0.5452695,3.071002,0.05104499999999999,3.4060370000000004,0.560617,3.99135
23,0,1,512,1,1,3,2,1,1,10,0.0276155,2.6283135,0.515896,3.152172,0.038116,3.618321,0.629929,4.273447
23,0,1,512,1,1,3,2,1,2,10,0.0430985,2.4400260000000005,0.517514,3.006362,0.059628,2.867181,0.617792,3.447988
24,1,0,512,1,1,3,0,1,0,10,0.042567999999999995,2.249866,0.4290235,2.6890135,0.072877,2.70338,1.1865409999999998,3.538843
24,1,0,512,1,1,3,0,1,1,10,0.0335095,2.3978390000000003,0.47325300000000003,3.1149825,0.046859,3.342924,0.868261,3.826467
24,1,0,512,1,1,3,0,1,2,10,0.049793500000000004,2.7737534999999998,0.5491254999999999,3.381415,0.066068,5.000134,1.267421,6.207967
25,1,0,256,1,1,3,0,1,0,10,0.038887000000000005,2.4968855000000003,0.47381950000000006,3.178396,0.074059,5.1276280000000005,0.672382,5.552745000000001
25,1,0,256,1,1,3,0,1,1,10,0.037110000000000004,2.7516315000000002,0.43955900000000003,3.033788,0.063944,2.992035,0.851888,3.649527
25,1,0,256,1,1,3,0,1,2,10,0.045727500000000004,2.3628725,0.43404550000000003,2.9366565,0.055282,3.211895,1.618454,3.9260400000000004
26,1,0,1024,1,1,3,0,1,0,10,0.050009,2.7232795,0.4764335,3.267858,0.064525,4.927888,0.599996,5.583376
26,1,0,1024,1,1,3,0,1,1,10,0.058947,3.5723625,0.6025039999999999,4.242742,0.11237599999999999,9.995293,3.7058899999999997,10.708055
26,1,0,1024,1,1,3,0,1,2,10,0.08362800000000001,4.0578095,0.48909699999999995,4.706892,0.403265,5.988023,0.884966,6.831808
27,1,0,512,0,1,3,0,1,0,10,0.063804,3.0509174999999997,0.49356849999999997,3.8902765,0.097564,5.859007999999999,1.123558,5.975409
27,1,0,512,0,1,3,0,1,1,10,0.036664,2.3854455000000003,0.5006189999999999,3.0027915,0.115801,9.331622,0.951274,10.19029
27,1,0,512,0,1,3,0,1,2,10,0.042337,2.506905,0.427701,2.927951,0.069142,5.371898,1.563388,6.976477
28,1,0,512,2,1,3,0,1,0,10,0.0449165,3.1033155,0.566496,3.668424,0.090373,5.9569469999999995,0.711325,6.672473
28,1,0,512,2,1,3,0,1,1,10,0.065472,2.881418,0.486498,3.6384155,0.12348200000000001,6.314199,0.8157340000000001,6.925902000000001
28,1,0,512,2,1,3,0,1,2,10,0.049298,3.000749,0.543071,3.955688,0.148649,6.198228,4.137146,10.405978
29,1,0,512,1,0,3,0,1,0,10,0.03442049999999999,2.5794820000000005,0.46889749999999997,3.1015805,0.041430999999999996,3.4339280000000003,0.6028300000000001,3.981416
29,1,0,512,1,0,3,0,1,1,10,0.0362335,2.1158575,0.380151,2.5395925000000004,0.047319,2.482814,0.394913,2.769953
29,1,0,512,1,0,3,0,1,2,10,0.0376205,2.7716760000000003,0.571303,3.4198924999999996,0.06901199999999999,2.9310460000000003,0.655728,3.605351
30,1,0,512,1,2,3,0,1,0,10,0.034081,2.6371175,0.485582,3.186883,0.07165600000000001,5.124078,0.846149,5.773697
30,1,0,512,1,2,3,0,1,1,10,0.035512,2.1881895,0.405929,2.62877,0.044456,5.434872,2.173598,5.48102
30,1,0,512,1,2,3,0,1,2,10,0.0369695,2.3759265000000003,0.5003285,3.0406649999999997,0.10971199999999999,2.795846,0.9570829999999999,3.390724
31,1,0,512,1,1,1,0,1,0,10,0.0348515,1.9920795,0.4761125,2.5022580000000003,0.08856,3.04523,0.5345289999999999,3.569404
31,1,0,512,1,1,1,0,1,1,10,0.037385,1.7093975000000001,0.4196045,2.136934,0.050945000000000004,2.6522550000000003,0.60942,3.1392830000000003
31,1,0,512,1,1,1,0,1,2,10,0.042448,1.8686435000000001,0.43030999999999997,2.3468989999999996,0.073448,3.4090219999999998,1.390482,3.698809
32,1,0,512,1,1,5,0,1,0,10,0.036338499999999996,3.3430245000000003,0.48057400000000006,3.9545515000000004,0.103854,4.522971,0.665753,5.022988
32,1,0,512,1,1,5,0,1,1,10,0.0383165,2.9830274999999995,0.4130645,3.4791895000000004,0.043874,3.836833,1.3080450000000001,4.326456
32,1,0,512,1,1,5,0,1,2,10,0.030790500000000002,2.9810144999999997,0.465342,3.501588,0.04046,4.744011,1.722622,5.724588
33,1,0,512,1,1,3,0,0,0,10,0.027005,1.297565,0.5307135,1.8579825,0.038437,1.831954,0.632043,2.3372
33,1,0,512,1,1,3,0,0,1,10,0.0331935,1.163297,0.44410550000000004,1.7346305000000002,0.050024,2.9568939999999997,0.9183760000000001,3.4876579999999997
33,1,0,512,1,1,3,0,0,2,10,0.03381,1.037722,0.492326,1.5730865,0.102381,2.808465,4.166019,6.754334
34,1,0,512,1,1,3,1,1,0,10,0.0396785,2.136934,0.48891149999999994,2.5811995000000003,0.460079,2.553849,0.641267,3.096009
34,1,0,512,1,1,3,1,1,1,10,0.033089,1.745186,0.419609,2.1768875000000003,0.049153,5.041581,0.935481,5.48855
34,1,0,512,1,1,3,1,1,2,10,0.029984,1.6916120000000001,0.415528,2.1577295,0.086147,2.470682,1.180181,3.6781930000000003
35,1,0,512,1,1,3,2,1,0,10,0.030450500000000002,2.7596024999999997,0.5016955,3.2800105000000004,0.099386,3.280472,0.7236779999999999,4.034345
35,1,0,512,1,1,3,2,1,1,10,0.036258,2.1968075000000002,0.4191785,2.7160234999999995,0.06168099999999999,3.078399,0.720173,3.565607
35,1,0,512,1,1,3,2,1,2,10,0.045797500000000005,2.4160355,0.4682215,2.9613455,0.065376,4.556254,0.548861,5.1451839999999995
36,1,1,512,1,1,3,0,1,0,10,0.05074000000000001,2.7005454999999996,0.471166,3.2561055,0.107249,3.192837,0.6112920000000001,3.753174
36,1,1,512,1,1,3,0,1,1,10,0.0468545,3.290356,0.559741,4.248222500000001,0.084665,5.337147000000001,1.5978489999999999,5.951093999999999
36,1,1,512,1,1,3,0,1,2,10,0.058211,3.2388355,0.5497160000000001,4.100594,0.093107,4.920202000000001,1.088511,5.7654689999999995
37,1,1,256,1,1,3,0,1,0,10,0.036674,2.6987735,0.4868535,3.2430865,0.046438,4.792142999999999,0.687194,5.2711
37,1,1,256,1,1,3,0,1,1,10,0.067164,4.352729,0.6392935,5.0527025000000005,0.08468500000000001,6.0768439999999995,1.2759530000000001,7.343043
37,1,1,256,1,1,3,0,1,2,10,0.0456875,2.401059,0.6920565,3.2001985,0.077824,4.805533,1.147003,5.706071
38,1,1,1024,1,1,3,0,1,0,10,0.0593325,4.531974,0.7366675,5.960808,0.084425,7.272924,2.975387,8.154325
38,1,1,1024,1,1,3,0,1,1,10,0.039859,2.7447705,0.508661,3.3034809999999997,0.090514,6.665869,0.6560980000000001,7.365391
38,1,1,1024,1,1,3,0,1,2,10,0.032463000000000006,3.390429,0.5695600000000001,3.9907295,0.04079,4.913851999999999,0.7675829999999999,5.710388
39,1,1,512,0,1,3,0,1,0,10,0.047325,3.3499545,0.806325,4.204646,0.35247,20.948488,6.880826,28.181784
39,1,1,512,0,1,3,0,1,1,10,0.037159500000000005,3.328633,0.5793999999999999,4.804416,0.093508,6.296007,2.9801290000000003,6.957118
39,1,1,512,0,1,3,0,1,2,10,0.038672,2.7523470000000003,0.5071384999999999,3.1925345,0.051326000000000004,4.65449,1.119492,5.250559999999999
40,1,1,512,2,1,3,0,1,0,10,0.04424,4.288765,0.549506,4.84462,0.099887,12.474992,1.3350199999999999,13.69331
40,1,1,512,2,1,3,0,1,1,10,0.0368995,2.7703935,0.5457605,3.5820559999999997,0.042203000000000004,5.392087999999999,1.709323,5.94203
40,1,1,512,2,1,3,0,1,2,10,0.033204,2.4914975,0.508721,3.093741,0.045617,4.439011,1.469439,5.367661999999999
41,1,1,512,1,0,3,0,1,0,10,0.051501,3.762233,0.5532765,4.555237999999999,0.12226000000000001,5.956261,0.738019,6.367468000000001
41,1,1,512,1,0,3,0,1,1,10,0.0411555,2.7563025,0.4841395,3.4292955000000003,0.09853600000000001,3.816573,1.749532,5.153195999999999
41,1,1,512,1,0,3,0,1,2,10,0.0292185,2.3595474999999997,0.4813305,2.892755,0.057345,2.5017020000000003,0.518325,3.04223
42,1,1,512,1,2,3,0,1,0,10,0.041125499999999995,2.8789545,0.57933,3.5298475,0.053219,3.9222390000000003,0.9797460000000001,4.596154
42,1,1,512,1,2,3,0,1,1,10,0.0701885,4.2103589999999995,0.6719265,5.820686,0.115881,6.014968,5.717168,10.175597999999999
42,1,1,512,1,2,3,0,1,2,10,0.0340155,2.380969,0.4667785,2.8861339999999998,0.049303,2.957495,0.49313700000000005,3.440057
43,1,1,512,1,1,1,0,1,0,10,0.06784500000000002,3.6022365,0.606735,4.002572499999999,0.105746,6.075837,0.84712,6.9432469999999995
43,1,1,512,1,1,1,0,1,1,10,0.037886,2.1463675,0.464916,2.451218,0.078706,7.481832,0.6457229999999999,7.6320939999999995
43,1,1,512,1,1,1,0,1,2,10,0.042707999999999996,2.1426225,0.4763275,2.673997,0.085276,3.560626,3.6926390000000002,7.3105590000000005
44,1,1,512,1,1,5,0,1,0,10,0.0708645,4.2212855000000005,0.5966555,4.920838,0.100839,6.520423,1.632489,8.253751
44,1,1,512,1,1,5,0,1,1,10,0.052984,4.666562000000001,0.6572745,6.313764,0.069423,7.762837,2.110916,8.310846
44,1,1,512,1,1,5,0,1,2,10,0.0374205,3.147891,0.4194795,3.6120665,0.090293,3.546274,0.560247,4.154531
45,1,1,512,1,1,3,0,0,0,10,0.0344355,1.4018834999999998,0.5103435000000001,1.980718,0.061992,3.0511929999999996,0.7484040000000001,3.747581
45,1,1,512,1,1,3,0,0,1,10,0.0265745,1.7687605,0.5914975,2.4703565000000003,0.04747,5.775624,0.9221210000000001,6.4750570000000005
45,1,1,512,1,1,3,0,0,2,10,0.0276005,1.142061,0.427516,1.589536,0.052638,2.31736,0.754744,2.756679
46,1,1,512,1,1,3,1,1,0,10,0.0485965,2.9670765,0.5985235,4.6465075,0.09829500000000001,7.092548,1.9846489999999999,7.5084729999999995
46,1,1,512,1,1,3,1,1,1,10,0.04095,2.960264,0.622819,3.7254335,0.086989,4.473307,1.638839,5.358749
46,1,1,512,1,1,3,1,1,2,10,0.032984,1.9772385,0.475422,2.4852835,0.053579,2.094791,0.670329,2.6840409999999997
47,1,1,512,1,1,3,2,1,0,10,0.050529,3.5275665,0.570006,4.537402,0.095962,5.314830000000001,2.343078,6.19662
47,1,1,512,1,1,3,2,1,1,10,0.036283499999999996,2.41866,0.5069405,2.9586915,0.049493,5.793951000000001,0.997162,6.350237
47,1,1,512,1,1,3,2,1,2,10,0.038446999999999995,2.5727365,0.4408205,2.986515,0.05447,3.9464900000000003,1.0184630000000001,4.629568
