camera,debug,flags,repeat,sample,cpu_encode_ms,cpu_submit_ms,native_queue_wait_ms,native_queue_completion_wall_ms
0,0,7,0,0,0.099547,21.847421999999998,1.025183,22.972151999999998
0,0,7,0,1,0.105515,18.235172000000002,0.004606,18.345292999999998
0,0,7,0,2,0.442002,13.309792000000002,1.0107320000000002,14.762526
0,0,7,0,3,0.11582100000000001,12.893258,0.750357,13.759435999999999
0,0,7,0,4,0.09441999999999999,12.504153,0.829614,13.428187
0,0,7,0,5,0.090964,17.341182,2.033992,19.466138
0,0,7,0,6,0.101259,24.802503,1.180327,26.084089000000002
0,0,7,0,7,0.383786,14.793723,0.72516,15.902669000000001
0,0,7,0,8,0.094569,14.123173,0.622088,14.83983
0,0,7,0,9,0.091335,15.97826,0.003656,16.073251
0,0,7,1,0,0.095231,14.658902999999999,1.24975,16.003884
0,0,7,1,1,0.109531,16.999598000000002,0.023825,17.132953999999998
0,0,7,1,2,0.102241,21.19565,0.025217,21.323108
0,0,7,1,3,0.114589,16.956834,0.8603299999999999,17.931753
0,0,7,1,4,0.100879,16.090336,0.670329,16.861544
0,0,7,1,5,0.107999,21.796557,0.775415,22.679971000000002
0,0,7,1,6,0.103683,33.379771000000005,7.417466999999999,40.900921
0,0,7,1,7,0.132616,32.081856,0.9985440000000001,33.213015999999996
0,0,7,1,8,0.119737,45.215328,0.07681299999999999,45.411878
0,0,7,1,9,0.12874,33.378969,0.071045,33.578754
0,0,7,2,0,0.124143,37.330081,1.039845,38.494068999999996
0,0,7,2,1,0.120047,38.564862999999995,0.9789749999999999,39.663885
0,0,7,2,2,0.125886,23.414264,2.0382379999999998,25.578388
0,0,7,2,3,0.139336,20.092481,4.488675,24.720492
0,0,7,2,4,0.101119,16.313834999999997,0.0037560000000000002,16.41871
0,0,7,2,5,0.093638,11.912370000000001,0.75862,12.764628
0,0,7,2,6,0.106357,13.127884,0.961038,14.195279
0,0,7,2,7,0.10969200000000001,18.267038,1.266259,19.642989
0,0,7,2,8,0.180417,12.46817,0.838267,13.486854
0,0,7,2,9,0.10202,12.465767000000001,0.753432,13.321219000000001
0,1,7,0,0,0.107208,12.29156,1.1920789999999999,13.590847
0,1,7,0,1,0.103162,17.26547,0.859348,18.227980000000002
0,1,7,0,2,0.101079,12.856884,0.087819,13.045782
0,1,7,0,3,0.107138,14.788704999999998,1.191959,16.087802
0,1,7,0,4,0.111345,14.308566,0.04086,14.460771000000001
0,1,7,0,5,0.113878,13.969917,1.987072,16.070867
0,1,7,0,6,0.112977,13.066243,0.8006909999999999,13.979911
0,1,7,0,7,0.093068,14.274155,0.7789999999999999,15.146223
0,1,7,0,8,0.091515,16.932969,1.397232,18.421716
0,1,7,0,9,0.091886,12.805258,0.820611,13.717755
0,1,7,1,0,0.09340799999999999,13.292377,0.720533,14.106318
0,1,7,1,1,0.09322699999999999,16.133580000000002,1.187272,17.414078999999997
0,1,7,1,2,0.09278700000000001,15.149437,0.00675,15.248974
0,1,7,1,3,0.089322,13.115786,0.767092,13.9722
0,1,7,1,4,0.087439,12.611132000000001,0.6467040000000001,13.345275
0,1,7,1,5,0.086137,15.032005,0.053258,15.1714
0,1,7,1,6,0.107699,12.707934,0.047781000000000004,12.863414
0,1,7,1,7,0.1014,11.885509,0.020210000000000002,12.007119
0,1,7,1,8,0.08784900000000001,20.224857999999998,2.325612,22.638319
0,1,7,1,9,0.095741,21.914882,4.4154659999999994,26.426089
0,1,7,2,0,0.129552,13.449929,1.299488,14.878969000000001
0,1,7,2,1,0.104514,11.379544000000001,0.023234,11.507292000000001
0,1,7,2,2,0.097113,11.487382,1.105922,12.690417
0,1,7,2,3,0.156561,10.508749,0.629739,11.295049
0,1,7,2,4,0.095992,14.373482,0.626525,15.095999
0,1,7,2,5,0.11319699999999999,11.834505,0.890635,12.838337
0,1,7,2,6,0.107299,10.518763,0.576831,11.202893
0,1,7,2,7,0.100168,10.430193000000001,0.581238,11.111599
0,1,7,2,8,0.103963,10.186553,0.728135,11.018651
0,1,7,2,9,0.097113,10.250297999999999,0.64379,10.991201
0,2,7,0,0,0.10800900000000001,14.129792,0.525266,14.763067
0,2,7,0,1,0.105475,9.820924,0.445257,10.371656
0,2,7,0,2,0.097113,16.343499,0.572385,17.012997
0,2,7,0,3,0.10171,10.537651,0.5216799999999999,11.161041
0,2,7,0,4,0.09527100000000001,11.471188999999999,0.51521,12.081669999999999
0,2,7,0,5,0.10880100000000001,10.986874,0.558654,11.654329
0,2,7,0,6,0.110743,11.183895,0.461611,11.756249
0,2,7,0,7,0.10750900000000001,10.145232,0.558625,10.811366
0,2,7,0,8,0.091154,9.773884,0.5502830000000001,10.415321
0,2,7,0,9,0.095581,11.198577,0.714834,12.008992
0,2,7,1,0,0.110263,15.412225,0.737308,16.259796
0,2,7,1,1,0.107248,19.295766999999998,0.5983930000000001,20.001407999999998
0,2,7,1,2,0.116853,13.107683999999999,0.59639,13.820927000000001
0,2,7,1,3,0.12747799999999998,10.763484,0.5912130000000001,11.482175000000002
0,2,7,1,4,0.105085,11.415376,0.6781410000000001,12.198602
0,2,7,1,5,0.102732,11.343300000000001,0.578043,12.024075
0,2,7,1,6,0.10799,10.053937000000001,0.5247649999999999,10.686691999999999
0,2,7,1,7,0.103642,10.659922,0.545725,11.309289
0,2,7,1,8,0.102061,9.874723,0.8199700000000001,10.796754
0,2,7,1,9,0.097634,10.700902,0.5095419999999999,11.308077999999998
0,2,7,2,0,0.10789,13.350712000000001,0.9351900000000001,14.393792000000001
0,2,7,2,1,0.103492,13.898001,0.90151,14.903003
0,2,7,2,2,0.10953199999999999,10.774441,0.590471,11.474444
0,2,7,2,3,0.11167500000000001,12.567237,0.573456,13.252368
0,2,7,2,4,0.122421,26.638713000000003,1.02995,27.791084
0,2,7,2,5,0.121088,35.514551999999995,4.486922,40.122562
0,2,7,2,6,0.12910100000000002,27.899794,0.6944440000000001,28.723339
0,2,7,2,7,0.12367199999999999,22.789302,0.638372,23.551346000000002
0,2,7,2,8,0.119686,42.980709999999995,0.734775,43.835171
0,2,7,2,9,0.152065,35.238754,4.603534000000001,39.994353000000004
0,3,7,0,0,0.092717,23.915464,1.140914,25.149095
0,3,7,0,1,0.095791,13.323442,0.0037459999999999998,13.422979
0,3,7,0,2,0.094009,13.796931,0.649208,14.540147999999999
0,3,7,0,3,0.092407,13.400386000000001,0.734033,14.226825999999999
0,3,7,0,4,0.093207,11.940272,0.8486319999999999,12.882111
0,3,7,0,5,0.091785,20.597207,0.044195,20.733187
0,3,7,0,6,0.093418,10.420888999999999,0.607196,11.121502999999999
0,3,7,0,7,0.08933200000000001,11.045601,0.021111,11.156044
0,3,7,0,8,0.093949,13.751114,0.045156,13.890219
0,3,7,0,9,0.09882500000000001,14.356663000000001,0.747864,15.203352
0,3,7,1,0,0.091656,14.872078,0.005107,14.968841
0,3,7,1,1,0.111404,20.356001,0.7098869999999999,21.177292
0,3,7,1,2,0.12820900000000002,13.444761,0.025658,13.598628
0,3,7,1,3,0.11285600000000001,13.417731999999999,0.620045,14.150633
0,3,7,1,4,0.114879,12.406319,0.5293910000000001,13.050589
0,3,7,1,5,0.10584700000000001,12.401271,0.529912,13.03703
0,3,7,1,6,0.10786899999999999,12.688635999999999,0.551654,13.348159
0,3,7,1,7,0.138665,15.331155,0.582229,16.052049
0,3,7,1,8,0.11287599999999999,13.82958,0.043994,13.98645
0,3,7,1,9,0.114178,12.763847,0.5881280000000001,13.466153
0,3,7,2,0,0.11491,13.283814,0.6308509999999999,14.029575000000001
0,3,7,2,1,0.110814,11.827024,0.621667,12.559505
0,3,7,2,2,0.10930100000000001,17.344998,0.6591229999999999,18.113422
0,3,7,2,3,0.10654699999999999,13.503578000000001,0.004547,13.614671999999999
0,3,7,2,4,0.10506499999999999,10.212331,0.486378,10.803774
0,3,7,2,5,0.089361,18.528544,0.698241,19.316146
0,3,7,2,6,0.099968,11.29619,1.191303,12.587461
0,3,7,2,7,0.09320800000000001,10.084177,0.548009,10.725394
0,3,7,2,8,0.093388,10.269175,0.49704299999999996,10.859606000000001
0,3,7,2,9,0.09022300000000001,16.361436,0.611262,17.062921000000003
0,4,7,0,0,0.097735,11.802908,2.171985,14.072628
0,4,7,0,1,0.11433900000000001,12.016073,0.605483,12.735895000000001
0,4,7,0,2,0.10847,11.296251,0.626224,12.030945
0,4,7,0,3,0.114379,10.684678,0.564743,11.3638
0,4,7,0,4,0.113628,11.875886000000001,0.572955,12.562469
0,4,7,0,5,0.102331,11.27523,0.586696,11.964257
0,4,7,0,6,0.103402,10.118172999999999,0.571203,10.792778
0,4,7,0,7,0.105586,15.555466000000001,0.057886,15.718937999999998
0,4,7,0,8,0.14105800000000002,15.498913,0.767633,16.407604
0,4,7,0,9,0.12095800000000001,15.461212999999999,0.711009,16.29318
0,4,7,1,0,0.09193599999999999,22.906334,1.2890620000000002,24.287332
0,4,7,1,1,0.113066,10.636848,0.706163,11.456077
0,4,7,1,2,0.125785,17.006117,0.088451,17.220353
0,4,7,1,3,0.102211,15.771395,1.032073,16.905679
0,4,7,1,4,0.10953199999999999,16.582703000000002,0.6776300000000001,17.369865
0,4,7,1,5,0.090553,17.645851,0.6722969999999999,18.408701
0,4,7,1,6,0.10517599999999999,10.837674,0.605008,11.547858
0,4,7,1,7,0.09855599999999999,15.651739000000001,0.637981,16.388276
0,4,7,1,8,0.091425,18.629192,0.622939,19.343556000000003
0,4,7,1,9,0.089903,13.854646,0.69778,14.642329
0,4,7,2,0,0.089382,17.352778999999998,0.760062,18.202223
0,4,7,2,1,0.14565499999999998,18.361468,0.661656,19.168779
0,4,7,2,2,0.089072,25.429999,0.814702,26.333773
0,4,7,2,3,0.09805399999999999,14.988861,0.96897,16.055885
0,4,7,2,4,0.094179,23.230313,0.751038,24.07553
0,4,7,2,5,0.0953,18.046543000000003,0.737108,18.878951
0,4,7,2,6,0.089212,15.827307,1.20627,17.122789
0,4,7,2,7,0.155009,26.427481,0.802554,27.385044
0,4,7,2,8,0.091075,14.070124,0.733152,14.894351
0,4,7,2,9,0.085286,13.177868,0.726361,13.989514999999999
0,0,6,0,0,0.129911,19.294165,0.68485,20.108926
0,0,6,0,1,0.127318,31.918504,0.647776,32.693597999999994
0,0,6,0,2,0.333783,13.249313,0.029804,13.612900000000002
0,0,6,0,3,0.14355199999999999,14.885999,0.685581,15.715132
0,0,6,0,4,0.115911,16.611033,0.645142,17.372086
0,0,6,0,5,0.09437000000000001,11.600019,0.695717,12.390106
0,0,6,0,6,0.11190499999999999,13.601483,0.7976669999999999,14.511055
0,0,6,0,7,0.110774,13.846043,0.897515,14.854332
0,0,6,0,8,0.112997,14.260075,0.709937,15.083008999999999
0,0,6,0,9,0.114138,18.318694,0.86064,19.293471999999998
0,0,6,1,0,0.11491,14.605384,1.762261,16.482554999999998
0,0,6,1,1,0.11802499999999999,14.057746,0.6969390000000001,14.872710000000001
0,0,6,1,2,0.11246600000000001,14.571244,0.69809,15.3818
0,0,6,1,3,0.11179499999999999,17.887898,0.73197,18.731662999999998
0,0,6,1,4,0.112205,19.557272,0.637601,20.307078
0,0,6,1,5,0.094059,12.0518,0.71738,12.863239
0,0,6,1,6,0.095541,11.641119999999999,0.717098,12.453759
0,0,6,1,7,0.132576,13.525591,0.004126,13.662293
0,0,6,1,8,0.10883999999999999,13.570076,0.064155,13.743071
0,0,6,1,9,0.111845,14.240355999999998,0.669208,15.021409
0,0,6,2,0,0.116242,18.93232,1.1679329999999999,20.216495000000002
0,0,6,2,1,0.097504,26.732111,4.184024,31.013638999999998
0,0,6,2,2,0.105817,23.543655,0.594377,24.243849
0,0,6,2,3,0.10804899999999999,19.492462,0.6575300000000001,20.258041000000002
0,0,6,2,4,0.120327,23.194200000000002,0.82677,24.141296999999998
0,0,6,2,5,0.285181,20.630556000000002,0.004136,20.919873
0,0,6,2,6,0.124504,16.130855,0.7910280000000001,17.046387
0,0,6,2,7,0.116372,18.664034,1.0625879999999999,19.842994
0,0,6,2,8,0.09357800000000001,12.201777,0.830937,13.126292
0,0,6,2,9,0.149551,15.793932,1.561174,17.504656999999998
0,0,5,0,0,0.114139,17.460027,4.469195,22.043361
0,0,5,0,1,0.122771,28.904587,0.004216,29.031574000000003
0,0,5,0,2,0.11527,24.617739999999998,0.942791,25.675801
0,0,5,0,3,0.115801,25.305816,1.493984,26.915601000000002
0,0,5,0,4,0.09843500000000001,15.148075,0.932065,16.178575000000002
0,0,5,0,5,0.12415399999999999,14.540498000000001,1.135937,15.800589
0,0,5,0,6,0.09916699999999999,12.523862,0.003815,12.626844
0,0,5,0,7,0.093478,13.556316,0.56245,14.212244
0,0,5,0,8,0.113357,13.454506,0.627686,14.195549
0,0,5,0,9,0.091294,13.485933000000001,0.5984630000000001,14.17569
0,0,5,1,0,0.090314,9.999557,0.669709,10.75958
0,0,5,1,1,0.117083,13.176095,0.06277300000000001,13.355951
0,0,5,1,2,0.11383800000000001,15.133934,0.617411,15.865183000000002
0,0,5,1,3,0.115901,19.467169,2.776558,22.359628
0,0,5,1,4,0.12207,13.682782,0.5746990000000001,14.379551000000001
0,0,5,1,5,0.111454,15.550289,0.900579,16.562322
0,0,5,1,6,0.096082,14.537134,0.751238,15.384454
0,0,5,1,7,0.118104,14.531245,0.7136129999999999,15.362962000000001
0,0,5,1,8,0.12248099999999999,19.313312,0.708335,20.144128000000002
0,0,5,1,9,0.110873,24.599914000000002,0.7963659999999999,25.507153000000002
0,0,5,2,0,0.100168,16.060472,0.841031,17.001670999999998
0,0,5,2,1,0.111334,18.13284,0.998894,19.243067999999997
0,0,5,2,2,0.111023,25.414617,0.780532,26.306172
0,0,5,2,3,0.16404200000000002,19.978635,0.803315,20.945992
0,0,5,2,4,0.11812399999999999,18.379013999999998,0.968259,19.465397
0,0,5,2,5,0.104855,13.484720000000001,0.855152,14.444726999999999
0,0,5,2,6,0.102291,10.965242,0.757889,11.825422
0,0,5,2,7,0.090473,12.671972,0.722406,13.484851
0,0,5,2,8,0.099066,12.992635,0.671551,13.763252
0,0,5,2,9,0.10134,12.471715,0.701075,13.27413
0,0,3,0,0,0.16966099999999998,13.986561,0.6195740000000001,14.775796000000001
0,0,3,0,1,0.107849,14.058938,0.639614,14.806401000000001
0,0,3,0,2,0.106337,16.374495,0.606625,17.087457
0,0,3,0,3,0.104213,12.960958,0.560317,13.625488
0,0,3,0,4,0.09496,15.503670000000001,0.003626,15.602256
0,0,3,0,5,0.093938,9.847513000000001,0.551314,10.492764999999999
0,0,3,0,6,0.109472,20.000726999999998,0.687084,20.797283
0,0,3,0,7,0.09458000000000001,15.909599,0.558925,16.563104
0,0,3,0,8,0.093989,13.74849,0.698641,14.54112
0,0,3,0,9,0.092817,14.047410999999999,0.634637,14.774865
0,0,3,1,0,0.110613,16.885876,4.522704,21.519192999999998
0,0,3,1,1,0.099437,21.235719,0.7148950000000001,22.050051
0,0,3,1,2,0.091555,23.046608,2.075643,25.213805999999998
0,0,3,1,3,0.095181,20.733088,2.628158,23.456426999999998
0,0,3,1,4,0.10470499999999999,12.855432,0.6935939999999999,13.653731
0,0,3,1,5,0.110664,14.231413,0.726562,15.068639
0,0,3,1,6,0.112947,13.232427999999999,0.634486,13.979861
0,0,3,1,7,0.08339300000000001,16.513931999999997,0.752831,17.350156
0,0,3,1,8,0.12325199999999999,17.955018,0.770698,18.848968
0,0,3,1,9,0.15049200000000001,16.246777,0.8472,17.244469
0,0,3,2,0,0.105295,23.858621,0.684991,24.648907
0,0,3,2,1,0.107829,16.072861,0.651351,16.832041
0,0,3,2,2,0.10042799999999999,14.078437,0.6073959999999999,14.786261
0,0,3,2,3,0.11197499999999999,12.055411,0.815184,12.98257
0,0,3,2,4,0.09458000000000001,12.683598,0.060739999999999995,12.838918
0,0,3,2,5,0.08886200000000001,12.530272,0.645232,13.264365999999999
0,0,3,2,6,0.08687800000000001,14.139807000000001,0.950913,15.177598
0,0,3,2,7,0.100468,16.038249,0.039328,16.178044999999997
0,0,3,2,8,0.12179,16.128883000000002,0.565805,16.816478
0,0,3,2,9,0.087819,13.950478,0.5976119999999999,14.635909000000002
1,0,7,0,0,0.08531599999999999,16.938398,0.648567,17.672281
1,0,7,0,1,0.088912,16.054482,0.72477,16.868164
1,0,7,0,2,0.090324,16.577023999999998,0.6663640000000001,17.333712000000002
1,0,7,0,3,0.102351,13.142396000000002,0.698501,13.943248
1,0,7,0,4,0.09865499999999999,24.677519,0.713353,25.489527000000002
1,0,7,0,5,0.104124,18.069086000000002,0.080559,18.253769
1,0,7,0,6,0.097063,14.788625,0.9005989999999999,15.786287
1,0,7,0,7,0.094559,14.172326,0.7739119999999999,15.040797
1,0,7,0,8,0.089942,13.567954,0.702507,14.360403000000002
1,0,7,0,9,0.097865,14.662108,0.935881,15.695853999999999
1,0,7,1,0,0.087309,15.682143,3.4951790000000003,19.264631
1,0,7,1,1,0.140157,16.453832000000002,0.698471,17.29246
1,0,7,1,2,0.093638,19.044866,0.770938,19.909442
1,0,7,1,3,0.094249,15.967345000000002,0.7653490000000001,16.826943
1,0,7,1,4,0.114969,14.312994000000002,0.7592,15.187163
1,0,7,1,5,0.089292,14.035143,4.838761,18.963196
1,0,7,1,6,0.10109900000000001,16.382197,0.7419749999999999,17.225271
1,0,7,1,7,0.09488,20.092527999999998,0.745916,20.933324
1,0,7,1,8,0.09370899999999999,16.597113,5.040279,21.731101
1,0,7,1,9,0.104434,34.275714,0.816765,35.196913
1,0,7,2,0,0.09646199999999999,15.99086,0.762435,16.849757
1,0,7,2,1,0.096372,16.331081,0.651642,17.079095
1,0,7,2,2,0.145465,19.187396,0.871552,20.204413000000002
1,0,7,2,3,0.099286,22.234955,0.9026219999999999,23.236863
1,0,7,2,4,0.101871,14.733448,0.747834,15.583153000000001
1,0,7,2,5,0.102742,14.343929,0.686663,15.133334
1,0,7,2,6,0.090323,13.216555,0.6751459999999999,13.982024
1,0,7,2,7,0.092286,13.872814,1.045553,15.010653000000001
1,0,7,2,8,0.078736,17.080728,0.059117,17.218581
1,0,7,2,9,0.106888,17.402002,0.023525,17.532415
1,1,7,0,0,0.07716300000000001,17.113797,0.682277,17.873237
1,1,7,0,1,0.089923,11.902104999999999,0.73858,12.730607999999998
1,1,7,0,2,0.087829,13.775981,0.619784,14.483594
1,1,7,0,3,0.096112,21.080125000000002,0.0041459999999999995,21.180383
1,1,7,0,4,0.113567,14.591344,0.7052710000000001,15.410181999999999
1,1,7,0,5,0.07947699999999999,12.107688,0.718731,12.905896
1,1,7,0,6,0.065667,13.373266,1.020286,14.459219000000001
1,1,7,0,7,0.06640800000000001,12.207279999999999,0.66411,12.937798
1,1,7,0,8,0.068271,12.870835000000001,0.684681,13.623787
1,1,7,0,9,0.066548,14.001013,4.58084,18.648401
1,1,7,1,0,0.081831,11.300938,0.567407,11.950175999999999
1,1,7,1,1,0.082291,20.336203,0.6003160000000001,21.01881
1,1,7,1,2,0.090013,11.216963999999999,0.055340999999999994,11.362318
1,1,7,1,3,0.08526600000000001,10.896871,0.6051430000000001,11.58728
1,1,7,1,4,0.075983,10.765036,0.592785,11.433804
1,1,7,1,5,0.07545199999999999,11.145617999999999,0.6107410000000001,11.831811
1,1,7,1,6,0.07917700000000001,13.230065,0.474531,13.783773
1,1,7,1,7,0.07458,14.018213,0.058256,14.151049
1,1,7,1,8,0.086698,13.3149,0.01993,13.421528
1,1,7,1,9,0.097043,10.85561,0.6194339999999999,11.572087
1,1,7,2,0,0.08168,11.191627,0.630691,11.903998000000001
1,1,7,2,1,0.089462,11.74311,0.549161,12.381733
1,1,7,2,2,0.087379,20.077079,0.634036,20.798494
1,1,7,2,3,0.110543,12.840781000000002,0.852097,13.803421
1,1,7,2,4,0.098185,11.360486,0.5302020000000001,11.988873
1,1,7,2,5,0.06959199999999999,11.47843,0.590511,12.138533
1,1,7,2,6,0.090604,11.10593,0.565614,11.762148
1,1,7,2,7,0.08964200000000001,11.967232,0.506938,12.563812
1,1,7,2,8,0.086037,11.773795,0.5714239999999999,12.431256
1,1,7,2,9,0.086908,20.650406,3.2073929999999997,23.944706999999998
1,2,7,0,0,0.096623,11.407354999999999,0.55588,12.059858
1,2,7,0,1,0.09024299999999999,11.493542000000001,0.58306,12.166845
1,2,7,0,2,0.08951200000000001,11.680157999999999,0.641947,12.411617
1,2,7,0,3,0.087148,11.825192,0.552235,12.464575
1,2,7,0,4,0.08293199999999999,15.243347,0.610541,15.93682
1,2,7,0,5,0.107989,11.453473,0.569751,12.131213
1,2,7,0,6,0.09012300000000001,11.147711,0.5498019999999999,11.787636000000001
1,2,7,0,7,0.088891,15.321151,0.6121139999999999,16.022156
1,2,7,0,8,0.105245,19.940838999999997,0.7058019999999999,20.751886
1,2,7,0,9,0.10851000000000001,11.336931,0.625744,12.071185
1,2,7,1,0,0.097984,11.988403,0.640135,12.726522000000001
1,2,7,1,1,0.090283,13.033555,0.622719,13.746557
1,2,7,1,2,0.102391,13.224878,0.60308,13.930349
1,2,7,1,3,0.083823,13.278236,0.5838920000000001,13.945950999999999
1,2,7,1,4,0.08054900000000001,12.526186,0.52839,13.135124999999999
1,2,7,1,5,0.110553,12.585914,0.540498,13.236965
1,2,7,1,6,0.092447,11.120832,0.526397,11.739676
1,2,7,1,7,0.102892,13.49152,0.581128,14.17554
1,2,7,1,8,0.09653300000000001,13.984999,0.5424199999999999,14.623952000000001
1,2,7,1,9,0.105606,20.928777,0.626625,21.661008
1,2,7,2,0,0.107669,19.784828,0.507329,20.399826
1,2,7,2,1,0.099257,13.891231000000001,0.5020410000000001,14.492529000000001
1,2,7,2,2,0.09419899999999999,11.433022,0.6161800000000001,12.143400999999999
1,2,7,2,3,0.08161,21.436756000000003,0.662388,22.180754
1,2,7,2,4,0.089432,13.010921999999999,0.638402,13.738756
1,2,7,2,5,0.07663299999999999,12.755415000000001,0.658081,13.490129
1,2,7,2,6,0.112035,13.494354999999999,0.801693,14.408083
1,2,7,2,7,0.06936200000000001,14.234327,0.494499,14.798188
1,2,7,2,8,0.07252700000000001,10.621095,0.473328,11.16695
1,2,7,2,9,0.075612,11.150656,0.5803470000000001,11.806614999999999
1,3,7,0,0,0.105826,16.399191000000002,4.321859,20.826876000000002
1,3,7,0,1,0.102481,13.167511999999999,0.5839219999999999,13.853914999999999
1,3,7,0,2,0.10171999999999999,11.140892,0.6874939999999999,11.930105999999999
1,3,7,0,3,0.07217699999999999,11.8992,0.608058,12.579435
1,3,7,0,4,0.082352,11.632095999999999,0.640906,12.355354
1,3,7,0,5,0.068902,12.959165,0.6410260000000001,13.669093
1,3,7,0,6,0.071135,11.989234,0.631051,12.69142
1,3,7,0,7,0.076864,13.282692,1.4099119999999998,14.769468
1,3,7,0,8,0.085156,12.568107,0.637061,13.290324
1,3,7,0,9,0.077134,12.491605,0.634416,13.203154999999999
1,3,7,1,0,0.07669300000000001,12.930993,1.528456,14.536142
1,3,7,1,1,0.075201,10.434199,0.564713,11.074113
1,3,7,1,2,0.06817000000000001,11.99353,0.523643,12.585343
1,3,7,1,3,0.069313,12.429793,0.557103,13.056208999999999
1,3,7,1,4,0.072938,12.256613,0.631472,12.961023
1,3,7,1,5,0.131154,18.758914,0.598904,19.488972
1,3,7,1,6,0.14218999999999998,13.113954000000001,0.536922,13.793066
1,3,7,1,7,0.097054,11.057363,0.593136,11.747553000000002
1,3,7,1,8,0.080509,11.105039000000001,0.699553,11.885101
1,3,7,1,9,0.078916,12.833219,0.605764,13.517899
1,3,7,2,0,0.073669,18.81712,0.552676,19.443465
1,3,7,2,1,0.090824,11.819794,0.607907,12.518525
1,3,7,2,2,0.073999,12.298430000000002,0.622008,12.994437
1,3,7,2,3,0.091715,10.865986,0.554879,11.51258
1,3,7,2,4,0.082522,13.241882,0.602198,13.926601999999999
1,3,7,2,5,0.07782499999999999,12.246153,0.5629810000000001,12.886959
1,3,7,2,6,0.079428,12.161127,0.5682489999999999,12.808804
1,3,7,2,7,0.077404,13.981123,0.572305,14.630832
1,3,7,2,8,0.08174,12.804357000000001,0.5337080000000001,13.419805
1,3,7,2,9,0.105075,18.573822,0.706682,19.385579
1,4,7,0,0,0.09923599999999999,12.482111,0.570201,13.151548
1,4,7,0,1,0.086328,18.892170999999998,0.607867,19.586366
1,4,7,0,2,0.103252,16.487052,0.630471,17.220775
1,4,7,0,3,0.100979,12.404767000000001,0.6675449999999999,13.173291
1,4,7,0,4,0.080499,12.627515,0.610622,13.318636
1,4,7,0,5,0.07404899999999999,14.270666,0.56899,14.913705
1,4,7,0,6,0.10270199999999999,12.623330000000001,0.642823,13.368855
1,4,7,0,7,0.069502,13.067825,0.5608879999999999,13.698215
1,4,7,0,8,0.062172,13.271856999999999,0.614587,13.948616000000001
1,4,7,0,9,0.066138,19.744859,0.719653,20.53065
1,4,7,1,0,0.09249700000000001,12.463973999999999,0.763802,13.320273
1,4,7,1,1,0.09923599999999999,12.986546,0.022102,13.107884
1,4,7,1,2,0.088741,12.246213000000001,0.478306,12.81326
1,4,7,1,3,0.083293,11.278365,0.019709,11.381367
1,4,7,1,4,0.106878,11.133040000000001,0.039198,11.279116
1,4,7,1,5,0.088971,18.32966,0.550453,18.969084000000002
1,4,7,1,6,0.103543,11.4784,0.49276699999999996,12.074710000000001
1,4,7,1,7,0.089342,20.464782,0.618132,21.172256
1,4,7,1,8,0.112726,12.464665,0.49422,13.071611
1,4,7,1,9,0.090404,10.806578,0.57573,11.472712
1,4,7,2,0,0.076143,11.11249,0.518565,11.707198
1,4,7,2,1,0.08489500000000001,12.084745,0.519376,12.689015999999999
1,4,7,2,2,0.080018,12.422193,0.5982729999999999,13.100484000000002
1,4,7,2,3,0.089422,11.79684,0.559245,12.445507
1,4,7,2,4,0.084635,12.407221,0.6529739999999999,13.144829999999999
1,4,7,2,5,0.089131,21.277181,0.680004,22.046316
1,4,7,2,6,0.112285,11.246017,0.647395,12.005697
1,4,7,2,7,0.084325,11.922884999999999,0.571003,12.578213
1,4,7,2,8,0.101269,11.937458,0.568348,12.607075
1,4,7,2,9,0.097624,12.839639,0.66371,13.600973
1,0,6,0,0,0.118325,17.702935999999998,0.615468,18.436729
1,0,6,0,1,0.104655,11.565368,0.621827,12.29185
1,0,6,0,2,0.08451499999999999,11.655611,0.661887,12.402013
1,0,6,0,3,0.086618,12.922762,0.563552,13.572932
1,0,6,0,4,0.08716800000000001,18.665907,0.67746,19.430535
1,0,6,0,5,0.09882600000000001,12.532876,0.637972,13.269674
1,0,6,0,6,0.089022,14.202109,1.369521,15.660652
1,0,6,0,7,0.10484500000000001,12.273814,0.6040610000000001,12.98272
1,0,6,0,8,0.08360300000000001,13.794879,0.625633,14.504115
1,0,6,0,9,0.079798,12.816464,0.6418780000000001,13.53814
1,0,6,1,0,0.081611,12.618853,0.5918530000000001,13.292316999999999
1,0,6,1,1,0.091765,12.193285,0.557032,12.842082
1,0,6,1,2,0.08552599999999999,12.197682,0.556911,12.840119000000001
1,0,6,1,3,0.082522,11.007695,0.46270300000000003,11.55292
1,0,6,1,4,0.086257,10.82762,0.464986,11.378862999999999
1,0,6,1,5,0.082972,11.013644,0.446359,11.542975
1,0,6,1,6,0.083243,11.658536,0.574708,12.316486999999999
1,0,6,1,7,0.08792,12.614246000000001,0.527068,13.229234
1,0,6,1,8,0.074139,15.787499,9.927241,25.788879
1,0,6,1,9,0.098736,11.393264,0.54883,12.040830000000001
1,0,6,2,0,0.098185,11.394736,0.564914,12.057834999999999
1,0,6,2,1,0.093458,11.157856,0.495592,11.746906
1,0,6,2,2,0.13165400000000002,11.565398,0.570152,12.267204
1,0,6,2,3,0.07906600000000001,14.171434999999999,0.651451,14.901952
1,0,6,2,4,0.106357,11.743781,0.527639,12.377777
1,0,6,2,5,0.09511,11.705415,0.557422,12.357947
1,0,6,2,6,0.18272000000000002,13.528355000000001,0.6531939999999999,14.364269
1,0,6,2,7,0.09396800000000001,12.48131,0.633736,13.209014
1,0,6,2,8,0.086237,11.547763000000002,0.634196,12.268196
1,0,6,2,9,0.087038,12.798218,0.629018,13.514274
1,0,5,0,0,0.08537600000000001,11.017509,0.560327,11.663212
1,0,5,0,1,0.100799,20.015128,0.528069,20.643996
1,0,5,0,2,0.112306,13.978549,0.573912,14.664767000000001
1,0,5,0,3,0.09484000000000001,13.199570000000001,1.114885,14.409295
1,0,5,0,4,0.10031799999999999,14.088642,0.651692,14.840651999999999
1,0,5,0,5,0.14205,15.718096000000001,0.602309,16.462455000000002
1,0,5,0,6,0.089422,13.385249,0.592114,14.066785
1,0,5,0,7,0.0883,13.866344,0.634106,14.58875
1,0,5,0,8,0.08781,13.266003,0.580847,13.93466
1,0,5,0,9,0.085926,14.300725,0.581118,14.967769
1,0,5,1,0,0.089402,14.20916,0.715726,15.014288
1,0,5,1,1,0.597562,23.382258,4.308749,28.288569
1,0,5,1,2,0.09793500000000001,15.87612,0.5615690000000001,16.535624
1,0,5,1,3,0.106117,11.413123,0.56174,12.08098
1,0,5,1,4,0.082802,11.691875,0.5777319999999999,12.352409
1,0,5,1,5,0.08836999999999999,18.998408,0.550362,19.637140000000002
1,0,5,1,6,0.09085399999999999,10.724627,0.5372629999999999,11.352744
1,0,5,1,7,0.089502,10.748518,0.523473,11.361493
1,0,5,1,8,0.10585599999999999,11.316336,0.514489,11.936681
1,0,5,1,9,0.090013,10.250407,0.49340799999999996,10.833828
1,0,5,2,0,0.08144000000000001,10.672521000000001,0.512917,11.266877999999998
1,0,5,2,1,0.085356,11.07205,0.519567,11.676973
1,0,5,2,2,0.085837,10.722123999999999,0.516482,11.324443
1,0,5,2,3,0.091054,11.903398000000001,0.5655439999999999,12.559996
1,0,5,2,4,0.089923,11.345834,0.875422,12.311179000000001
1,0,5,2,5,0.107739,11.117247,0.642378,11.867364
1,0,5,2,6,0.104484,15.76095,0.632083,16.497517
1,0,5,2,7,0.11157399999999999,15.168917,0.581949,15.862439999999998
1,0,5,2,8,0.12293100000000001,11.098839,0.517504,11.739274
1,0,5,2,9,0.100358,10.820319,0.533056,11.453733000000001
1,0,3,0,0,0.10462400000000001,11.406804,0.56913,12.080558
1,0,3,0,1,0.106036,11.740226,0.537994,12.384256
1,0,3,0,2,0.09805399999999999,10.778928,0.502512,11.379494000000001
1,0,3,0,3,0.092737,14.802666,0.604372,15.499775
1,0,3,0,4,0.091104,17.519054999999998,0.678701,18.28886
1,0,3,0,5,0.1424,28.907842,1.31465,30.364892
1,0,3,0,6,0.09517999999999999,11.909977,0.62319,12.628347
1,0,3,0,7,0.10079800000000001,15.034628,0.5370229999999999,15.672449000000002
1,0,3,0,8,0.114008,14.335136,0.594557,15.043701
1,0,3,0,9,0.09475900000000001,15.483181,0.584242,16.162182
1,0,3,1,0,0.099527,11.901133,0.811488,12.812148
1,0,3,1,1,0.081851,13.40311,0.635308,14.120269
1,0,3,1,2,0.087519,13.108495,0.545445,13.741458999999999
1,0,3,1,3,0.093778,12.626164000000001,0.555319,13.275261
1,0,3,1,4,0.08618700000000001,13.793507,0.5324760000000001,14.41217
1,0,3,1,5,0.079618,13.45086,0.5333669999999999,14.063845
1,0,3,1,6,0.085276,16.53325,0.743737,17.362263
1,0,3,1,7,0.105656,33.888392,0.756316,34.750364
1,0,3,1,8,0.095611,13.272458,0.607346,13.975415
1,0,3,1,9,0.086758,19.898816999999998,0.6045119999999999,20.590087
1,0,3,2,0,0.090784,17.404836,0.597962,18.093582
1,0,3,2,1,0.089913,18.114552999999997,0.676469,18.880935
1,0,3,2,2,0.090213,17.777936,0.576181,18.444329999999997
1,0,3,2,3,0.09261599999999999,20.423762,0.611041,21.127419
1,0,3,2,4,0.094419,17.655106,1.381899,19.131424000000003
1,0,3,2,5,0.091224,14.801214,2.637252,17.529690000000002
1,0,3,2,6,0.091926,14.282558000000002,2.0055099999999997,16.379994
1,0,3,2,7,0.09465,19.378189,0.783025,20.255864
1,0,3,2,8,0.11316699999999999,28.685374,0.803756,29.602297
1,0,3,2,9,0.137903,14.546939,0.5813780000000001,15.26622
