camera,debug,flags,mode,repeat,samples,median_cpu_encode_ms,median_cpu_submit_ms,median_native_queue_wait_ms,median_native_queue_completion_wall_ms,p95_cpu_encode_ms,p95_cpu_submit_ms,p95_native_queue_wait_ms,p95_native_queue_completion_wall_ms
0,0,7,Lit / all inputs,0,10,0.100403,15.385991,0.789986,15.987960,0.442002,24.802503,2.033992,26.084089
0,0,7,Lit / all inputs,1,10,0.108765,21.496104,0.722872,22.001539,0.132616,45.215328,7.417467,45.411878
0,0,7,Lit / all inputs,2,10,0.114870,17.290436,0.970006,18.030850,0.180417,38.564863,4.488675,39.663885
0,1,7,Base color,0,10,0.105150,14.122036,0.839979,14.803497,0.113878,17.265470,1.987072,18.421716
0,1,7,Base color,1,10,0.093007,14.162191,0.683619,14.638859,0.107699,21.914882,4.415466,26.426089
0,1,7,Base color,2,10,0.104238,10.949154,0.636764,11.401171,0.156561,14.373482,1.299488,15.095999
0,2,7,World normal,0,10,0.103593,11.085384,0.537775,11.705289,0.110743,16.343499,0.714834,17.012997
0,2,7,World normal,1,10,0.106166,11.053392,0.593802,11.753125,0.127478,19.295767,0.819970,20.001408
0,2,7,World normal,2,10,0.120387,24.714008,0.818142,25.671215,0.152065,42.980710,4.603534,43.835171
0,3,7,Metallic,0,10,0.093312,13.575750,0.628202,14.058522,0.098825,23.915464,1.140914,25.149095
0,3,7,Metallic,1,10,0.112866,13.431247,0.540783,13.792539,0.138665,20.356001,0.709887,21.177292
0,3,7,Metallic,2,10,0.102516,12.555419,0.616464,13.101066,0.114910,18.528544,1.191303,19.316146
0,4,7,Roughness,0,10,0.111049,11.839397,0.596089,12.649182,0.141058,15.555466,2.171985,16.407604
0,4,7,Roughness,1,10,0.100383,16.177049,0.674964,17.063016,0.125785,22.906334,1.289062,24.287332
0,4,7,Roughness,2,10,0.092627,17.699661,0.755550,18.540587,0.155009,26.427481,1.206270,27.385044
0,0,6,Lit / base texture off,0,10,0.115025,14.573037,0.690649,15.399071,0.333783,31.918504,0.897515,32.693598
0,0,6,Lit / base texture off,1,10,0.112025,14.149051,0.697515,14.947060,0.132576,19.557272,1.762261,20.307078
0,0,6,Lit / base texture off,2,10,0.116307,19.212391,0.828854,20.237268,0.285181,26.732111,4.184024,31.013639
0,0,5,Lit / normal map off,0,10,0.113748,14.844287,0.779875,15.989582,0.124154,28.904587,4.469195,29.031574
0,0,5,Lit / normal map off,1,10,0.114870,14.835534,0.710974,15.624818,0.122481,24.599914,2.776558,25.507153
0,0,5,Lit / normal map off,2,10,0.103573,14.772596,0.791924,15.723199,0.164042,25.414617,0.998894,26.306172
0,0,3,Lit / metallic-roughness map off,0,10,0.099586,14.053174,0.613100,14.791099,0.169661,20.000727,0.698641,20.797283
0,0,3,Lit / metallic-roughness map off,1,10,0.107659,16.699904,0.761764,18.099562,0.150492,23.046608,4.522704,25.213806
0,0,3,Lit / metallic-roughness map off,2,10,0.100448,14.109122,0.626314,14.981929,0.121790,23.858621,0.950913,24.648907
1,0,7,Lit / all inputs,0,10,0.095811,15.421553,0.707930,16.327226,0.104124,24.677519,0.935881,25.489527
1,0,7,Lit / all inputs,1,10,0.094564,16.418015,0.768144,19.113914,0.140157,34.275714,5.040279,35.196913
1,0,7,Lit / all inputs,2,10,0.097874,16.160971,0.717248,16.964426,0.145465,22.234955,1.045553,23.236863
1,1,7,Base color,0,10,0.078320,13.574623,0.694976,14.471407,0.113567,21.080125,4.580840,21.180383
1,1,7,Base color,1,10,0.082061,11.258951,0.580096,11.890994,0.097043,20.336203,0.619434,21.018810
1,1,7,Base color,2,10,0.088420,11.758453,0.580967,12.406495,0.110543,20.650406,3.207393,23.944707
1,2,7,World normal,0,10,0.090183,11.586850,0.596801,12.289231,0.108510,19.940839,0.705802,20.751886
1,2,7,World normal,1,10,0.097258,13.129217,0.582510,13.838453,0.110553,20.928777,0.640135,21.661008
1,2,7,World normal,2,10,0.085521,13.252638,0.598264,14.073419,0.112035,21.436756,0.801693,22.180754
1,3,7,Metallic,0,10,0.079743,12.529856,0.638983,13.246740,0.105826,16.399191,4.321859,20.826876
1,3,7,Metallic,1,10,0.077804,12.343203,0.596020,13.008616,0.142190,18.758914,1.528456,19.488972
1,3,7,Metallic,2,10,0.080584,12.551394,0.570277,13.207121,0.105075,18.817120,0.706682,19.443465
1,4,7,Roughness,0,10,0.083414,13.169841,0.612604,13.823415,0.103252,19.744859,0.719653,20.530650
1,4,7,Roughness,1,10,0.091451,12.355093,0.493493,12.942436,0.112726,20.464782,0.763802,21.172256
1,4,7,Roughness,2,10,0.087013,12.011101,0.584638,12.648045,0.112285,21.277181,0.680004,22.046316
1,0,6,Lit / base texture off,0,10,0.088095,12.869613,0.631803,13.555536,0.118325,18.665907,1.369521,19.430535
1,0,6,Lit / base texture off,1,10,0.084385,11.925911,0.552871,12.578303,0.098736,15.787499,9.927241,25.788879
1,0,6,Lit / base texture off,2,10,0.094539,11.724598,0.599585,12.367862,0.182720,14.171435,0.653194,14.901952
1,0,5,Lit / normal map off,0,10,0.092131,13.922446,0.586616,14.626759,0.142050,20.015128,1.114885,20.643996
1,0,5,Lit / normal map off,1,10,0.090433,11.552499,0.555966,12.216694,0.597562,23.382258,4.308749,28.288569
1,0,5,Lit / normal map off,2,10,0.095706,11.108043,0.549300,11.803319,0.122931,15.760950,0.875422,16.497517
1,0,3,Lit / metallic-roughness map off,0,10,0.099426,14.568901,0.589400,15.271738,0.142400,28.907842,1.314650,30.364892
1,0,3,Lit / metallic-roughness map off,1,10,0.087139,13.426985,0.605929,14.092057,0.105656,33.888392,0.811488,34.750364
1,0,3,Lit / metallic-roughness map off,2,10,0.092271,17.716521,0.729747,18.662633,0.137903,28.685374,2.637252,29.602297
