view,objects,mode,repeat,samples,scene_draws,scene_passes,instance_buffer_bytes,per_frame_instance_upload_bytes,median_cpu_encode_ms,median_cpu_submit_ms,median_native_queue_wait_ms,median_native_queue_completion_wall_ms,p95_cpu_encode_ms,p95_cpu_submit_ms,p95_native_queue_wait_ms,p95_native_queue_completion_wall_ms
oblique,1,individual,0,30,1,1,196608,0,0.029684,1.031823,0.877430,2.026051,0.087008,3.597965,2.584274,6.104290
oblique,1,individual,1,30,1,1,196608,0,0.027376,0.697780,0.618618,1.517675,0.047931,1.403862,3.378056,4.216433
oblique,1,individual,2,30,1,1,196608,0,0.023560,0.513313,0.667305,1.189706,0.064986,1.862339,1.032054,2.682820
oblique,1,instanced,0,30,1,1,196608,0,0.035012,0.855193,0.680770,1.671172,0.068702,4.462056,3.135588,7.456326
oblique,1,instanced,1,30,1,1,196608,0,0.026069,0.546822,0.544149,1.136891,0.052367,1.895497,0.976641,2.497527
oblique,1,instanced,2,30,1,1,196608,0,0.024411,0.474961,0.473845,0.938616,0.043615,1.299458,0.852409,2.237908
oblique,64,individual,0,30,64,1,196608,0,0.025252,0.607647,0.474095,1.082723,0.035012,0.711731,0.645453,1.781609
oblique,64,individual,1,30,64,1,196608,0,0.031095,0.614421,0.467255,1.106458,0.047980,0.690109,0.562069,1.289723
oblique,64,individual,2,30,64,1,196608,0,0.039979,0.591457,0.389049,1.012589,0.060589,0.703008,0.433880,1.137178
oblique,64,instanced,0,30,1,1,196608,0,0.025398,0.797342,0.618238,1.464316,0.043864,1.971761,2.331091,4.169073
oblique,64,instanced,1,30,1,1,196608,0,0.026825,0.608392,0.478666,1.125217,0.040911,1.167283,0.608748,1.762852
oblique,64,instanced,2,30,1,1,196608,0,0.020671,0.511636,0.420651,0.973682,0.036514,0.783917,0.571528,1.681262
oblique,256,individual,0,30,256,1,196608,0,0.035878,0.944159,0.419098,1.403980,0.065707,1.267972,0.467960,1.699248
oblique,256,individual,1,30,256,1,196608,0,0.050675,1.048953,0.420743,1.526368,0.066818,1.335131,0.513758,2.149277
oblique,256,individual,2,30,256,1,196608,0,0.050064,1.003867,0.366015,1.430206,0.053539,1.207082,0.501746,1.632890
oblique,256,instanced,0,30,1,1,196608,0,0.026048,0.985650,0.381463,1.401175,0.038336,1.249945,0.456263,1.708943
oblique,256,instanced,1,30,1,1,196608,0,0.022978,0.980187,0.469963,1.489524,0.050865,1.406746,0.594738,1.881547
oblique,256,instanced,2,30,1,1,196608,0,0.025278,0.973747,0.391809,1.393447,0.029113,1.254612,0.489792,1.698036
oblique,1024,individual,0,30,1024,1,196608,0,0.115871,2.493035,0.390817,2.985712,0.137864,3.202396,0.462072,3.715124
oblique,1024,individual,1,30,1024,1,196608,0,0.077820,2.065659,0.421673,2.583583,0.117423,2.598856,1.126527,4.007806
oblique,1024,individual,2,30,1024,1,196608,0,0.080208,2.076469,0.408222,2.584375,0.127939,2.278713,0.544594,2.826612
oblique,1024,instanced,0,30,1,1,196608,0,0.026108,1.974400,0.402118,2.407108,0.047160,2.244047,0.531815,2.782987
oblique,1024,instanced,1,30,1,1,196608,0,0.025909,2.017103,0.394838,2.451158,0.045447,2.434493,0.444876,2.870466
oblique,1024,instanced,2,30,1,1,196608,0,0.026128,2.539884,0.483954,3.079565,0.063454,5.384167,1.015018,5.945136
oblique,4096,individual,0,30,4096,1,196608,0,0.255151,7.815801,0.428333,8.567456,0.481731,8.461229,0.585244,9.830430
oblique,4096,individual,1,30,4096,1,196608,0,0.273433,8.050744,0.439820,8.781147,0.397917,9.032849,0.601998,9.947028
oblique,4096,individual,2,30,4096,1,196608,0,0.273028,8.076697,0.448117,8.851961,0.351949,9.505641,0.611422,10.257321
oblique,4096,instanced,0,30,1,1,196608,0,0.034867,7.348883,0.437350,7.811740,0.045217,7.787194,0.492337,8.272351
oblique,4096,instanced,1,30,1,1,196608,0,0.032893,7.015976,0.410516,7.479961,0.056624,7.709821,0.578554,8.451596
oblique,4096,instanced,2,30,1,1,196608,0,0.038522,7.130510,0.405209,7.553425,0.056644,7.563825,0.461200,8.039877
overhead,1,individual,0,30,1,1,196608,0,0.019825,0.363797,0.412143,0.804597,0.026810,0.419720,0.449644,0.888923
overhead,1,individual,1,30,1,1,196608,0,0.022683,0.392670,0.384478,0.799275,0.035722,0.712051,0.433150,0.892688
overhead,1,individual,2,30,1,1,196608,0,0.023179,0.385479,0.407347,0.816445,0.032658,0.441412,0.459779,0.855503
overhead,1,instanced,0,30,1,1,196608,0,0.022889,0.388614,0.405493,0.818623,0.026529,0.424116,0.465798,0.941459
overhead,1,instanced,1,30,1,1,196608,0,0.022979,0.395764,0.378819,0.796396,0.030805,0.526106,0.434051,0.978485
overhead,1,instanced,2,30,1,1,196608,0,0.021326,0.361534,0.352545,0.741084,0.025057,0.723143,0.554419,1.056675
overhead,64,individual,0,30,64,1,196608,0,0.030720,0.483023,0.377402,0.890675,0.034681,0.545515,0.453179,1.030631
overhead,64,individual,1,30,64,1,196608,0,0.028056,0.588584,0.380772,1.010803,0.048381,1.093424,0.571283,1.565812
overhead,64,individual,2,30,64,1,196608,0,0.030139,0.550277,0.397431,0.976281,0.034430,0.699873,0.459728,1.156748
overhead,64,instanced,0,30,1,1,196608,0,0.024856,0.502917,0.389640,0.925096,0.037205,0.615138,0.471867,1.080004
overhead,64,instanced,1,30,1,1,196608,0,0.020179,0.507028,0.364347,0.907585,0.032768,0.716137,0.481851,1.097319
overhead,64,instanced,2,30,1,1,196608,0,0.024035,0.477009,0.367899,0.870536,0.026399,0.591283,0.397647,0.990643
overhead,256,individual,0,30,256,1,196608,0,0.049002,0.771244,0.361419,1.186216,0.062583,0.921280,0.415723,1.339718
overhead,256,individual,1,30,256,1,196608,0,0.049503,0.761775,0.396460,1.203346,0.064856,0.899889,0.562850,1.428629
overhead,256,individual,2,30,256,1,196608,0,0.049177,0.780922,0.411228,1.259812,0.095501,1.123713,0.619515,1.574519
overhead,256,instanced,0,30,1,1,196608,0,0.025087,0.788013,0.362820,1.181941,0.028922,0.984794,0.552636,1.418854
overhead,256,instanced,1,30,1,1,196608,0,0.024772,0.736341,0.381077,1.149422,0.029644,0.887610,0.455362,1.373287
overhead,256,instanced,2,30,1,1,196608,0,0.024982,0.720484,0.380827,1.111255,0.032258,0.841773,0.550228,1.307099
overhead,1024,individual,0,30,1024,1,196608,0,0.103989,1.660055,0.397477,2.178266,0.137293,1.933013,0.488591,2.444308
overhead,1024,individual,1,30,1024,1,196608,0,0.076207,1.603862,0.390342,2.095629,0.117293,1.815900,0.424366,2.298242
overhead,1024,individual,2,30,1024,1,196608,0,0.085246,1.637562,0.379721,2.130666,0.117293,1.775420,0.460530,2.335428
overhead,1024,instanced,0,30,1,1,196608,0,0.020585,1.445304,0.422279,1.907491,0.031997,1.674442,0.506778,2.160569
overhead,1024,instanced,1,30,1,1,196608,0,0.026564,1.493174,0.405158,1.931301,0.044516,1.844724,0.569201,2.926300
overhead,1024,instanced,2,30,1,1,196608,0,0.025032,1.473470,0.407026,1.888383,0.041551,1.683295,0.458467,2.121251
overhead,4096,individual,0,30,4096,1,196608,0,0.249253,7.193048,0.446815,7.925737,0.368083,8.305179,0.533898,9.274390
overhead,4096,individual,1,30,4096,1,196608,0,0.253244,6.997545,0.447982,7.671184,0.293904,7.537075,0.497624,8.223198
overhead,4096,individual,2,30,4096,1,196608,0,0.285732,7.294037,0.454070,8.112751,0.412329,9.038617,0.519437,9.792960
overhead,4096,instanced,0,30,1,1,196608,0,0.036319,6.517105,0.437060,7.042445,0.050124,7.710261,0.788073,8.161417
overhead,4096,instanced,1,30,1,1,196608,0,0.030014,6.189006,0.409629,6.650267,0.049673,6.450172,0.474070,6.862840
overhead,4096,instanced,2,30,1,1,196608,0,0.032433,6.633597,0.409014,7.070567,0.062923,8.126816,0.499738,8.664039
