view,workload,mode,display_width,display_height,internal_width,internal_height,scene_draws,scene_passes,upsample_draws,upsample_passes,repeat,sample,cpu_encode_submit_ms,native_queue_wait_ms,native_queue_completion_wall_ms
oblique,light,back-to-front,512,512,512,512,10,1,1,1,0,0,1.513444,0.558144,2.071588
oblique,light,back-to-front,512,512,512,512,10,1,1,1,0,1,1.540694,0.552065,2.092759
oblique,light,back-to-front,512,512,512,512,10,1,1,1,0,2,1.532963,0.541680,2.074643
oblique,light,back-to-front,512,512,512,512,10,1,1,1,0,3,1.624818,0.505967,2.130785
oblique,light,back-to-front,512,512,512,512,10,1,1,1,0,4,1.647973,0.505456,2.153429
oblique,light,back-to-front,512,512,512,512,10,1,1,1,0,5,1.591740,0.548169,2.139909
oblique,light,back-to-front,512,512,512,512,10,1,1,1,0,6,1.548716,0.608368,2.157084
oblique,light,back-to-front,512,512,512,512,10,1,1,1,0,7,1.646280,0.543362,2.189642
oblique,light,back-to-front,512,512,512,512,10,1,1,1,0,8,1.551149,0.573227,2.124376
oblique,light,back-to-front,512,512,512,512,10,1,1,1,0,9,1.698017,0.581037,2.279054
oblique,light,back-to-front,512,512,512,512,10,1,1,1,0,10,1.657146,0.496473,2.153619
oblique,light,back-to-front,512,512,512,512,10,1,1,1,0,11,1.653671,0.530583,2.184254
oblique,light,back-to-front,512,512,512,512,10,1,1,1,0,12,1.567374,0.601708,2.169082
oblique,light,back-to-front,512,512,512,512,10,1,1,1,0,13,1.655373,0.525246,2.180619
oblique,light,back-to-front,512,512,512,512,10,1,1,1,0,14,1.667872,0.521830,2.189702
oblique,light,back-to-front,512,512,512,512,10,1,1,1,0,15,1.615294,0.498376,2.113670
oblique,light,back-to-front,512,512,512,512,10,1,1,1,0,16,1.678929,0.563912,2.242841
oblique,light,back-to-front,512,512,512,512,10,1,1,1,0,17,1.863190,0.554599,2.417789
oblique,light,back-to-front,512,512,512,512,10,1,1,1,0,18,1.578380,0.521329,2.099709
oblique,light,back-to-front,512,512,512,512,10,1,1,1,0,19,1.744314,0.679433,2.423747
oblique,light,back-to-front,512,512,512,512,10,1,1,1,0,20,1.552592,0.469433,2.022025
oblique,light,back-to-front,512,512,512,512,10,1,1,1,0,21,1.619621,0.525946,2.145567
oblique,light,back-to-front,512,512,512,512,10,1,1,1,0,22,1.506283,0.480159,1.986442
oblique,light,back-to-front,512,512,512,512,10,1,1,1,0,23,1.636436,0.579345,2.215781
oblique,light,back-to-front,512,512,512,512,10,1,1,1,0,24,1.551290,0.549381,2.100671
oblique,light,back-to-front,512,512,512,512,10,1,1,1,0,25,1.485773,0.498976,1.984749
oblique,light,back-to-front,512,512,512,512,10,1,1,1,0,26,1.556898,0.503373,2.060271
oblique,light,back-to-front,512,512,512,512,10,1,1,1,0,27,1.667241,0.552265,2.219506
oblique,light,back-to-front,512,512,512,512,10,1,1,1,0,28,1.620922,0.496703,2.117625
oblique,light,back-to-front,512,512,512,512,10,1,1,1,0,29,1.707731,0.523873,2.231604
oblique,light,front-to-back,512,512,512,512,10,1,1,1,0,0,1.321661,0.754483,2.076144
oblique,light,front-to-back,512,512,512,512,10,1,1,1,0,1,1.279199,0.556291,1.835490
oblique,light,front-to-back,512,512,512,512,10,1,1,1,0,2,1.424072,0.529762,1.953834
oblique,light,front-to-back,512,512,512,512,10,1,1,1,0,3,1.434297,0.719632,2.153929
oblique,light,front-to-back,512,512,512,512,10,1,1,1,0,4,2.107271,0.714214,2.821485
oblique,light,front-to-back,512,512,512,512,10,1,1,1,0,5,1.554515,0.606936,2.161451
oblique,light,front-to-back,512,512,512,512,10,1,1,1,0,6,1.240391,0.721675,1.962066
oblique,light,front-to-back,512,512,512,512,10,1,1,1,0,7,1.820532,0.423125,2.243657
oblique,light,front-to-back,512,512,512,512,10,1,1,1,0,8,1.889819,0.588990,2.478809
oblique,light,front-to-back,512,512,512,512,10,1,1,1,0,9,1.409755,0.651302,2.061057
oblique,light,front-to-back,512,512,512,512,10,1,1,1,0,10,1.305948,0.733643,2.039591
oblique,light,front-to-back,512,512,512,512,10,1,1,1,0,11,1.285126,0.646985,1.932111
oblique,light,front-to-back,512,512,512,512,10,1,1,1,0,12,2.521762,0.818258,3.340020
oblique,light,front-to-back,512,512,512,512,10,1,1,1,0,13,1.597738,0.588889,2.186627
oblique,light,front-to-back,512,512,512,512,10,1,1,1,0,14,2.091217,0.052197,2.143414
oblique,light,front-to-back,512,512,512,512,10,1,1,1,0,15,1.765465,0.653475,2.418940
oblique,light,front-to-back,512,512,512,512,10,1,1,1,0,16,1.285723,1.050180,2.335903
oblique,light,front-to-back,512,512,512,512,10,1,1,1,0,17,2.107096,0.153811,2.260907
oblique,light,front-to-back,512,512,512,512,10,1,1,1,0,18,1.420747,0.754464,2.175211
oblique,light,front-to-back,512,512,512,512,10,1,1,1,0,19,1.291997,0.605303,1.897300
oblique,light,front-to-back,512,512,512,512,10,1,1,1,0,20,1.283399,0.872984,2.156383
oblique,light,front-to-back,512,512,512,512,10,1,1,1,0,21,1.328907,0.948440,2.277347
oblique,light,front-to-back,512,512,512,512,10,1,1,1,0,22,1.538281,0.523362,2.061643
oblique,light,front-to-back,512,512,512,512,10,1,1,1,0,23,1.665799,0.786421,2.452220
oblique,light,front-to-back,512,512,512,512,10,1,1,1,0,24,1.962717,0.007931,1.970648
oblique,light,front-to-back,512,512,512,512,10,1,1,1,0,25,1.537209,0.587697,2.124906
oblique,light,front-to-back,512,512,512,512,10,1,1,1,0,26,1.372536,0.580778,1.953314
oblique,light,front-to-back,512,512,512,512,10,1,1,1,0,27,1.475924,0.552745,2.028669
oblique,light,front-to-back,512,512,512,512,10,1,1,1,0,28,1.486268,0.637236,2.123504
oblique,light,front-to-back,512,512,512,512,10,1,1,1,0,29,1.605555,0.565574,2.171129
oblique,light,depth-prepass,512,512,512,512,20,2,1,1,0,0,0.886959,1.299147,2.186106
oblique,light,depth-prepass,512,512,512,512,20,2,1,1,0,1,0.856674,1.337259,2.193933
oblique,light,depth-prepass,512,512,512,512,20,2,1,1,0,2,0.846389,1.184213,2.030602
oblique,light,depth-prepass,512,512,512,512,20,2,1,1,0,3,0.797808,1.570588,2.368396
oblique,light,depth-prepass,512,512,512,512,20,2,1,1,0,4,0.819880,1.092983,1.912863
oblique,light,depth-prepass,512,512,512,512,20,2,1,1,0,5,0.708997,1.219740,1.928737
oblique,light,depth-prepass,512,512,512,512,20,2,1,1,0,6,0.891266,1.412425,2.303691
oblique,light,depth-prepass,512,512,512,512,20,2,1,1,0,7,0.710489,1.078942,1.789431
oblique,light,depth-prepass,512,512,512,512,20,2,1,1,0,8,0.743648,1.337929,2.081577
oblique,light,depth-prepass,512,512,512,512,20,2,1,1,0,9,0.899638,1.248723,2.148361
oblique,light,depth-prepass,512,512,512,512,20,2,1,1,0,10,0.947959,1.234272,2.182231
oblique,light,depth-prepass,512,512,512,512,20,2,1,1,0,11,0.853530,1.300739,2.154269
oblique,light,depth-prepass,512,512,512,512,20,2,1,1,0,12,0.993797,1.097390,2.091187
oblique,light,depth-prepass,512,512,512,512,20,2,1,1,0,13,0.901000,1.119993,2.020993
oblique,light,depth-prepass,512,512,512,512,20,2,1,1,0,14,0.913559,1.266679,2.180238
oblique,light,depth-prepass,512,512,512,512,20,2,1,1,0,15,0.842714,1.413085,2.255799
oblique,light,depth-prepass,512,512,512,512,20,2,1,1,0,16,0.927039,1.234101,2.161140
oblique,light,depth-prepass,512,512,512,512,20,2,1,1,0,17,0.950183,1.281431,2.231614
oblique,light,depth-prepass,512,512,512,512,20,2,1,1,0,18,0.923884,0.990712,1.914596
oblique,light,depth-prepass,512,512,512,512,20,2,1,1,0,19,0.846560,1.368955,2.215515
oblique,light,depth-prepass,512,512,512,512,20,2,1,1,0,20,0.814141,1.040106,1.854247
oblique,light,depth-prepass,512,512,512,512,20,2,1,1,0,21,1.942948,0.649779,2.592727
oblique,light,depth-prepass,512,512,512,512,20,2,1,1,0,22,0.877565,1.076119,1.953684
oblique,light,depth-prepass,512,512,512,512,20,2,1,1,0,23,0.762465,1.235174,1.997639
oblique,light,depth-prepass,512,512,512,512,20,2,1,1,0,24,0.762486,1.018483,1.780969
oblique,light,depth-prepass,512,512,512,512,20,2,1,1,0,25,0.866028,1.114380,1.980408
oblique,light,depth-prepass,512,512,512,512,20,2,1,1,0,26,0.804808,1.096949,1.901757
oblique,light,depth-prepass,512,512,512,512,20,2,1,1,0,27,0.911596,1.177843,2.089439
oblique,light,depth-prepass,512,512,512,512,20,2,1,1,0,28,0.832669,1.096349,1.929018
oblique,light,depth-prepass,512,512,512,512,20,2,1,1,0,29,1.007738,1.512192,2.519930
oblique,light,front-to-back,512,512,512,512,10,1,1,1,1,0,1.406166,0.667009,2.073175
oblique,light,front-to-back,512,512,512,512,10,1,1,1,1,1,1.510479,0.631212,2.141691
oblique,light,front-to-back,512,512,512,512,10,1,1,1,1,2,1.435669,0.671842,2.107511
oblique,light,front-to-back,512,512,512,512,10,1,1,1,1,3,1.409300,0.658913,2.068213
oblique,light,front-to-back,512,512,512,512,10,1,1,1,1,4,1.419375,0.683449,2.102824
oblique,light,front-to-back,512,512,512,512,10,1,1,1,1,5,1.495918,0.745561,2.241479
oblique,light,front-to-back,512,512,512,512,10,1,1,1,1,6,1.369361,0.680719,2.050080
oblique,light,front-to-back,512,512,512,512,10,1,1,1,1,7,1.392891,0.679152,2.072043
oblique,light,front-to-back,512,512,512,512,10,1,1,1,1,8,1.842981,0.010425,1.853406
oblique,light,front-to-back,512,512,512,512,10,1,1,1,1,9,1.545001,0.716713,2.261714
oblique,light,front-to-back,512,512,512,512,10,1,1,1,1,10,1.619150,0.538915,2.158065
oblique,light,front-to-back,512,512,512,512,10,1,1,1,1,11,1.861808,0.007581,1.869389
oblique,light,front-to-back,512,512,512,512,10,1,1,1,1,12,1.316723,2.044007,3.360730
oblique,light,front-to-back,512,512,512,512,10,1,1,1,1,13,1.879794,0.009514,1.889308
oblique,light,front-to-back,512,512,512,512,10,1,1,1,1,14,1.318545,0.691141,2.009686
oblique,light,front-to-back,512,512,512,512,10,1,1,1,1,15,1.433265,0.539677,1.972942
oblique,light,front-to-back,512,512,512,512,10,1,1,1,1,16,1.675914,0.601808,2.277722
oblique,light,front-to-back,512,512,512,512,10,1,1,1,1,17,1.494636,0.533317,2.027953
oblique,light,front-to-back,512,512,512,512,10,1,1,1,1,18,1.345045,0.643670,1.988715
oblique,light,front-to-back,512,512,512,512,10,1,1,1,1,19,1.601955,0.708586,2.310541
oblique,light,front-to-back,512,512,512,512,10,1,1,1,1,20,1.449014,0.556752,2.005766
oblique,light,front-to-back,512,512,512,512,10,1,1,1,1,21,1.321421,0.679057,2.000478
oblique,light,front-to-back,512,512,512,512,10,1,1,1,1,22,1.453295,0.639203,2.092498
oblique,light,front-to-back,512,512,512,512,10,1,1,1,1,23,1.833366,0.007882,1.841248
oblique,light,front-to-back,512,512,512,512,10,1,1,1,1,24,1.825083,0.008663,1.833746
oblique,light,front-to-back,512,512,512,512,10,1,1,1,1,25,1.886384,0.094580,1.980964
oblique,light,front-to-back,512,512,512,512,10,1,1,1,1,26,1.463390,0.632223,2.095613
oblique,light,front-to-back,512,512,512,512,10,1,1,1,1,27,1.185259,0.647726,1.832985
oblique,light,front-to-back,512,512,512,512,10,1,1,1,1,28,1.543057,0.545996,2.089053
oblique,light,front-to-back,512,512,512,512,10,1,1,1,1,29,1.233320,0.709753,1.943073
oblique,light,depth-prepass,512,512,512,512,20,2,1,1,1,0,0.805389,1.208033,2.013422
oblique,light,depth-prepass,512,512,512,512,20,2,1,1,1,1,0.833730,1.123899,1.957629
oblique,light,depth-prepass,512,512,512,512,20,2,1,1,1,2,1.759487,0.711781,2.471268
oblique,light,depth-prepass,512,512,512,512,20,2,1,1,1,3,0.603561,1.231718,1.835279
oblique,light,depth-prepass,512,512,512,512,20,2,1,1,1,4,0.793281,1.130509,1.923790
oblique,light,depth-prepass,512,512,512,512,20,2,1,1,1,5,0.845709,1.129908,1.975617
oblique,light,depth-prepass,512,512,512,512,20,2,1,1,1,6,0.805328,1.307200,2.112528
oblique,light,depth-prepass,512,512,512,512,20,2,1,1,1,7,0.762545,1.082298,1.844843
oblique,light,depth-prepass,512,512,512,512,20,2,1,1,1,8,0.825118,1.104921,1.930039
oblique,light,depth-prepass,512,512,512,512,20,2,1,1,1,9,0.925085,1.660711,2.585796
oblique,light,depth-prepass,512,512,512,512,20,2,1,1,1,10,0.951244,1.020456,1.971700
oblique,light,depth-prepass,512,512,512,512,20,2,1,1,1,11,0.878647,1.076059,1.954706
oblique,light,depth-prepass,512,512,512,512,20,2,1,1,1,12,0.814752,2.517456,3.332208
oblique,light,depth-prepass,512,512,512,512,20,2,1,1,1,13,0.895011,1.123068,2.018079
oblique,light,depth-prepass,512,512,512,512,20,2,1,1,1,14,0.847581,1.427246,2.274827
oblique,light,depth-prepass,512,512,512,512,20,2,1,1,1,15,1.778475,0.568299,2.346774
oblique,light,depth-prepass,512,512,512,512,20,2,1,1,1,16,0.871266,1.306483,2.177749
oblique,light,depth-prepass,512,512,512,512,20,2,1,1,1,17,0.897575,1.059134,1.956709
oblique,light,depth-prepass,512,512,512,512,20,2,1,1,1,18,0.914169,1.033485,1.947654
oblique,light,depth-prepass,512,512,512,512,20,2,1,1,1,19,0.901420,1.462279,2.363699
oblique,light,depth-prepass,512,512,512,512,20,2,1,1,1,20,2.147279,0.639885,2.787164
oblique,light,depth-prepass,512,512,512,512,20,2,1,1,1,21,2.272685,0.901881,3.174566
oblique,light,depth-prepass,512,512,512,512,20,2,1,1,1,22,2.034443,0.676629,2.711072
oblique,light,depth-prepass,512,512,512,512,20,2,1,1,1,23,0.874451,1.571239,2.445690
oblique,light,depth-prepass,512,512,512,512,20,2,1,1,1,24,0.941930,1.247231,2.189161
oblique,light,depth-prepass,512,512,512,512,20,2,1,1,1,25,0.939797,1.143337,2.083134
oblique,light,depth-prepass,512,512,512,512,20,2,1,1,1,26,0.750638,1.291467,2.042105
oblique,light,depth-prepass,512,512,512,512,20,2,1,1,1,27,0.868092,1.313518,2.181610
oblique,light,depth-prepass,512,512,512,512,20,2,1,1,1,28,0.938836,1.426095,2.364931
oblique,light,depth-prepass,512,512,512,512,20,2,1,1,1,29,0.946417,1.520965,2.467382
oblique,light,back-to-front,512,512,512,512,10,1,1,1,1,0,1.740089,0.519186,2.259275
oblique,light,back-to-front,512,512,512,512,10,1,1,1,1,1,1.318857,0.907830,2.226687
oblique,light,back-to-front,512,512,512,512,10,1,1,1,1,2,1.725647,0.969641,2.695288
oblique,light,back-to-front,512,512,512,512,10,1,1,1,1,3,1.601213,0.568179,2.169392
oblique,light,back-to-front,512,512,512,512,10,1,1,1,1,4,1.509078,0.560617,2.069695
oblique,light,back-to-front,512,512,512,512,10,1,1,1,1,5,1.799507,0.775429,2.574936
oblique,light,back-to-front,512,512,512,512,10,1,1,1,1,6,1.794099,0.697484,2.491583
oblique,light,back-to-front,512,512,512,512,10,1,1,1,1,7,1.469079,0.561924,2.031003
oblique,light,back-to-front,512,512,512,512,10,1,1,1,1,8,1.424112,0.512076,1.936188
oblique,light,back-to-front,512,512,512,512,10,1,1,1,1,9,1.905833,0.007671,1.913504
oblique,light,back-to-front,512,512,512,512,10,1,1,1,1,10,1.550038,0.698196,2.248234
oblique,light,back-to-front,512,512,512,512,10,1,1,1,1,11,1.682504,0.939366,2.621870
oblique,light,back-to-front,512,512,512,512,10,1,1,1,1,12,1.967554,0.629203,2.596757
oblique,light,back-to-front,512,512,512,512,10,1,1,1,1,13,1.367048,0.842844,2.209892
oblique,light,back-to-front,512,512,512,512,10,1,1,1,1,14,1.559753,0.831887,2.391640
oblique,light,back-to-front,512,512,512,512,10,1,1,1,1,15,1.548936,0.809014,2.357950
oblique,light,back-to-front,512,512,512,512,10,1,1,1,1,16,2.191075,0.024856,2.215931
oblique,light,back-to-front,512,512,512,512,10,1,1,1,1,17,1.568014,0.609520,2.177534
oblique,light,back-to-front,512,512,512,512,10,1,1,1,1,18,1.455929,0.634096,2.090025
oblique,light,back-to-front,512,512,512,512,10,1,1,1,1,19,1.480280,0.661376,2.141656
oblique,light,back-to-front,512,512,512,512,10,1,1,1,1,20,1.517155,0.919777,2.436932
oblique,light,back-to-front,512,512,512,512,10,1,1,1,1,21,1.767089,0.475231,2.242320
oblique,light,back-to-front,512,512,512,512,10,1,1,1,1,22,1.443320,0.847421,2.290741
oblique,light,back-to-front,512,512,512,512,10,1,1,1,1,23,1.604789,0.492878,2.097667
oblique,light,back-to-front,512,512,512,512,10,1,1,1,1,24,1.532351,0.663835,2.196186
oblique,light,back-to-front,512,512,512,512,10,1,1,1,1,25,1.636195,0.632543,2.268738
oblique,light,back-to-front,512,512,512,512,10,1,1,1,1,26,1.437096,0.689438,2.126534
oblique,light,back-to-front,512,512,512,512,10,1,1,1,1,27,1.750133,0.565615,2.315748
oblique,light,back-to-front,512,512,512,512,10,1,1,1,1,28,1.963678,0.028643,1.992321
oblique,light,back-to-front,512,512,512,512,10,1,1,1,1,29,1.700630,0.434721,2.135351
oblique,light,depth-prepass,512,512,512,512,20,2,1,1,2,0,2.269510,0.781934,3.051444
oblique,light,depth-prepass,512,512,512,512,20,2,1,1,2,1,1.864041,0.518666,2.382707
oblique,light,depth-prepass,512,512,512,512,20,2,1,1,2,2,1.954115,0.536692,2.490807
oblique,light,depth-prepass,512,512,512,512,20,2,1,1,2,3,1.802250,0.496403,2.298653
oblique,light,depth-prepass,512,512,512,512,20,2,1,1,2,4,2.399212,0.636319,3.035531
oblique,light,depth-prepass,512,512,512,512,20,2,1,1,2,5,3.969579,1.941446,5.911025
oblique,light,depth-prepass,512,512,512,512,20,2,1,1,2,6,2.254007,0.642449,2.896456
oblique,light,depth-prepass,512,512,512,512,20,2,1,1,2,7,1.771955,0.549271,2.321226
oblique,light,depth-prepass,512,512,512,512,20,2,1,1,2,8,1.918081,0.446339,2.364420
oblique,light,depth-prepass,512,512,512,512,20,2,1,1,2,9,1.857521,0.485798,2.343319
oblique,light,depth-prepass,512,512,512,512,20,2,1,1,2,10,1.976066,0.459068,2.435134
oblique,light,depth-prepass,512,512,512,512,20,2,1,1,2,11,1.822991,0.468431,2.291422
oblique,light,depth-prepass,512,512,512,512,20,2,1,1,2,12,1.813477,0.527288,2.340765
oblique,light,depth-prepass,512,512,512,512,20,2,1,1,2,13,1.743534,0.617982,2.361516
oblique,light,depth-prepass,512,512,512,512,20,2,1,1,2,14,2.131086,0.492787,2.623873
oblique,light,depth-prepass,512,512,512,512,20,2,1,1,2,15,2.167158,0.575530,2.742688
oblique,light,depth-prepass,512,512,512,512,20,2,1,1,2,16,1.983367,0.499828,2.483195
oblique,light,depth-prepass,512,512,512,512,20,2,1,1,2,17,1.995225,0.508786,2.504011
oblique,light,depth-prepass,512,512,512,512,20,2,1,1,2,18,2.033541,0.713133,2.746674
oblique,light,depth-prepass,512,512,512,512,20,2,1,1,2,19,1.812155,0.472237,2.284392
oblique,light,depth-prepass,512,512,512,512,20,2,1,1,2,20,2.103696,0.497664,2.601360
oblique,light,depth-prepass,512,512,512,512,20,2,1,1,2,21,2.139893,0.470495,2.610388
oblique,light,depth-prepass,512,512,512,512,20,2,1,1,2,22,2.267797,0.770793,3.038590
oblique,light,depth-prepass,512,512,512,512,20,2,1,1,2,23,0.938075,1.081286,2.019361
oblique,light,depth-prepass,512,512,512,512,20,2,1,1,2,24,0.837657,1.015709,1.853366
oblique,light,depth-prepass,512,512,512,512,20,2,1,1,2,25,0.856224,1.251147,2.107371
oblique,light,depth-prepass,512,512,512,512,20,2,1,1,2,26,0.892367,1.022188,1.914555
oblique,light,depth-prepass,512,512,512,512,20,2,1,1,2,27,0.707875,1.975596,2.683471
oblique,light,depth-prepass,512,512,512,512,20,2,1,1,2,28,1.992441,0.716758,2.709199
oblique,light,depth-prepass,512,512,512,512,20,2,1,1,2,29,0.961670,1.015018,1.976688
oblique,light,back-to-front,512,512,512,512,10,1,1,1,2,0,1.591128,0.560107,2.151235
oblique,light,back-to-front,512,512,512,512,10,1,1,1,2,1,1.465893,0.564283,2.030176
oblique,light,back-to-front,512,512,512,512,10,1,1,1,2,2,1.895317,0.617652,2.512969
oblique,light,back-to-front,512,512,512,512,10,1,1,1,2,3,1.631923,0.556752,2.188675
oblique,light,back-to-front,512,512,512,512,10,1,1,1,2,4,1.408118,0.700104,2.108222
oblique,light,back-to-front,512,512,512,512,10,1,1,1,2,5,1.509098,0.670755,2.179853
oblique,light,back-to-front,512,512,512,512,10,1,1,1,2,6,1.525216,0.598884,2.124100
oblique,light,back-to-front,512,512,512,512,10,1,1,1,2,7,1.945542,0.073618,2.019160
oblique,light,back-to-front,512,512,512,512,10,1,1,1,2,8,1.499803,0.535631,2.035434
oblique,light,back-to-front,512,512,512,512,10,1,1,1,2,9,1.446926,0.728740,2.175666
oblique,light,back-to-front,512,512,512,512,10,1,1,1,2,10,1.310735,0.530954,1.841689
oblique,light,back-to-front,512,512,512,512,10,1,1,1,2,11,1.407287,0.762836,2.170123
oblique,light,back-to-front,512,512,512,512,10,1,1,1,2,12,1.436576,0.858367,2.294943
oblique,light,back-to-front,512,512,512,512,10,1,1,1,2,13,1.972026,0.489898,2.461924
oblique,light,back-to-front,512,512,512,512,10,1,1,1,2,14,1.702082,0.634306,2.336388
oblique,light,back-to-front,512,512,512,512,10,1,1,1,2,15,2.212305,0.017747,2.230052
oblique,light,back-to-front,512,512,512,512,10,1,1,1,2,16,1.494295,0.693253,2.187548
oblique,light,back-to-front,512,512,512,512,10,1,1,1,2,17,1.472273,0.607667,2.079940
oblique,light,back-to-front,512,512,512,512,10,1,1,1,2,18,1.560183,0.555419,2.115602
oblique,light,back-to-front,512,512,512,512,10,1,1,1,2,19,1.562426,0.724419,2.286845
oblique,light,back-to-front,512,512,512,512,10,1,1,1,2,20,1.311115,0.746292,2.057407
oblique,light,back-to-front,512,512,512,512,10,1,1,1,2,21,1.646230,0.704930,2.351160
oblique,light,back-to-front,512,512,512,512,10,1,1,1,2,22,1.469949,0.923554,2.393503
oblique,light,back-to-front,512,512,512,512,10,1,1,1,2,23,1.538231,0.584222,2.122453
oblique,light,back-to-front,512,512,512,512,10,1,1,1,2,24,2.086489,0.007952,2.094441
oblique,light,back-to-front,512,512,512,512,10,1,1,1,2,25,2.044523,0.038978,2.083501
oblique,light,back-to-front,512,512,512,512,10,1,1,1,2,26,1.442920,0.631472,2.074392
oblique,light,back-to-front,512,512,512,512,10,1,1,1,2,27,1.467621,0.646735,2.114356
oblique,light,back-to-front,512,512,512,512,10,1,1,1,2,28,1.387208,0.810536,2.197744
oblique,light,back-to-front,512,512,512,512,10,1,1,1,2,29,1.588174,0.659524,2.247698
oblique,light,front-to-back,512,512,512,512,10,1,1,1,2,0,1.342402,0.602759,1.945161
oblique,light,front-to-back,512,512,512,512,10,1,1,1,2,1,1.254471,0.692572,1.947043
oblique,light,front-to-back,512,512,512,512,10,1,1,1,2,2,1.452033,0.507619,1.959652
oblique,light,front-to-back,512,512,512,512,10,1,1,1,2,3,1.420577,0.587377,2.007954
oblique,light,front-to-back,512,512,512,512,10,1,1,1,2,4,1.478312,0.594117,2.072429
oblique,light,front-to-back,512,512,512,512,10,1,1,1,2,5,1.344775,0.620105,1.964880
oblique,light,front-to-back,512,512,512,512,10,1,1,1,2,6,1.313559,0.703949,2.017508
oblique,light,front-to-back,512,512,512,512,10,1,1,1,2,7,1.951270,0.008062,1.959332
oblique,light,front-to-back,512,512,512,512,10,1,1,1,2,8,1.322962,0.551374,1.874336
oblique,light,front-to-back,512,512,512,512,10,1,1,1,2,9,1.539017,0.593426,2.132443
oblique,light,front-to-back,512,512,512,512,10,1,1,1,2,10,1.874893,0.691275,2.566168
oblique,light,front-to-back,512,512,512,512,10,1,1,1,2,11,1.587643,0.574729,2.162372
oblique,light,front-to-back,512,512,512,512,10,1,1,1,2,12,1.390993,0.585935,1.976928
oblique,light,front-to-back,512,512,512,512,10,1,1,1,2,13,1.358696,0.668497,2.027193
oblique,light,front-to-back,512,512,512,512,10,1,1,1,2,14,1.309393,0.600145,1.909538
oblique,light,front-to-back,512,512,512,512,10,1,1,1,2,15,1.376121,0.762641,2.138762
oblique,light,front-to-back,512,512,512,512,10,1,1,1,2,16,1.343393,0.665402,2.008795
oblique,light,front-to-back,512,512,512,512,10,1,1,1,2,17,1.978170,0.009253,1.987423
oblique,light,front-to-back,512,512,512,512,10,1,1,1,2,18,19.221548,0.506247,19.727795
oblique,light,front-to-back,512,512,512,512,10,1,1,1,2,19,1.910495,0.550813,2.461308
oblique,light,front-to-back,512,512,512,512,10,1,1,1,2,20,1.360237,0.602910,1.963147
oblique,light,front-to-back,512,512,512,512,10,1,1,1,2,21,1.420186,1.240827,2.661013
oblique,light,front-to-back,512,512,512,512,10,1,1,1,2,22,2.071908,0.033169,2.105077
oblique,light,front-to-back,512,512,512,512,10,1,1,1,2,23,1.679789,0.768404,2.448193
oblique,light,front-to-back,512,512,512,512,10,1,1,1,2,24,1.534806,0.677570,2.212376
oblique,light,front-to-back,512,512,512,512,10,1,1,1,2,25,1.628519,0.507369,2.135888
oblique,light,front-to-back,512,512,512,512,10,1,1,1,2,26,1.430151,0.515271,1.945422
oblique,light,front-to-back,512,512,512,512,10,1,1,1,2,27,1.877361,0.647305,2.524666
oblique,light,front-to-back,512,512,512,512,10,1,1,1,2,28,1.449895,0.533868,1.983763
oblique,light,front-to-back,512,512,512,512,10,1,1,1,2,29,1.410232,0.691310,2.101542
oblique,heavy,back-to-front,512,512,512,512,10,1,1,1,0,0,6.525642,0.475552,7.001194
oblique,heavy,back-to-front,512,512,512,512,10,1,1,1,0,1,6.548797,0.519957,7.068754
oblique,heavy,back-to-front,512,512,512,512,10,1,1,1,0,2,9.490658,1.488147,10.978805
oblique,heavy,back-to-front,512,512,512,512,10,1,1,1,0,3,8.744357,0.625588,9.369945
oblique,heavy,back-to-front,512,512,512,512,10,1,1,1,0,4,7.104552,0.466989,7.571541
oblique,heavy,back-to-front,512,512,512,512,10,1,1,1,0,5,7.054402,0.528651,7.583053
oblique,heavy,back-to-front,512,512,512,512,10,1,1,1,0,6,7.191930,0.528921,7.720851
oblique,heavy,back-to-front,512,512,512,512,10,1,1,1,0,7,7.323014,0.669759,7.992773
oblique,heavy,back-to-front,512,512,512,512,10,1,1,1,0,8,7.074422,0.436314,7.510736
oblique,heavy,back-to-front,512,512,512,512,10,1,1,1,0,9,7.095643,0.510113,7.605756
oblique,heavy,back-to-front,512,512,512,512,10,1,1,1,0,10,7.043617,0.029033,7.072650
oblique,heavy,back-to-front,512,512,512,512,10,1,1,1,0,11,9.464600,0.035132,9.499732
oblique,heavy,back-to-front,512,512,512,512,10,1,1,1,0,12,7.217944,0.035523,7.253467
oblique,heavy,back-to-front,512,512,512,512,10,1,1,1,0,13,6.712488,0.562140,7.274628
oblique,heavy,back-to-front,512,512,512,512,10,1,1,1,0,14,6.787879,0.032038,6.819917
oblique,heavy,back-to-front,512,512,512,512,10,1,1,1,0,15,7.065609,0.040049,7.105658
oblique,heavy,back-to-front,512,512,512,512,10,1,1,1,0,16,6.770684,0.035552,6.806236
oblique,heavy,back-to-front,512,512,512,512,10,1,1,1,0,17,7.029866,0.519177,7.549043
oblique,heavy,back-to-front,512,512,512,512,10,1,1,1,0,18,6.573232,0.565245,7.138477
oblique,heavy,back-to-front,512,512,512,512,10,1,1,1,0,19,7.787294,0.040250,7.827544
oblique,heavy,back-to-front,512,512,512,512,10,1,1,1,0,20,6.366939,2.001894,8.368833
oblique,heavy,back-to-front,512,512,512,512,10,1,1,1,0,21,6.637608,0.630260,7.267868
oblique,heavy,back-to-front,512,512,512,512,10,1,1,1,0,22,6.560354,0.744018,7.304372
oblique,heavy,back-to-front,512,512,512,512,10,1,1,1,0,23,7.734607,0.506608,8.241215
oblique,heavy,back-to-front,512,512,512,512,10,1,1,1,0,24,8.227594,0.037716,8.265310
oblique,heavy,back-to-front,512,512,512,512,10,1,1,1,0,25,7.094292,0.038577,7.132869
oblique,heavy,back-to-front,512,512,512,512,10,1,1,1,0,26,7.764881,0.041731,7.806612
oblique,heavy,back-to-front,512,512,512,512,10,1,1,1,0,27,6.601764,0.695486,7.297250
oblique,heavy,back-to-front,512,512,512,512,10,1,1,1,0,28,7.515662,0.057275,7.572937
oblique,heavy,back-to-front,512,512,512,512,10,1,1,1,0,29,6.731795,0.104294,6.836089
oblique,heavy,front-to-back,512,512,512,512,10,1,1,1,0,0,5.065556,0.600286,5.665842
oblique,heavy,front-to-back,512,512,512,512,10,1,1,1,0,1,5.727073,0.038897,5.765970
oblique,heavy,front-to-back,512,512,512,512,10,1,1,1,0,2,5.795935,0.070855,5.866790
oblique,heavy,front-to-back,512,512,512,512,10,1,1,1,0,3,5.468091,0.563431,6.031522
oblique,heavy,front-to-back,512,512,512,512,10,1,1,1,0,4,5.528189,0.500679,6.028868
oblique,heavy,front-to-back,512,512,512,512,10,1,1,1,0,5,5.549341,0.032498,5.581839
oblique,heavy,front-to-back,512,512,512,512,10,1,1,1,0,6,5.733242,0.032598,5.765840
oblique,heavy,front-to-back,512,512,512,512,10,1,1,1,0,7,5.172314,0.679163,5.851477
oblique,heavy,front-to-back,512,512,512,512,10,1,1,1,0,8,5.249347,0.492968,5.742315
oblique,heavy,front-to-back,512,512,512,512,10,1,1,1,0,9,4.906161,0.506428,5.412589
oblique,heavy,front-to-back,512,512,512,512,10,1,1,1,0,10,5.102360,0.518325,5.620685
oblique,heavy,front-to-back,512,512,512,512,10,1,1,1,0,11,4.960751,0.648918,5.609669
oblique,heavy,front-to-back,512,512,512,512,10,1,1,1,0,12,5.077885,0.542651,5.620536
oblique,heavy,front-to-back,512,512,512,512,10,1,1,1,0,13,4.955644,0.500779,5.456423
oblique,heavy,front-to-back,512,512,512,512,10,1,1,1,0,14,5.303357,0.032358,5.335715
oblique,heavy,front-to-back,512,512,512,512,10,1,1,1,0,15,4.977737,0.630190,5.607927
oblique,heavy,front-to-back,512,512,512,512,10,1,1,1,0,16,5.219023,1.526643,6.745666
oblique,heavy,front-to-back,512,512,512,512,10,1,1,1,0,17,5.069327,0.705362,5.774689
oblique,heavy,front-to-back,512,512,512,512,10,1,1,1,0,18,4.809859,0.544354,5.354213
oblique,heavy,front-to-back,512,512,512,512,10,1,1,1,0,19,5.433499,0.604813,6.038312
oblique,heavy,front-to-back,512,512,512,512,10,1,1,1,0,20,5.111815,0.539496,5.651311
oblique,heavy,front-to-back,512,512,512,512,10,1,1,1,0,21,5.573066,0.635447,6.208513
oblique,heavy,front-to-back,512,512,512,512,10,1,1,1,0,22,5.700403,0.643110,6.343513
oblique,heavy,front-to-back,512,512,512,512,10,1,1,1,0,23,5.072757,0.862573,5.935330
oblique,heavy,front-to-back,512,512,512,512,10,1,1,1,0,24,5.241255,0.585414,5.826669
oblique,heavy,front-to-back,512,512,512,512,10,1,1,1,0,25,6.249028,5.201407,11.450435
oblique,heavy,front-to-back,512,512,512,512,10,1,1,1,0,26,6.164814,0.092086,6.256900
oblique,heavy,front-to-back,512,512,512,512,10,1,1,1,0,27,5.536121,0.710689,6.246810
oblique,heavy,front-to-back,512,512,512,512,10,1,1,1,0,28,6.879989,0.076954,6.956943
oblique,heavy,front-to-back,512,512,512,512,10,1,1,1,0,29,5.653299,0.574247,6.227546
oblique,heavy,depth-prepass,512,512,512,512,20,2,1,1,0,0,0.826861,5.283197,6.110058
oblique,heavy,depth-prepass,512,512,512,512,20,2,1,1,0,1,0.889893,4.459552,5.349445
oblique,heavy,depth-prepass,512,512,512,512,20,2,1,1,0,2,5.455763,0.548049,6.003812
oblique,heavy,depth-prepass,512,512,512,512,20,2,1,1,0,3,0.854301,4.843769,5.698070
oblique,heavy,depth-prepass,512,512,512,512,20,2,1,1,0,4,5.891626,0.608238,6.499864
oblique,heavy,depth-prepass,512,512,512,512,20,2,1,1,0,5,0.923262,5.015452,5.938714
oblique,heavy,depth-prepass,512,512,512,512,20,2,1,1,0,6,0.886478,6.744014,7.630492
oblique,heavy,depth-prepass,512,512,512,512,20,2,1,1,0,7,5.702166,0.070484,5.772650
oblique,heavy,depth-prepass,512,512,512,512,20,2,1,1,0,8,1.009780,5.122901,6.132681
oblique,heavy,depth-prepass,512,512,512,512,20,2,1,1,0,9,1.211919,4.812933,6.024852
oblique,heavy,depth-prepass,512,512,512,512,20,2,1,1,0,10,0.826620,4.875396,5.702016
oblique,heavy,depth-prepass,512,512,512,512,20,2,1,1,0,11,0.944414,4.753536,5.697950
oblique,heavy,depth-prepass,512,512,512,512,20,2,1,1,0,12,1.010692,5.234024,6.244716
oblique,heavy,depth-prepass,512,512,512,512,20,2,1,1,0,13,5.398298,0.569911,5.968209
oblique,heavy,depth-prepass,512,512,512,512,20,2,1,1,0,14,0.812830,4.999288,5.812118
oblique,heavy,depth-prepass,512,512,512,512,20,2,1,1,0,15,0.811388,4.461284,5.272672
oblique,heavy,depth-prepass,512,512,512,512,20,2,1,1,0,16,1.030671,5.036694,6.067365
oblique,heavy,depth-prepass,512,512,512,512,20,2,1,1,0,17,1.055028,4.783960,5.838988
oblique,heavy,depth-prepass,512,512,512,512,20,2,1,1,0,18,0.917464,4.521112,5.438576
oblique,heavy,depth-prepass,512,512,512,512,20,2,1,1,0,19,0.978264,11.024151,12.002415
oblique,heavy,depth-prepass,512,512,512,512,20,2,1,1,0,20,0.905887,4.805533,5.711420
oblique,heavy,depth-prepass,512,512,512,512,20,2,1,1,0,21,1.054126,4.918870,5.972996
oblique,heavy,depth-prepass,512,512,512,512,20,2,1,1,0,22,0.842533,4.536365,5.378898
oblique,heavy,depth-prepass,512,512,512,512,20,2,1,1,0,23,0.815804,4.598337,5.414141
oblique,heavy,depth-prepass,512,512,512,512,20,2,1,1,0,24,5.129110,0.602850,5.731960
oblique,heavy,depth-prepass,512,512,512,512,20,2,1,1,0,25,0.900378,4.571538,5.471916
oblique,heavy,depth-prepass,512,512,512,512,20,2,1,1,0,26,0.936863,4.888405,5.825268
oblique,heavy,depth-prepass,512,512,512,512,20,2,1,1,0,27,6.377683,0.036614,6.414297
oblique,heavy,depth-prepass,512,512,512,512,20,2,1,1,0,28,0.943783,4.807715,5.751498
oblique,heavy,depth-prepass,512,512,512,512,20,2,1,1,0,29,5.830616,0.548570,6.379186
oblique,heavy,front-to-back,512,512,512,512,10,1,1,1,1,0,5.452798,0.505365,5.958163
oblique,heavy,front-to-back,512,512,512,512,10,1,1,1,1,1,4.946171,0.557092,5.503263
oblique,heavy,front-to-back,512,512,512,512,10,1,1,1,1,2,4.777532,0.578393,5.355925
oblique,heavy,front-to-back,512,512,512,512,10,1,1,1,1,3,5.123992,0.066108,5.190100
oblique,heavy,front-to-back,512,512,512,512,10,1,1,1,1,4,5.966657,0.034391,6.001048
oblique,heavy,front-to-back,512,512,512,512,10,1,1,1,1,5,4.877839,0.829274,5.707113
oblique,heavy,front-to-back,512,512,512,512,10,1,1,1,1,6,5.238051,0.492287,5.730338
oblique,heavy,front-to-back,512,512,512,512,10,1,1,1,1,7,5.316547,0.091194,5.407741
oblique,heavy,front-to-back,512,512,512,512,10,1,1,1,1,8,4.827585,0.550673,5.378258
oblique,heavy,front-to-back,512,512,512,512,10,1,1,1,1,9,5.097865,1.136958,6.234823
oblique,heavy,front-to-back,512,512,512,512,10,1,1,1,1,10,5.096152,0.532566,5.628718
oblique,heavy,front-to-back,512,512,512,512,10,1,1,1,1,11,5.699512,0.046649,5.746161
oblique,heavy,front-to-back,512,512,512,512,10,1,1,1,1,12,5.368103,1.629114,6.997217
oblique,heavy,front-to-back,512,512,512,512,10,1,1,1,1,13,5.029533,0.658112,5.687645
oblique,heavy,front-to-back,512,512,512,512,10,1,1,1,1,14,5.077634,0.527699,5.605333
oblique,heavy,front-to-back,512,512,512,512,10,1,1,1,1,15,5.547098,0.095731,5.642829
oblique,heavy,front-to-back,512,512,512,512,10,1,1,1,1,16,5.799761,0.073448,5.873209
oblique,heavy,front-to-back,512,512,512,512,10,1,1,1,1,17,5.883424,2.238894,8.122318
oblique,heavy,front-to-back,512,512,512,512,10,1,1,1,1,18,5.122860,0.827822,5.950682
oblique,heavy,front-to-back,512,512,512,512,10,1,1,1,1,19,5.588008,0.581298,6.169306
oblique,heavy,front-to-back,512,512,512,512,10,1,1,1,1,20,5.275366,0.701555,5.976921
oblique,heavy,front-to-back,512,512,512,512,10,1,1,1,1,21,5.489432,0.058927,5.548359
oblique,heavy,front-to-back,512,512,512,512,10,1,1,1,1,22,4.838952,0.555079,5.394031
oblique,heavy,front-to-back,512,512,512,512,10,1,1,1,1,23,4.763771,0.501800,5.265571
oblique,heavy,front-to-back,512,512,512,512,10,1,1,1,1,24,4.709742,0.513237,5.222979
oblique,heavy,front-to-back,512,512,512,512,10,1,1,1,1,25,5.128350,0.024946,5.153296
oblique,heavy,front-to-back,512,512,512,512,10,1,1,1,1,26,5.013810,0.543251,5.557061
oblique,heavy,front-to-back,512,512,512,512,10,1,1,1,1,27,5.595719,0.090604,5.686323
oblique,heavy,front-to-back,512,512,512,512,10,1,1,1,1,28,5.197661,0.628798,5.826459
oblique,heavy,front-to-back,512,512,512,512,10,1,1,1,1,29,5.534869,0.835253,6.370122
oblique,heavy,depth-prepass,512,512,512,512,20,2,1,1,1,0,1.037612,5.906488,6.944100
oblique,heavy,depth-prepass,512,512,512,512,20,2,1,1,1,1,0.830857,5.404246,6.235103
oblique,heavy,depth-prepass,512,512,512,512,20,2,1,1,1,2,0.792259,5.424506,6.216765
oblique,heavy,depth-prepass,512,512,512,512,20,2,1,1,1,3,0.789895,5.430576,6.220471
oblique,heavy,depth-prepass,512,512,512,512,20,2,1,1,1,4,16.939902,0.849163,17.789065
oblique,heavy,depth-prepass,512,512,512,512,20,2,1,1,1,5,5.973977,0.710639,6.684616
oblique,heavy,depth-prepass,512,512,512,512,20,2,1,1,1,6,0.810817,5.996270,6.807087
oblique,heavy,depth-prepass,512,512,512,512,20,2,1,1,1,7,6.180662,0.655508,6.836170
oblique,heavy,depth-prepass,512,512,512,512,20,2,1,1,1,8,0.809766,5.248501,6.058267
oblique,heavy,depth-prepass,512,512,512,512,20,2,1,1,1,9,1.097730,5.436554,6.534284
oblique,heavy,depth-prepass,512,512,512,512,20,2,1,1,1,10,6.509523,0.658252,7.167775
oblique,heavy,depth-prepass,512,512,512,512,20,2,1,1,1,11,0.828373,7.136162,7.964535
oblique,heavy,depth-prepass,512,512,512,512,20,2,1,1,1,12,0.769626,5.757733,6.527359
oblique,heavy,depth-prepass,512,512,512,512,20,2,1,1,1,13,6.162396,0.612914,6.775310
oblique,heavy,depth-prepass,512,512,512,512,20,2,1,1,1,14,0.788724,6.202359,6.991083
oblique,heavy,depth-prepass,512,512,512,512,20,2,1,1,1,15,0.861762,5.603977,6.465739
oblique,heavy,depth-prepass,512,512,512,512,20,2,1,1,1,16,0.982140,5.422893,6.405033
oblique,heavy,depth-prepass,512,512,512,512,20,2,1,1,1,17,0.881541,5.485737,6.367278
oblique,heavy,depth-prepass,512,512,512,512,20,2,1,1,1,18,0.766211,5.428221,6.194432
oblique,heavy,depth-prepass,512,512,512,512,20,2,1,1,1,19,0.845789,5.851562,6.697351
oblique,heavy,depth-prepass,512,512,512,512,20,2,1,1,1,20,0.825799,6.133873,6.959672
oblique,heavy,depth-prepass,512,512,512,512,20,2,1,1,1,21,0.882693,5.980927,6.863620
oblique,heavy,depth-prepass,512,512,512,512,20,2,1,1,1,22,0.795103,5.312071,6.107174
oblique,heavy,depth-prepass,512,512,512,512,20,2,1,1,1,23,0.789525,5.625718,6.415243
oblique,heavy,depth-prepass,512,512,512,512,20,2,1,1,1,24,0.797336,5.717269,6.514605
oblique,heavy,depth-prepass,512,512,512,512,20,2,1,1,1,25,5.163131,0.991313,6.154444
oblique,heavy,depth-prepass,512,512,512,512,20,2,1,1,1,26,6.463925,0.039468,6.503393
oblique,heavy,depth-prepass,512,512,512,512,20,2,1,1,1,27,5.308836,0.622889,5.931725
oblique,heavy,depth-prepass,512,512,512,512,20,2,1,1,1,28,0.786450,4.864660,5.651110
oblique,heavy,depth-prepass,512,512,512,512,20,2,1,1,1,29,0.994768,4.873143,5.867911
oblique,heavy,back-to-front,512,512,512,512,10,1,1,1,1,0,6.340788,0.558645,6.899433
oblique,heavy,back-to-front,512,512,512,512,10,1,1,1,1,1,6.842890,0.030425,6.873315
oblique,heavy,back-to-front,512,512,512,512,10,1,1,1,1,2,6.603316,0.031877,6.635193
oblique,heavy,back-to-front,512,512,512,512,10,1,1,1,1,3,7.347074,0.008763,7.355837
oblique,heavy,back-to-front,512,512,512,512,10,1,1,1,1,4,6.695522,0.535500,7.231022
oblique,heavy,back-to-front,512,512,512,512,10,1,1,1,1,5,6.375309,0.575279,6.950588
oblique,heavy,back-to-front,512,512,512,512,10,1,1,1,1,6,10.203725,0.594918,10.798643
oblique,heavy,back-to-front,512,512,512,512,10,1,1,1,1,7,7.486680,0.032118,7.518798
oblique,heavy,back-to-front,512,512,512,512,10,1,1,1,1,8,5.874591,0.613305,6.487896
oblique,heavy,back-to-front,512,512,512,512,10,1,1,1,1,9,6.981445,0.560197,7.541642
oblique,heavy,back-to-front,512,512,512,512,10,1,1,1,1,10,7.055153,0.058877,7.114030
oblique,heavy,back-to-front,512,512,512,512,10,1,1,1,1,11,5.828683,0.549521,6.378204
oblique,heavy,back-to-front,512,512,512,512,10,1,1,1,1,12,5.909612,0.613606,6.523218
oblique,heavy,back-to-front,512,512,512,512,10,1,1,1,1,13,6.095327,0.531504,6.626831
oblique,heavy,back-to-front,512,512,512,512,10,1,1,1,1,14,6.064782,0.560116,6.624898
oblique,heavy,back-to-front,512,512,512,512,10,1,1,1,1,15,6.618228,0.030835,6.649063
oblique,heavy,back-to-front,512,512,512,512,10,1,1,1,1,16,6.329953,0.031447,6.361400
oblique,heavy,back-to-front,512,512,512,512,10,1,1,1,1,17,6.474085,0.595419,7.069504
oblique,heavy,back-to-front,512,512,512,512,10,1,1,1,1,18,6.311115,0.603100,6.914215
oblique,heavy,back-to-front,512,512,512,512,10,1,1,1,1,19,5.957313,0.625543,6.582856
oblique,heavy,back-to-front,512,512,512,512,10,1,1,1,1,20,6.308781,0.029714,6.338495
oblique,heavy,back-to-front,512,512,512,512,10,1,1,1,1,21,5.953407,0.655387,6.608794
oblique,heavy,back-to-front,512,512,512,512,10,1,1,1,1,22,6.623936,0.029033,6.652969
oblique,heavy,back-to-front,512,512,512,512,10,1,1,1,1,23,6.293519,0.557773,6.851292
oblique,heavy,back-to-front,512,512,512,512,10,1,1,1,1,24,5.875311,0.608789,6.484100
oblique,heavy,back-to-front,512,512,512,512,10,1,1,1,1,25,5.908901,0.569220,6.478121
oblique,heavy,back-to-front,512,512,512,512,10,1,1,1,1,26,5.919757,1.805975,7.725732
oblique,heavy,back-to-front,512,512,512,512,10,1,1,1,1,27,6.166862,0.686503,6.853365
oblique,heavy,back-to-front,512,512,512,512,10,1,1,1,1,28,5.903979,0.606295,6.510274
oblique,heavy,back-to-front,512,512,512,512,10,1,1,1,1,29,5.974418,0.527889,6.502307
oblique,heavy,depth-prepass,512,512,512,512,20,2,1,1,2,0,0.931274,4.810941,5.742215
oblique,heavy,depth-prepass,512,512,512,512,20,2,1,1,2,1,5.945415,0.494580,6.439995
oblique,heavy,depth-prepass,512,512,512,512,20,2,1,1,2,2,5.479057,0.647295,6.126352
oblique,heavy,depth-prepass,512,512,512,512,20,2,1,1,2,3,5.772761,0.591983,6.364744
oblique,heavy,depth-prepass,512,512,512,512,20,2,1,1,2,4,5.940087,0.027841,5.967928
oblique,heavy,depth-prepass,512,512,512,512,20,2,1,1,2,5,0.827431,4.537853,5.365284
oblique,heavy,depth-prepass,512,512,512,512,20,2,1,1,2,6,0.990131,4.313156,5.303287
oblique,heavy,depth-prepass,512,512,512,512,20,2,1,1,2,7,5.115971,0.486057,5.602028
oblique,heavy,depth-prepass,512,512,512,512,20,2,1,1,2,8,0.870345,12.303529,13.173874
oblique,heavy,depth-prepass,512,512,512,512,20,2,1,1,2,9,1.908097,4.514553,6.422650
oblique,heavy,depth-prepass,512,512,512,512,20,2,1,1,2,10,1.052083,4.502446,5.554529
oblique,heavy,depth-prepass,512,512,512,512,20,2,1,1,2,11,1.023391,4.633979,5.657370
oblique,heavy,depth-prepass,512,512,512,512,20,2,1,1,2,12,6.264165,0.085737,6.349902
oblique,heavy,depth-prepass,512,512,512,512,20,2,1,1,2,13,5.665071,0.635628,6.300699
oblique,heavy,depth-prepass,512,512,512,512,20,2,1,1,2,14,6.270925,0.105476,6.376401
oblique,heavy,depth-prepass,512,512,512,512,20,2,1,1,2,15,0.981508,4.935405,5.916913
oblique,heavy,depth-prepass,512,512,512,512,20,2,1,1,2,16,5.976510,0.089202,6.065712
oblique,heavy,depth-prepass,512,512,512,512,20,2,1,1,2,17,1.330223,4.151688,5.481911
oblique,heavy,depth-prepass,512,512,512,512,20,2,1,1,2,18,0.971614,4.440153,5.411767
oblique,heavy,depth-prepass,512,512,512,512,20,2,1,1,2,19,5.375544,0.100198,5.475742
oblique,heavy,depth-prepass,512,512,512,512,20,2,1,1,2,20,4.914844,0.553036,5.467880
oblique,heavy,depth-prepass,512,512,512,512,20,2,1,1,2,21,5.558043,0.087860,5.645903
oblique,heavy,depth-prepass,512,512,512,512,20,2,1,1,2,22,5.492897,1.272148,6.765045
oblique,heavy,depth-prepass,512,512,512,512,20,2,1,1,2,23,5.277700,0.134188,5.411888
oblique,heavy,depth-prepass,512,512,512,512,20,2,1,1,2,24,4.981252,0.531515,5.512767
oblique,heavy,depth-prepass,512,512,512,512,20,2,1,1,2,25,5.604733,0.145735,5.750468
oblique,heavy,depth-prepass,512,512,512,512,20,2,1,1,2,26,0.943543,4.644895,5.588438
oblique,heavy,depth-prepass,512,512,512,512,20,2,1,1,2,27,5.659302,0.092837,5.752139
oblique,heavy,depth-prepass,512,512,512,512,20,2,1,1,2,28,0.950503,5.358569,6.309072
oblique,heavy,depth-prepass,512,512,512,512,20,2,1,1,2,29,6.391473,0.567999,6.959472
oblique,heavy,back-to-front,512,512,512,512,10,1,1,1,2,0,6.333061,0.659634,6.992695
oblique,heavy,back-to-front,512,512,512,512,10,1,1,1,2,1,6.219560,0.662397,6.881957
oblique,heavy,back-to-front,512,512,512,512,10,1,1,1,2,2,6.250895,0.642278,6.893173
oblique,heavy,back-to-front,512,512,512,512,10,1,1,1,2,3,6.690044,0.032989,6.723033
oblique,heavy,back-to-front,512,512,512,512,10,1,1,1,2,4,6.501406,0.098165,6.599571
oblique,heavy,back-to-front,512,512,512,512,10,1,1,1,2,5,6.233781,0.638433,6.872214
oblique,heavy,back-to-front,512,512,512,512,10,1,1,1,2,6,7.225475,0.033449,7.258924
oblique,heavy,back-to-front,512,512,512,512,10,1,1,1,2,7,6.794508,0.034380,6.828888
oblique,heavy,back-to-front,512,512,512,512,10,1,1,1,2,8,6.193482,0.617461,6.810943
oblique,heavy,back-to-front,512,512,512,512,10,1,1,1,2,9,6.012614,0.538495,6.551109
oblique,heavy,back-to-front,512,512,512,512,10,1,1,1,2,10,6.079433,0.575770,6.655203
oblique,heavy,back-to-front,512,512,512,512,10,1,1,1,2,11,6.871907,0.038757,6.910664
oblique,heavy,back-to-front,512,512,512,512,10,1,1,1,2,12,9.194851,0.567217,9.762068
oblique,heavy,back-to-front,512,512,512,512,10,1,1,1,2,13,13.991440,0.592475,14.583915
oblique,heavy,back-to-front,512,512,512,512,10,1,1,1,2,14,6.691676,0.031446,6.723122
oblique,heavy,back-to-front,512,512,512,512,10,1,1,1,2,15,6.950589,0.600496,7.551085
oblique,heavy,back-to-front,512,512,512,512,10,1,1,1,2,16,5.919887,0.589671,6.509558
oblique,heavy,back-to-front,512,512,512,512,10,1,1,1,2,17,6.055117,0.588078,6.643195
oblique,heavy,back-to-front,512,512,512,512,10,1,1,1,2,18,6.409941,0.637050,7.046991
oblique,heavy,back-to-front,512,512,512,512,10,1,1,1,2,19,6.105431,0.546377,6.651808
oblique,heavy,back-to-front,512,512,512,512,10,1,1,1,2,20,6.569866,0.033330,6.603196
oblique,heavy,back-to-front,512,512,512,512,10,1,1,1,2,21,6.485472,0.031216,6.516688
oblique,heavy,back-to-front,512,512,512,512,10,1,1,1,2,22,6.539643,0.031146,6.570789
oblique,heavy,back-to-front,512,512,512,512,10,1,1,1,2,23,5.910253,0.745871,6.656124
oblique,heavy,back-to-front,512,512,512,512,10,1,1,1,2,24,6.487886,0.029664,6.517550
oblique,heavy,back-to-front,512,512,512,512,10,1,1,1,2,25,6.000025,0.618142,6.618167
oblique,heavy,back-to-front,512,512,512,512,10,1,1,1,2,26,6.413667,0.077154,6.490821
oblique,heavy,back-to-front,512,512,512,512,10,1,1,1,2,27,5.833279,0.585204,6.418483
oblique,heavy,back-to-front,512,512,512,512,10,1,1,1,2,28,7.268798,0.591844,7.860642
oblique,heavy,back-to-front,512,512,512,512,10,1,1,1,2,29,6.482578,0.032558,6.515136
oblique,heavy,front-to-back,512,512,512,512,10,1,1,1,2,0,5.186985,0.513989,5.700974
oblique,heavy,front-to-back,512,512,512,512,10,1,1,1,2,1,5.137662,0.498236,5.635898
oblique,heavy,front-to-back,512,512,512,512,10,1,1,1,2,2,5.103583,0.562350,5.665933
oblique,heavy,front-to-back,512,512,512,512,10,1,1,1,2,3,4.813414,0.546918,5.360332
oblique,heavy,front-to-back,512,512,512,512,10,1,1,1,2,4,4.764072,0.552004,5.316076
oblique,heavy,front-to-back,512,512,512,512,10,1,1,1,2,5,4.892271,0.594507,5.486778
oblique,heavy,front-to-back,512,512,512,512,10,1,1,1,2,6,4.805993,0.542530,5.348523
oblique,heavy,front-to-back,512,512,512,512,10,1,1,1,2,7,5.034060,0.033289,5.067349
oblique,heavy,front-to-back,512,512,512,512,10,1,1,1,2,8,5.038908,0.033709,5.072617
oblique,heavy,front-to-back,512,512,512,512,10,1,1,1,2,9,4.759615,0.559306,5.318921
oblique,heavy,front-to-back,512,512,512,512,10,1,1,1,2,10,4.457289,0.520989,4.978278
oblique,heavy,front-to-back,512,512,512,512,10,1,1,1,2,11,6.645438,0.551384,7.196822
oblique,heavy,front-to-back,512,512,512,512,10,1,1,1,2,12,4.735730,0.522691,5.258421
oblique,heavy,front-to-back,512,512,512,512,10,1,1,1,2,13,5.063924,0.032938,5.096862
oblique,heavy,front-to-back,512,512,512,512,10,1,1,1,2,14,5.568629,0.034200,5.602829
oblique,heavy,front-to-back,512,512,512,512,10,1,1,1,2,15,4.839232,0.553237,5.392469
oblique,heavy,front-to-back,512,512,512,512,10,1,1,1,2,16,5.334634,0.034070,5.368704
oblique,heavy,front-to-back,512,512,512,512,10,1,1,1,2,17,5.450895,0.037275,5.488170
oblique,heavy,front-to-back,512,512,512,512,10,1,1,1,2,18,5.370617,0.064525,5.435142
oblique,heavy,front-to-back,512,512,512,512,10,1,1,1,2,19,5.533587,0.034170,5.567757
oblique,heavy,front-to-back,512,512,512,512,10,1,1,1,2,20,5.198112,0.611092,5.809204
oblique,heavy,front-to-back,512,512,512,512,10,1,1,1,2,21,5.011987,0.619114,5.631101
oblique,heavy,front-to-back,512,512,512,512,10,1,1,1,2,22,4.952419,0.631402,5.583821
oblique,heavy,front-to-back,512,512,512,512,10,1,1,1,2,23,4.958909,0.643691,5.602600
oblique,heavy,front-to-back,512,512,512,512,10,1,1,1,2,24,4.984867,0.501801,5.486668
oblique,heavy,front-to-back,512,512,512,512,10,1,1,1,2,25,5.275186,0.058426,5.333612
oblique,heavy,front-to-back,512,512,512,512,10,1,1,1,2,26,5.023004,0.055071,5.078075
oblique,heavy,front-to-back,512,512,512,512,10,1,1,1,2,27,5.147017,0.024256,5.171273
oblique,heavy,front-to-back,512,512,512,512,10,1,1,1,2,28,5.652723,0.077975,5.730698
oblique,heavy,front-to-back,512,512,512,512,10,1,1,1,2,29,4.773115,0.545375,5.318490
overhead,light,back-to-front,512,512,512,512,10,1,1,1,0,0,1.616847,0.577211,2.194058
overhead,light,back-to-front,512,512,512,512,10,1,1,1,0,1,2.028815,0.572495,2.601310
overhead,light,back-to-front,512,512,512,512,10,1,1,1,0,2,1.484081,0.638853,2.122934
overhead,light,back-to-front,512,512,512,512,10,1,1,1,0,3,1.599571,0.587647,2.187218
overhead,light,back-to-front,512,512,512,512,10,1,1,1,0,4,1.560914,0.555850,2.116764
overhead,light,back-to-front,512,512,512,512,10,1,1,1,0,5,1.631378,0.548810,2.180188
overhead,light,back-to-front,512,512,512,512,10,1,1,1,0,6,1.744915,0.620837,2.365752
overhead,light,back-to-front,512,512,512,512,10,1,1,1,0,7,1.578279,0.597422,2.175701
overhead,light,back-to-front,512,512,512,512,10,1,1,1,0,8,1.634142,0.583651,2.217793
overhead,light,back-to-front,512,512,512,512,10,1,1,1,0,9,1.588575,0.592464,2.181039
overhead,light,back-to-front,512,512,512,512,10,1,1,1,0,10,1.623496,0.519537,2.143033
overhead,light,back-to-front,512,512,512,512,10,1,1,1,0,11,1.473976,0.500799,1.974775
overhead,light,back-to-front,512,512,512,512,10,1,1,1,0,12,1.828559,0.546827,2.375386
overhead,light,back-to-front,512,512,512,512,10,1,1,1,0,13,1.694721,0.883054,2.577775
overhead,light,back-to-front,512,512,512,512,10,1,1,1,0,14,1.744555,0.732822,2.477377
overhead,light,back-to-front,512,512,512,512,10,1,1,1,0,15,1.679539,0.608679,2.288218
overhead,light,back-to-front,512,512,512,512,10,1,1,1,0,16,1.681862,0.570663,2.252525
overhead,light,back-to-front,512,512,512,512,10,1,1,1,0,17,1.616266,0.611652,2.227918
overhead,light,back-to-front,512,512,512,512,10,1,1,1,0,18,1.562716,0.579896,2.142612
overhead,light,back-to-front,512,512,512,512,10,1,1,1,0,19,1.744224,0.632844,2.377068
overhead,light,back-to-front,512,512,512,512,10,1,1,1,0,20,1.677967,0.597371,2.275338
overhead,light,back-to-front,512,512,512,512,10,1,1,1,0,21,1.738627,0.666433,2.405060
overhead,light,back-to-front,512,512,512,512,10,1,1,1,0,22,1.532322,0.676359,2.208681
overhead,light,back-to-front,512,512,512,512,10,1,1,1,0,23,1.697015,0.625363,2.322378
overhead,light,back-to-front,512,512,512,512,10,1,1,1,0,24,1.672339,0.639444,2.311783
overhead,light,back-to-front,512,512,512,512,10,1,1,1,0,25,1.770023,0.648427,2.418450
overhead,light,back-to-front,512,512,512,512,10,1,1,1,0,26,1.606992,0.597001,2.203993
overhead,light,back-to-front,512,512,512,512,10,1,1,1,0,27,1.770403,0.669108,2.439511
overhead,light,back-to-front,512,512,512,512,10,1,1,1,0,28,1.546783,0.578474,2.125257
overhead,light,back-to-front,512,512,512,512,10,1,1,1,0,29,1.922347,0.056403,1.978750
overhead,light,front-to-back,512,512,512,512,10,1,1,1,0,0,1.754249,0.526407,2.280656
overhead,light,front-to-back,512,512,512,512,10,1,1,1,0,1,1.323243,0.667205,1.990448
overhead,light,front-to-back,512,512,512,512,10,1,1,1,0,2,1.375289,0.562741,1.938030
overhead,light,front-to-back,512,512,512,512,10,1,1,1,0,3,1.463870,0.566306,2.030176
overhead,light,front-to-back,512,512,512,512,10,1,1,1,0,4,1.267431,0.539817,1.807248
overhead,light,front-to-back,512,512,512,512,10,1,1,1,0,5,1.748962,0.577983,2.326945
overhead,light,front-to-back,512,512,512,512,10,1,1,1,0,6,1.975435,0.037516,2.012951
overhead,light,front-to-back,512,512,512,512,10,1,1,1,0,7,1.548466,0.624792,2.173258
overhead,light,front-to-back,512,512,512,512,10,1,1,1,0,8,1.532562,0.643089,2.175651
overhead,light,front-to-back,512,512,512,512,10,1,1,1,0,9,2.004869,0.033149,2.038018
overhead,light,front-to-back,512,512,512,512,10,1,1,1,0,10,1.403722,0.597171,2.000893
overhead,light,front-to-back,512,512,512,512,10,1,1,1,0,11,1.406666,0.546667,1.953333
overhead,light,front-to-back,512,512,512,512,10,1,1,1,0,12,1.761641,0.049182,1.810823
overhead,light,front-to-back,512,512,512,512,10,1,1,1,0,13,1.508236,0.598003,2.106239
overhead,light,front-to-back,512,512,512,512,10,1,1,1,0,14,1.736763,0.626555,2.363318
overhead,light,front-to-back,512,512,512,512,10,1,1,1,0,15,4.119240,0.533367,4.652607
overhead,light,front-to-back,512,512,512,512,10,1,1,1,0,16,2.236812,0.543031,2.779843
overhead,light,front-to-back,512,512,512,512,10,1,1,1,0,17,1.909910,0.710899,2.620809
overhead,light,front-to-back,512,512,512,512,10,1,1,1,0,18,2.283451,0.029463,2.312914
overhead,light,front-to-back,512,512,512,512,10,1,1,1,0,19,4.237014,0.116251,4.353265
overhead,light,front-to-back,512,512,512,512,10,1,1,1,0,20,1.571951,0.556301,2.128252
overhead,light,front-to-back,512,512,512,512,10,1,1,1,0,21,2.227148,0.034290,2.261438
overhead,light,front-to-back,512,512,512,512,10,1,1,1,0,22,1.645810,0.684770,2.330580
overhead,light,front-to-back,512,512,512,512,10,1,1,1,0,23,2.591906,0.028412,2.620318
overhead,light,front-to-back,512,512,512,512,10,1,1,1,0,24,1.596297,0.670359,2.266656
overhead,light,front-to-back,512,512,512,512,10,1,1,1,0,25,2.121662,0.072597,2.194259
overhead,light,front-to-back,512,512,512,512,10,1,1,1,0,26,1.604899,0.585184,2.190083
overhead,light,front-to-back,512,512,512,512,10,1,1,1,0,27,1.496068,0.893248,2.389316
overhead,light,front-to-back,512,512,512,512,10,1,1,1,0,28,1.440726,0.633245,2.073971
overhead,light,front-to-back,512,512,512,512,10,1,1,1,0,29,1.570699,0.611352,2.182051
overhead,light,depth-prepass,512,512,512,512,20,2,1,1,0,0,1.922558,0.595549,2.518107
overhead,light,depth-prepass,512,512,512,512,20,2,1,1,0,1,1.935778,0.639193,2.574971
overhead,light,depth-prepass,512,512,512,512,20,2,1,1,0,2,1.066815,1.330023,2.396838
overhead,light,depth-prepass,512,512,512,512,20,2,1,1,0,3,2.035665,0.635188,2.670853
overhead,light,depth-prepass,512,512,512,512,20,2,1,1,0,4,1.971820,0.667906,2.639726
overhead,light,depth-prepass,512,512,512,512,20,2,1,1,0,5,2.004729,0.679443,2.684172
overhead,light,depth-prepass,512,512,512,512,20,2,1,1,0,6,1.996227,0.614597,2.610824
overhead,light,depth-prepass,512,512,512,512,20,2,1,1,0,7,2.064898,0.644391,2.709289
overhead,light,depth-prepass,512,512,512,512,20,2,1,1,0,8,1.996727,0.655838,2.652565
overhead,light,depth-prepass,512,512,512,512,20,2,1,1,0,9,2.039771,0.667986,2.707757
overhead,light,depth-prepass,512,512,512,512,20,2,1,1,0,10,1.916609,0.672884,2.589493
overhead,light,depth-prepass,512,512,512,512,20,2,1,1,0,11,2.038389,0.665132,2.703521
overhead,light,depth-prepass,512,512,512,512,20,2,1,1,0,12,2.255890,0.652764,2.908654
overhead,light,depth-prepass,512,512,512,512,20,2,1,1,0,13,2.028935,0.639504,2.668439
overhead,light,depth-prepass,512,512,512,512,20,2,1,1,0,14,2.009946,0.675097,2.685043
overhead,light,depth-prepass,512,512,512,512,20,2,1,1,0,15,2.042946,0.654926,2.697872
overhead,light,depth-prepass,512,512,512,512,20,2,1,1,0,16,1.986292,0.653605,2.639897
overhead,light,depth-prepass,512,512,512,512,20,2,1,1,0,17,1.978600,0.646475,2.625075
overhead,light,depth-prepass,512,512,512,512,20,2,1,1,0,18,1.986422,0.629759,2.616181
overhead,light,depth-prepass,512,512,512,512,20,2,1,1,0,19,0.997453,1.233681,2.231134
overhead,light,depth-prepass,512,512,512,512,20,2,1,1,0,20,1.040316,1.266710,2.307026
overhead,light,depth-prepass,512,512,512,512,20,2,1,1,0,21,1.861878,0.710999,2.572877
overhead,light,depth-prepass,512,512,512,512,20,2,1,1,0,22,2.125468,0.650219,2.775687
overhead,light,depth-prepass,512,512,512,512,20,2,1,1,0,23,2.127861,0.635398,2.763259
overhead,light,depth-prepass,512,512,512,512,20,2,1,1,0,24,2.087731,0.698201,2.785932
overhead,light,depth-prepass,512,512,512,512,20,2,1,1,0,25,1.982877,0.677270,2.660147
overhead,light,depth-prepass,512,512,512,512,20,2,1,1,0,26,2.006181,0.605994,2.612175
overhead,light,depth-prepass,512,512,512,512,20,2,1,1,0,27,1.930299,0.661717,2.592016
overhead,light,depth-prepass,512,512,512,512,20,2,1,1,0,28,2.046631,0.637882,2.684513
overhead,light,depth-prepass,512,512,512,512,20,2,1,1,0,29,0.989330,1.284246,2.273576
overhead,light,front-to-back,512,512,512,512,10,1,1,1,1,0,1.740950,0.570452,2.311402
overhead,light,front-to-back,512,512,512,512,10,1,1,1,1,1,1.767589,0.563071,2.330660
overhead,light,front-to-back,512,512,512,512,10,1,1,1,1,2,1.664251,0.525946,2.190197
overhead,light,front-to-back,512,512,512,512,10,1,1,1,1,3,1.782841,0.572596,2.355437
overhead,light,front-to-back,512,512,512,512,10,1,1,1,1,4,1.554935,0.580937,2.135872
overhead,light,front-to-back,512,512,512,512,10,1,1,1,1,5,1.561455,0.569080,2.130535
overhead,light,front-to-back,512,512,512,512,10,1,1,1,1,6,1.641964,0.526527,2.168491
overhead,light,front-to-back,512,512,512,512,10,1,1,1,1,7,1.499683,0.581909,2.081592
overhead,light,front-to-back,512,512,512,512,10,1,1,1,1,8,1.686048,0.525025,2.211073
overhead,light,front-to-back,512,512,512,512,10,1,1,1,1,9,1.579962,0.702062,2.282024
overhead,light,front-to-back,512,512,512,512,10,1,1,1,1,10,1.701261,0.581459,2.282720
overhead,light,front-to-back,512,512,512,512,10,1,1,1,1,11,1.507666,0.578844,2.086510
overhead,light,front-to-back,512,512,512,512,10,1,1,1,1,12,1.599921,0.559236,2.159157
overhead,light,front-to-back,512,512,512,512,10,1,1,1,1,13,1.637136,0.567959,2.205095
overhead,light,front-to-back,512,512,512,512,10,1,1,1,1,14,1.566092,0.587076,2.153168
overhead,light,front-to-back,512,512,512,512,10,1,1,1,1,15,1.474056,1.005003,2.479059
overhead,light,front-to-back,512,512,512,512,10,1,1,1,1,16,1.594994,0.597833,2.192827
overhead,light,front-to-back,512,512,512,512,10,1,1,1,1,17,1.762071,0.611803,2.373874
overhead,light,front-to-back,512,512,512,512,10,1,1,1,1,18,1.666780,0.640526,2.307306
overhead,light,front-to-back,512,512,512,512,10,1,1,1,1,19,1.612971,0.554929,2.167900
overhead,light,front-to-back,512,512,512,512,10,1,1,1,1,20,1.635784,0.612434,2.248218
overhead,light,front-to-back,512,512,512,512,10,1,1,1,1,21,1.679579,0.586145,2.265724
overhead,light,front-to-back,512,512,512,512,10,1,1,1,1,22,1.725196,0.614727,2.339923
overhead,light,front-to-back,512,512,512,512,10,1,1,1,1,23,1.653831,0.633475,2.287306
overhead,light,front-to-back,512,512,512,512,10,1,1,1,1,24,1.675493,0.611753,2.287246
overhead,light,front-to-back,512,512,512,512,10,1,1,1,1,25,1.618619,0.584613,2.203232
overhead,light,front-to-back,512,512,512,512,10,1,1,1,1,26,1.696944,0.538265,2.235209
overhead,light,front-to-back,512,512,512,512,10,1,1,1,1,27,1.550258,0.586666,2.136924
overhead,light,front-to-back,512,512,512,512,10,1,1,1,1,28,1.669734,0.727043,2.396777
overhead,light,front-to-back,512,512,512,512,10,1,1,1,1,29,1.515086,0.654145,2.169231
overhead,light,depth-prepass,512,512,512,512,20,2,1,1,1,0,1.062207,1.400337,2.462544
overhead,light,depth-prepass,512,512,512,512,20,2,1,1,1,1,1.858994,0.667014,2.526008
overhead,light,depth-prepass,512,512,512,512,20,2,1,1,1,2,1.208543,1.406156,2.614699
overhead,light,depth-prepass,512,512,512,512,20,2,1,1,1,3,0.993757,1.542166,2.535923
overhead,light,depth-prepass,512,512,512,512,20,2,1,1,1,4,1.054536,1.394178,2.448714
overhead,light,depth-prepass,512,512,512,512,20,2,1,1,1,5,0.931245,1.513394,2.444639
overhead,light,depth-prepass,512,512,512,512,20,2,1,1,1,6,0.955270,1.384454,2.339724
overhead,light,depth-prepass,512,512,512,512,20,2,1,1,1,7,0.901661,2.952238,3.853899
overhead,light,depth-prepass,512,512,512,512,20,2,1,1,1,8,1.229675,4.044019,5.273694
overhead,light,depth-prepass,512,512,512,512,20,2,1,1,1,9,2.065859,0.925436,2.991295
overhead,light,depth-prepass,512,512,512,512,20,2,1,1,1,10,2.339473,0.739862,3.079335
overhead,light,depth-prepass,512,512,512,512,20,2,1,1,1,11,0.950624,1.328651,2.279275
overhead,light,depth-prepass,512,512,512,512,20,2,1,1,1,12,0.876945,1.967804,2.844749
overhead,light,depth-prepass,512,512,512,512,20,2,1,1,1,13,1.008799,1.834288,2.843087
overhead,light,depth-prepass,512,512,512,512,20,2,1,1,1,14,2.166087,0.833941,3.000028
overhead,light,depth-prepass,512,512,512,512,20,2,1,1,1,15,2.592407,0.733652,3.326059
overhead,light,depth-prepass,512,512,512,512,20,2,1,1,1,16,0.968670,1.787889,2.756559
overhead,light,depth-prepass,512,512,512,512,20,2,1,1,1,17,0.930273,1.644067,2.574340
overhead,light,depth-prepass,512,512,512,512,20,2,1,1,1,18,0.909993,1.676244,2.586237
overhead,light,depth-prepass,512,512,512,512,20,2,1,1,1,19,0.999526,1.772996,2.772522
overhead,light,depth-prepass,512,512,512,512,20,2,1,1,1,20,1.185991,1.762832,2.948823
overhead,light,depth-prepass,512,512,512,512,20,2,1,1,1,21,1.070029,1.761210,2.831239
overhead,light,depth-prepass,512,512,512,512,20,2,1,1,1,22,0.918055,1.955206,2.873261
overhead,light,depth-prepass,512,512,512,512,20,2,1,1,1,23,0.983672,1.643546,2.627218
overhead,light,depth-prepass,512,512,512,512,20,2,1,1,1,24,1.002800,1.849170,2.851970
overhead,light,depth-prepass,512,512,512,512,20,2,1,1,1,25,0.951484,2.105648,3.057132
overhead,light,depth-prepass,512,512,512,512,20,2,1,1,1,26,1.041458,1.502447,2.543905
overhead,light,depth-prepass,512,512,512,512,20,2,1,1,1,27,2.043616,0.734695,2.778311
overhead,light,depth-prepass,512,512,512,512,20,2,1,1,1,28,2.227859,0.826880,3.054739
overhead,light,depth-prepass,512,512,512,512,20,2,1,1,1,29,2.286966,0.750878,3.037844
overhead,light,back-to-front,512,512,512,512,10,1,1,1,1,0,1.724415,0.753723,2.478138
overhead,light,back-to-front,512,512,512,512,10,1,1,1,1,1,1.778735,0.716728,2.495463
overhead,light,back-to-front,512,512,512,512,10,1,1,1,1,2,1.974054,1.236445,3.210499
overhead,light,back-to-front,512,512,512,512,10,1,1,1,1,3,2.607418,0.700995,3.308413
overhead,light,back-to-front,512,512,512,512,10,1,1,1,1,4,1.775361,0.770848,2.546209
overhead,light,back-to-front,512,512,512,512,10,1,1,1,1,5,1.947865,0.841442,2.789307
overhead,light,back-to-front,512,512,512,512,10,1,1,1,1,6,2.225605,0.760162,2.985767
overhead,light,back-to-front,512,512,512,512,10,1,1,1,1,7,1.862028,0.783547,2.645575
overhead,light,back-to-front,512,512,512,512,10,1,1,1,1,8,1.978821,0.707434,2.686255
overhead,light,back-to-front,512,512,512,512,10,1,1,1,1,9,2.089634,0.730839,2.820473
overhead,light,back-to-front,512,512,512,512,10,1,1,1,1,10,1.800788,0.648167,2.448955
overhead,light,back-to-front,512,512,512,512,10,1,1,1,1,11,2.085238,1.544710,3.629948
overhead,light,back-to-front,512,512,512,512,10,1,1,1,1,12,1.765136,0.685531,2.450667
overhead,light,back-to-front,512,512,512,512,10,1,1,1,1,13,1.850131,0.723067,2.573198
overhead,light,back-to-front,512,512,512,512,10,1,1,1,1,14,1.827147,0.671180,2.498327
overhead,light,back-to-front,512,512,512,512,10,1,1,1,1,15,1.715512,0.720905,2.436417
overhead,light,back-to-front,512,512,512,512,10,1,1,1,1,16,1.790152,0.709282,2.499434
overhead,light,back-to-front,512,512,512,512,10,1,1,1,1,17,2.361867,0.702476,3.064343
overhead,light,back-to-front,512,512,512,512,10,1,1,1,1,18,1.679278,0.688557,2.367835
overhead,light,back-to-front,512,512,512,512,10,1,1,1,1,19,1.633471,0.723317,2.356788
overhead,light,back-to-front,512,512,512,512,10,1,1,1,1,20,2.031088,0.718411,2.749499
overhead,light,back-to-front,512,512,512,512,10,1,1,1,1,21,1.721381,0.676709,2.398090
overhead,light,back-to-front,512,512,512,512,10,1,1,1,1,22,1.722592,0.697495,2.420087
overhead,light,back-to-front,512,512,512,512,10,1,1,1,1,23,1.863821,0.684360,2.548181
overhead,light,back-to-front,512,512,512,512,10,1,1,1,1,24,1.813387,0.720584,2.533971
overhead,light,back-to-front,512,512,512,512,10,1,1,1,1,25,1.759157,0.845417,2.604574
overhead,light,back-to-front,512,512,512,512,10,1,1,1,1,26,1.847567,0.712442,2.560009
overhead,light,back-to-front,512,512,512,512,10,1,1,1,1,27,1.793807,0.663970,2.457777
overhead,light,back-to-front,512,512,512,512,10,1,1,1,1,28,1.786046,0.764288,2.550334
overhead,light,back-to-front,512,512,512,512,10,1,1,1,1,29,1.821769,0.774153,2.595922
overhead,light,depth-prepass,512,512,512,512,20,2,1,1,2,0,0.901580,1.516158,2.417738
overhead,light,depth-prepass,512,512,512,512,20,2,1,1,2,1,1.898242,0.785229,2.683471
overhead,light,depth-prepass,512,512,512,512,20,2,1,1,2,2,1.882549,0.816525,2.699074
overhead,light,depth-prepass,512,512,512,512,20,2,1,1,2,3,0.920308,1.858964,2.779272
overhead,light,depth-prepass,512,512,512,512,20,2,1,1,2,4,1.922387,0.850936,2.773323
overhead,light,depth-prepass,512,512,512,512,20,2,1,1,2,5,0.921961,1.576266,2.498227
overhead,light,depth-prepass,512,512,512,512,20,2,1,1,2,6,0.981599,1.555696,2.537295
overhead,light,depth-prepass,512,512,512,512,20,2,1,1,2,7,0.980757,1.673831,2.654588
overhead,light,depth-prepass,512,512,512,512,20,2,1,1,2,8,0.912747,1.640181,2.552928
overhead,light,depth-prepass,512,512,512,512,20,2,1,1,2,9,0.978985,1.570058,2.549043
overhead,light,depth-prepass,512,512,512,512,20,2,1,1,2,10,1.010722,1.636296,2.647018
overhead,light,depth-prepass,512,512,512,512,20,2,1,1,2,11,0.931855,1.759657,2.691512
overhead,light,depth-prepass,512,512,512,512,20,2,1,1,2,12,1.648553,1.664367,3.312920
overhead,light,depth-prepass,512,512,512,512,20,2,1,1,2,13,2.111226,0.823015,2.934241
overhead,light,depth-prepass,512,512,512,512,20,2,1,1,2,14,2.051934,0.747003,2.798937
overhead,light,depth-prepass,512,512,512,512,20,2,1,1,2,15,2.042184,0.763532,2.805716
overhead,light,depth-prepass,512,512,512,512,20,2,1,1,2,16,0.829625,2.077857,2.907482
overhead,light,depth-prepass,512,512,512,512,20,2,1,1,2,17,2.156863,0.740553,2.897416
overhead,light,depth-prepass,512,512,512,512,20,2,1,1,2,18,0.798189,1.521425,2.319614
overhead,light,depth-prepass,512,512,512,512,20,2,1,1,2,19,1.840707,0.639964,2.480671
overhead,light,depth-prepass,512,512,512,512,20,2,1,1,2,20,0.862633,1.462098,2.324731
overhead,light,depth-prepass,512,512,512,512,20,2,1,1,2,21,1.769852,0.681416,2.451268
overhead,light,depth-prepass,512,512,512,512,20,2,1,1,2,22,0.888652,1.492233,2.380885
overhead,light,depth-prepass,512,512,512,512,20,2,1,1,2,23,0.964433,1.358180,2.322613
overhead,light,depth-prepass,512,512,512,512,20,2,1,1,2,24,2.013292,0.640856,2.654148
overhead,light,depth-prepass,512,512,512,512,20,2,1,1,2,25,2.081177,0.653675,2.734852
overhead,light,depth-prepass,512,512,512,512,20,2,1,1,2,26,1.995536,0.682988,2.678524
overhead,light,depth-prepass,512,512,512,512,20,2,1,1,2,27,0.977583,1.424713,2.402296
overhead,light,depth-prepass,512,512,512,512,20,2,1,1,2,28,0.886268,1.464923,2.351191
overhead,light,depth-prepass,512,512,512,512,20,2,1,1,2,29,1.806537,0.649468,2.456005
overhead,light,back-to-front,512,512,512,512,10,1,1,1,2,0,1.641853,0.771369,2.413222
overhead,light,back-to-front,512,512,512,512,10,1,1,1,2,1,1.982621,0.546387,2.529008
overhead,light,back-to-front,512,512,512,512,10,1,1,1,2,2,1.617478,0.498496,2.115974
overhead,light,back-to-front,512,512,512,512,10,1,1,1,2,3,1.426325,0.485196,1.911521
overhead,light,back-to-front,512,512,512,512,10,1,1,1,2,4,1.431974,0.452288,1.884262
overhead,light,back-to-front,512,512,512,512,10,1,1,1,2,5,1.359617,0.539737,1.899354
overhead,light,back-to-front,512,512,512,512,10,1,1,1,2,6,1.339267,0.466578,1.805845
overhead,light,back-to-front,512,512,512,512,10,1,1,1,2,7,1.395430,0.485496,1.880926
overhead,light,back-to-front,512,512,512,512,10,1,1,1,2,8,1.368029,0.522381,1.890410
overhead,light,back-to-front,512,512,512,512,10,1,1,1,2,9,1.313869,0.484926,1.798795
overhead,light,back-to-front,512,512,512,512,10,1,1,1,2,10,1.393466,0.488291,1.881757
overhead,light,back-to-front,512,512,512,512,10,1,1,1,2,11,1.459524,0.457275,1.916799
overhead,light,back-to-front,512,512,512,512,10,1,1,1,2,12,1.575746,0.515060,2.090806
overhead,light,back-to-front,512,512,512,512,10,1,1,1,2,13,1.846380,2.349238,4.195618
overhead,light,back-to-front,512,512,512,512,10,1,1,1,2,14,4.298945,0.484746,4.783691
overhead,light,back-to-front,512,512,512,512,10,1,1,1,2,15,1.541666,0.483704,2.025370
overhead,light,back-to-front,512,512,512,512,10,1,1,1,2,16,1.358786,0.491315,1.850101
overhead,light,back-to-front,512,512,512,512,10,1,1,1,2,17,1.415038,0.457015,1.872053
overhead,light,back-to-front,512,512,512,512,10,1,1,1,2,18,1.460826,0.480299,1.941125
overhead,light,back-to-front,512,512,512,512,10,1,1,1,2,19,1.344184,0.530823,1.875007
overhead,light,back-to-front,512,512,512,512,10,1,1,1,2,20,1.409420,0.506318,1.915738
overhead,light,back-to-front,512,512,512,512,10,1,1,1,2,21,1.575656,0.496713,2.072369
overhead,light,back-to-front,512,512,512,512,10,1,1,1,2,22,1.381539,0.502632,1.884171
overhead,light,back-to-front,512,512,512,512,10,1,1,1,2,23,1.394628,0.507219,1.901847
overhead,light,back-to-front,512,512,512,512,10,1,1,1,2,24,1.337314,0.454270,1.791584
overhead,light,back-to-front,512,512,512,512,10,1,1,1,2,25,1.426716,0.451306,1.878022
overhead,light,back-to-front,512,512,512,512,10,1,1,1,2,26,1.447056,0.489282,1.936338
overhead,light,back-to-front,512,512,512,512,10,1,1,1,2,27,1.610417,0.652023,2.262440
overhead,light,back-to-front,512,512,512,512,10,1,1,1,2,28,1.434146,0.480209,1.914355
overhead,light,back-to-front,512,512,512,512,10,1,1,1,2,29,1.443832,0.765820,2.209652
overhead,light,front-to-back,512,512,512,512,10,1,1,1,2,0,1.455769,0.539857,1.995626
overhead,light,front-to-back,512,512,512,512,10,1,1,1,2,1,1.303885,0.529361,1.833246
overhead,light,front-to-back,512,512,512,512,10,1,1,1,2,2,1.487316,0.593446,2.080762
overhead,light,front-to-back,512,512,512,512,10,1,1,1,2,3,1.422569,0.558284,1.980853
overhead,light,front-to-back,512,512,512,512,10,1,1,1,2,4,1.512272,0.534118,2.046390
overhead,light,front-to-back,512,512,512,512,10,1,1,1,2,5,1.394639,0.518064,1.912703
overhead,light,front-to-back,512,512,512,512,10,1,1,1,2,6,1.438694,0.510313,1.949007
overhead,light,front-to-back,512,512,512,512,10,1,1,1,2,7,1.512984,0.457926,1.970910
overhead,light,front-to-back,512,512,512,512,10,1,1,1,2,8,1.560172,0.502963,2.063135
overhead,light,front-to-back,512,512,512,512,10,1,1,1,2,9,1.386236,2.212746,3.598982
overhead,light,front-to-back,512,512,512,512,10,1,1,1,2,10,1.529598,0.634917,2.164515
overhead,light,front-to-back,512,512,512,512,10,1,1,1,2,11,1.491396,0.573436,2.064832
overhead,light,front-to-back,512,512,512,512,10,1,1,1,2,12,1.319147,0.555309,1.874456
overhead,light,front-to-back,512,512,512,512,10,1,1,1,2,13,1.246480,0.504584,1.751064
overhead,light,front-to-back,512,512,512,512,10,1,1,1,2,14,1.424722,0.673054,2.097776
overhead,light,front-to-back,512,512,512,512,10,1,1,1,2,15,1.204287,0.465237,1.669524
overhead,light,front-to-back,512,512,512,512,10,1,1,1,2,16,1.324895,0.577192,1.902087
overhead,light,front-to-back,512,512,512,512,10,1,1,1,2,17,1.763894,0.543522,2.307416
overhead,light,front-to-back,512,512,512,512,10,1,1,1,2,18,1.435980,0.587067,2.023047
overhead,light,front-to-back,512,512,512,512,10,1,1,1,2,19,1.580954,0.512977,2.093931
overhead,light,front-to-back,512,512,512,512,10,1,1,1,2,20,1.383892,0.702818,2.086710
overhead,light,front-to-back,512,512,512,512,10,1,1,1,2,21,1.379857,0.550482,1.930339
overhead,light,front-to-back,512,512,512,512,10,1,1,1,2,22,7.723901,0.836375,8.560276
overhead,light,front-to-back,512,512,512,512,10,1,1,1,2,23,1.550859,0.628638,2.179497
overhead,light,front-to-back,512,512,512,512,10,1,1,1,2,24,2.094331,0.136747,2.231078
overhead,light,front-to-back,512,512,512,512,10,1,1,1,2,25,1.362937,0.573206,1.936143
overhead,light,front-to-back,512,512,512,512,10,1,1,1,2,26,1.388369,0.591473,1.979842
overhead,light,front-to-back,512,512,512,512,10,1,1,1,2,27,1.766793,0.474951,2.241744
overhead,light,front-to-back,512,512,512,512,10,1,1,1,2,28,1.493800,0.544985,2.038785
overhead,light,front-to-back,512,512,512,512,10,1,1,1,2,29,1.307500,0.643670,1.951170
overhead,heavy,back-to-front,512,512,512,512,10,1,1,1,0,0,9.393966,0.109672,9.503638
overhead,heavy,back-to-front,512,512,512,512,10,1,1,1,0,1,8.862286,0.553356,9.415642
overhead,heavy,back-to-front,512,512,512,512,10,1,1,1,0,2,7.746554,0.465568,8.212122
overhead,heavy,back-to-front,512,512,512,512,10,1,1,1,0,3,8.505640,0.512016,9.017656
overhead,heavy,back-to-front,512,512,512,512,10,1,1,1,0,4,8.608887,0.513127,9.122014
overhead,heavy,back-to-front,512,512,512,512,10,1,1,1,0,5,6.502868,0.512527,7.015395
overhead,heavy,back-to-front,512,512,512,512,10,1,1,1,0,6,6.900255,0.150743,7.050998
overhead,heavy,back-to-front,512,512,512,512,10,1,1,1,0,7,6.747510,0.536842,7.284352
overhead,heavy,back-to-front,512,512,512,512,10,1,1,1,0,8,7.128772,0.084535,7.213307
overhead,heavy,back-to-front,512,512,512,512,10,1,1,1,0,9,6.856290,0.029203,6.885493
overhead,heavy,back-to-front,512,512,512,512,10,1,1,1,0,10,6.546167,0.488702,7.034869
overhead,heavy,back-to-front,512,512,512,512,10,1,1,1,0,11,6.627112,0.496893,7.124005
overhead,heavy,back-to-front,512,512,512,512,10,1,1,1,0,12,6.612751,0.572034,7.184785
overhead,heavy,back-to-front,512,512,512,512,10,1,1,1,0,13,6.094506,0.542771,6.637277
overhead,heavy,back-to-front,512,512,512,512,10,1,1,1,0,14,6.109007,0.576170,6.685177
overhead,heavy,back-to-front,512,512,512,512,10,1,1,1,0,15,6.429530,0.481240,6.910770
overhead,heavy,back-to-front,512,512,512,512,10,1,1,1,0,16,6.470841,0.517484,6.988325
overhead,heavy,back-to-front,512,512,512,512,10,1,1,1,0,17,6.461507,0.481331,6.942838
overhead,heavy,back-to-front,512,512,512,512,10,1,1,1,0,18,6.817122,0.046078,6.863200
overhead,heavy,back-to-front,512,512,512,512,10,1,1,1,0,19,6.449709,0.488011,6.937720
overhead,heavy,back-to-front,512,512,512,512,10,1,1,1,0,20,6.688623,0.540488,7.229111
overhead,heavy,back-to-front,512,512,512,512,10,1,1,1,0,21,6.129317,0.549331,6.678648
overhead,heavy,back-to-front,512,512,512,512,10,1,1,1,0,22,6.166862,0.528280,6.695142
overhead,heavy,back-to-front,512,512,512,512,10,1,1,1,0,23,6.443470,0.734715,7.178185
overhead,heavy,back-to-front,512,512,512,512,10,1,1,1,0,24,6.208153,0.598173,6.806326
overhead,heavy,back-to-front,512,512,512,512,10,1,1,1,0,25,6.701652,0.598894,7.300546
overhead,heavy,back-to-front,512,512,512,512,10,1,1,1,0,26,6.804914,0.044176,6.849090
overhead,heavy,back-to-front,512,512,512,512,10,1,1,1,0,27,6.586952,0.027120,6.614072
overhead,heavy,back-to-front,512,512,512,512,10,1,1,1,0,28,6.172701,0.552936,6.725637
overhead,heavy,back-to-front,512,512,512,512,10,1,1,1,0,29,6.260732,0.522921,6.783653
overhead,heavy,front-to-back,512,512,512,512,10,1,1,1,0,0,6.734289,0.469203,7.203492
overhead,heavy,front-to-back,512,512,512,512,10,1,1,1,0,1,6.451052,0.698225,7.149277
overhead,heavy,front-to-back,512,512,512,512,10,1,1,1,0,2,6.415720,0.771774,7.187494
overhead,heavy,front-to-back,512,512,512,512,10,1,1,1,0,3,6.562556,0.581569,7.144125
overhead,heavy,front-to-back,512,512,512,512,10,1,1,1,0,4,6.776607,0.549492,7.326099
overhead,heavy,front-to-back,512,512,512,512,10,1,1,1,0,5,6.244281,0.483464,6.727745
overhead,heavy,front-to-back,512,512,512,512,10,1,1,1,0,6,6.917476,0.897194,7.814670
overhead,heavy,front-to-back,512,512,512,512,10,1,1,1,0,7,7.232064,0.035343,7.267407
overhead,heavy,front-to-back,512,512,512,512,10,1,1,1,0,8,6.093744,0.546116,6.639860
overhead,heavy,front-to-back,512,512,512,512,10,1,1,1,0,9,8.105033,0.066198,8.171231
overhead,heavy,front-to-back,512,512,512,512,10,1,1,1,0,10,7.618756,0.525055,8.143811
overhead,heavy,front-to-back,512,512,512,512,10,1,1,1,0,11,6.277175,0.563922,6.841097
overhead,heavy,front-to-back,512,512,512,512,10,1,1,1,0,12,6.939202,0.529081,7.468283
overhead,heavy,front-to-back,512,512,512,512,10,1,1,1,0,13,11.580293,0.602880,12.183173
overhead,heavy,front-to-back,512,512,512,512,10,1,1,1,0,14,5.555330,0.542761,6.098091
overhead,heavy,front-to-back,512,512,512,512,10,1,1,1,0,15,5.457726,0.534419,5.992145
overhead,heavy,front-to-back,512,512,512,512,10,1,1,1,0,16,5.404587,0.538505,5.943092
overhead,heavy,front-to-back,512,512,512,512,10,1,1,1,0,17,5.365149,0.532986,5.898135
overhead,heavy,front-to-back,512,512,512,512,10,1,1,1,0,18,5.374573,0.471325,5.845898
overhead,heavy,front-to-back,512,512,512,512,10,1,1,1,0,19,5.876333,0.488591,6.364924
overhead,heavy,front-to-back,512,512,512,512,10,1,1,1,0,20,6.285577,0.507720,6.793297
overhead,heavy,front-to-back,512,512,512,512,10,1,1,1,0,21,6.139722,0.009564,6.149286
overhead,heavy,front-to-back,512,512,512,512,10,1,1,1,0,22,5.952566,0.041682,5.994248
overhead,heavy,front-to-back,512,512,512,512,10,1,1,1,0,23,5.997703,0.067770,6.065473
overhead,heavy,front-to-back,512,512,512,512,10,1,1,1,0,24,6.064902,0.425828,6.490730
overhead,heavy,front-to-back,512,512,512,512,10,1,1,1,0,25,6.036269,0.510554,6.546823
overhead,heavy,front-to-back,512,512,512,512,10,1,1,1,0,26,5.963182,0.461311,6.424493
overhead,heavy,front-to-back,512,512,512,512,10,1,1,1,0,27,6.090449,1.245037,7.335486
overhead,heavy,front-to-back,512,512,512,512,10,1,1,1,0,28,5.878066,0.055592,5.933658
overhead,heavy,front-to-back,512,512,512,512,10,1,1,1,0,29,5.598824,0.506318,6.105142
overhead,heavy,depth-prepass,512,512,512,512,20,2,1,1,0,0,6.391304,0.481581,6.872885
overhead,heavy,depth-prepass,512,512,512,512,20,2,1,1,0,1,6.522768,0.570252,7.093020
overhead,heavy,depth-prepass,512,512,512,512,20,2,1,1,0,2,0.792399,5.322797,6.115196
overhead,heavy,depth-prepass,512,512,512,512,20,2,1,1,0,3,6.173252,0.528070,6.701322
overhead,heavy,depth-prepass,512,512,512,512,20,2,1,1,0,4,0.669268,6.669704,7.338972
overhead,heavy,depth-prepass,512,512,512,512,20,2,1,1,0,5,6.739447,0.049854,6.789301
overhead,heavy,depth-prepass,512,512,512,512,20,2,1,1,0,6,0.856755,6.343032,7.199787
overhead,heavy,depth-prepass,512,512,512,512,20,2,1,1,0,7,0.978284,8.226382,9.204666
overhead,heavy,depth-prepass,512,512,512,512,20,2,1,1,0,8,0.936573,10.284370,11.220943
overhead,heavy,depth-prepass,512,512,512,512,20,2,1,1,0,9,0.780983,13.485034,14.266017
overhead,heavy,depth-prepass,512,512,512,512,20,2,1,1,0,10,21.435570,7.404695,28.840265
overhead,heavy,depth-prepass,512,512,512,512,20,2,1,1,0,11,1.157989,11.752042,12.910031
overhead,heavy,depth-prepass,512,512,512,512,20,2,1,1,0,12,0.952275,25.073719,26.025994
overhead,heavy,depth-prepass,512,512,512,512,20,2,1,1,0,13,1.411344,52.749835,54.161179
overhead,heavy,depth-prepass,512,512,512,512,20,2,1,1,0,14,3.377715,35.389932,38.767647
overhead,heavy,depth-prepass,512,512,512,512,20,2,1,1,0,15,12.148822,21.853847,34.002669
overhead,heavy,depth-prepass,512,512,512,512,20,2,1,1,0,16,1.730945,53.609550,55.340495
overhead,heavy,depth-prepass,512,512,512,512,20,2,1,1,0,17,1.551690,12.826883,14.378573
overhead,heavy,depth-prepass,512,512,512,512,20,2,1,1,0,18,1.377663,17.605327,18.982990
overhead,heavy,depth-prepass,512,512,512,512,20,2,1,1,0,19,1.994684,11.438985,13.433669
overhead,heavy,depth-prepass,512,512,512,512,20,2,1,1,0,20,1.478322,6.268022,7.746344
overhead,heavy,depth-prepass,512,512,512,512,20,2,1,1,0,21,9.208202,0.552976,9.761178
overhead,heavy,depth-prepass,512,512,512,512,20,2,1,1,0,22,7.822256,0.678852,8.501108
overhead,heavy,depth-prepass,512,512,512,512,20,2,1,1,0,23,2.319104,7.186387,9.505491
overhead,heavy,depth-prepass,512,512,512,512,20,2,1,1,0,24,6.236785,0.570883,6.807668
overhead,heavy,depth-prepass,512,512,512,512,20,2,1,1,0,25,1.139702,6.269775,7.409477
overhead,heavy,depth-prepass,512,512,512,512,20,2,1,1,0,26,1.422100,5.722025,7.144125
overhead,heavy,depth-prepass,512,512,512,512,20,2,1,1,0,27,1.458413,7.797519,9.255932
overhead,heavy,depth-prepass,512,512,512,512,20,2,1,1,0,28,1.827438,8.253953,10.081391
overhead,heavy,depth-prepass,512,512,512,512,20,2,1,1,0,29,7.971205,0.632774,8.603979
overhead,heavy,front-to-back,512,512,512,512,10,1,1,1,1,0,7.557395,0.701115,8.258510
overhead,heavy,front-to-back,512,512,512,512,10,1,1,1,1,1,6.809772,0.464926,7.274698
overhead,heavy,front-to-back,512,512,512,512,10,1,1,1,1,2,6.327320,0.513838,6.841158
overhead,heavy,front-to-back,512,512,512,512,10,1,1,1,1,3,5.774063,0.620155,6.394218
overhead,heavy,front-to-back,512,512,512,512,10,1,1,1,1,4,8.648666,0.567117,9.215783
overhead,heavy,front-to-back,512,512,512,512,10,1,1,1,1,5,6.099383,0.562861,6.662244
overhead,heavy,front-to-back,512,512,512,512,10,1,1,1,1,6,8.508359,0.589740,9.098099
overhead,heavy,front-to-back,512,512,512,512,10,1,1,1,1,7,5.785710,0.706703,6.492413
overhead,heavy,front-to-back,512,512,512,512,10,1,1,1,1,8,7.719995,0.497794,8.217789
overhead,heavy,front-to-back,512,512,512,512,10,1,1,1,1,9,5.913383,0.512487,6.425870
overhead,heavy,front-to-back,512,512,512,512,10,1,1,1,1,10,6.337264,0.471927,6.809191
overhead,heavy,front-to-back,512,512,512,512,10,1,1,1,1,11,6.087891,1.225128,7.313019
overhead,heavy,front-to-back,512,512,512,512,10,1,1,1,1,12,6.324315,0.768354,7.092669
overhead,heavy,front-to-back,512,512,512,512,10,1,1,1,1,13,6.058553,0.038707,6.097260
overhead,heavy,front-to-back,512,512,512,512,10,1,1,1,1,14,6.000101,0.037715,6.037816
overhead,heavy,front-to-back,512,512,512,512,10,1,1,1,1,15,5.434662,0.489452,5.924114
overhead,heavy,front-to-back,512,512,512,512,10,1,1,1,1,16,5.535851,0.166897,5.702748
overhead,heavy,front-to-back,512,512,512,512,10,1,1,1,1,17,5.906784,0.471466,6.378250
overhead,heavy,front-to-back,512,512,512,512,10,1,1,1,1,18,5.808193,0.617571,6.425764
overhead,heavy,front-to-back,512,512,512,512,10,1,1,1,1,19,6.217527,0.059077,6.276604
overhead,heavy,front-to-back,512,512,512,512,10,1,1,1,1,20,5.862634,0.458216,6.320850
overhead,heavy,front-to-back,512,512,512,512,10,1,1,1,1,21,8.674930,0.136561,8.811491
overhead,heavy,front-to-back,512,512,512,512,10,1,1,1,1,22,7.274102,0.556461,7.830563
overhead,heavy,front-to-back,512,512,512,512,10,1,1,1,1,23,5.791178,0.557583,6.348761
overhead,heavy,front-to-back,512,512,512,512,10,1,1,1,1,24,5.596782,0.593115,6.189897
overhead,heavy,front-to-back,512,512,512,512,10,1,1,1,1,25,5.619584,0.600216,6.219800
overhead,heavy,front-to-back,512,512,512,512,10,1,1,1,1,26,6.145331,0.595709,6.741040
overhead,heavy,front-to-back,512,512,512,512,10,1,1,1,1,27,6.014037,0.511956,6.525993
overhead,heavy,front-to-back,512,512,512,512,10,1,1,1,1,28,6.444302,0.038777,6.483079
overhead,heavy,front-to-back,512,512,512,512,10,1,1,1,1,29,6.523759,0.348244,6.872003
overhead,heavy,depth-prepass,512,512,512,512,20,2,1,1,1,0,0.935751,6.592401,7.528152
overhead,heavy,depth-prepass,512,512,512,512,20,2,1,1,1,1,1.066084,5.284169,6.350253
overhead,heavy,depth-prepass,512,512,512,512,20,2,1,1,1,2,0.881842,5.352676,6.234518
overhead,heavy,depth-prepass,512,512,512,512,20,2,1,1,1,3,1.060024,7.552889,8.612913
overhead,heavy,depth-prepass,512,512,512,512,20,2,1,1,1,4,0.861612,5.633104,6.494716
overhead,heavy,depth-prepass,512,512,512,512,20,2,1,1,1,5,7.225295,0.460409,7.685704
overhead,heavy,depth-prepass,512,512,512,512,20,2,1,1,1,6,1.259149,5.034026,6.293175
overhead,heavy,depth-prepass,512,512,512,512,20,2,1,1,1,7,0.997883,5.805219,6.803102
overhead,heavy,depth-prepass,512,512,512,512,20,2,1,1,1,8,1.091962,5.951374,7.043336
overhead,heavy,depth-prepass,512,512,512,512,20,2,1,1,1,9,1.052304,6.634593,7.686897
overhead,heavy,depth-prepass,512,512,512,512,20,2,1,1,1,10,8.063707,0.406961,8.470668
overhead,heavy,depth-prepass,512,512,512,512,20,2,1,1,1,11,6.976989,0.576491,7.553480
overhead,heavy,depth-prepass,512,512,512,512,20,2,1,1,1,12,1.128586,6.398239,7.526825
overhead,heavy,depth-prepass,512,512,512,512,20,2,1,1,1,13,1.568225,6.387097,7.955322
overhead,heavy,depth-prepass,512,512,512,512,20,2,1,1,1,14,0.974718,5.906654,6.881372
overhead,heavy,depth-prepass,512,512,512,512,20,2,1,1,1,15,6.508647,0.462824,6.971471
overhead,heavy,depth-prepass,512,512,512,512,20,2,1,1,1,16,0.986917,7.397669,8.384586
overhead,heavy,depth-prepass,512,512,512,512,20,2,1,1,1,17,7.267367,0.011667,7.279034
overhead,heavy,depth-prepass,512,512,512,512,20,2,1,1,1,18,6.891693,0.143441,7.035134
overhead,heavy,depth-prepass,512,512,512,512,20,2,1,1,1,19,7.557565,0.443745,8.001310
overhead,heavy,depth-prepass,512,512,512,512,20,2,1,1,1,20,1.188465,5.297199,6.485664
overhead,heavy,depth-prepass,512,512,512,512,20,2,1,1,1,21,5.769647,0.593806,6.363453
overhead,heavy,depth-prepass,512,512,512,512,20,2,1,1,1,22,1.196847,5.972576,7.169423
overhead,heavy,depth-prepass,512,512,512,512,20,2,1,1,1,23,6.867517,0.463364,7.330881
overhead,heavy,depth-prepass,512,512,512,512,20,2,1,1,1,24,6.518241,0.464625,6.982866
overhead,heavy,depth-prepass,512,512,512,512,20,2,1,1,1,25,5.819560,2.422005,8.241565
overhead,heavy,depth-prepass,512,512,512,512,20,2,1,1,1,26,0.933517,5.590412,6.523929
overhead,heavy,depth-prepass,512,512,512,512,20,2,1,1,1,27,1.065944,5.195278,6.261222
overhead,heavy,depth-prepass,512,512,512,512,20,2,1,1,1,28,0.834922,5.829575,6.664497
overhead,heavy,depth-prepass,512,512,512,512,20,2,1,1,1,29,1.257236,5.478627,6.735863
overhead,heavy,back-to-front,512,512,512,512,10,1,1,1,1,0,8.902535,0.049012,8.951547
overhead,heavy,back-to-front,512,512,512,512,10,1,1,1,1,1,18.922711,1.948996,20.871707
overhead,heavy,back-to-front,512,512,512,512,10,1,1,1,1,2,15.729667,6.890451,22.620118
overhead,heavy,back-to-front,512,512,512,512,10,1,1,1,1,3,12.454903,0.357358,12.812261
overhead,heavy,back-to-front,512,512,512,512,10,1,1,1,1,4,12.053291,0.473178,12.526469
overhead,heavy,back-to-front,512,512,512,512,10,1,1,1,1,5,14.211813,2.477296,16.689109
overhead,heavy,back-to-front,512,512,512,512,10,1,1,1,1,6,11.235935,0.363977,11.599912
overhead,heavy,back-to-front,512,512,512,512,10,1,1,1,1,7,14.122591,6.131961,20.254552
overhead,heavy,back-to-front,512,512,512,512,10,1,1,1,1,8,14.241616,1.953248,16.194864
overhead,heavy,back-to-front,512,512,512,512,10,1,1,1,1,9,25.047050,0.083423,25.130473
overhead,heavy,back-to-front,512,512,512,512,10,1,1,1,1,10,12.043381,0.561970,12.605351
overhead,heavy,back-to-front,512,512,512,512,10,1,1,1,1,11,7.338016,0.488742,7.826758
overhead,heavy,back-to-front,512,512,512,512,10,1,1,1,1,12,7.805817,0.460510,8.266327
overhead,heavy,back-to-front,512,512,512,512,10,1,1,1,1,13,8.462201,0.401563,8.863764
overhead,heavy,back-to-front,512,512,512,512,10,1,1,1,1,14,9.581513,2.345071,11.926584
overhead,heavy,back-to-front,512,512,512,512,10,1,1,1,1,15,7.918047,0.015733,7.933780
overhead,heavy,back-to-front,512,512,512,512,10,1,1,1,1,16,7.076755,0.040540,7.117295
overhead,heavy,back-to-front,512,512,512,512,10,1,1,1,1,17,7.296500,0.475993,7.772493
overhead,heavy,back-to-front,512,512,512,512,10,1,1,1,1,18,15.960929,1.204919,17.165848
overhead,heavy,back-to-front,512,512,512,512,10,1,1,1,1,19,6.599942,0.423095,7.023037
overhead,heavy,back-to-front,512,512,512,512,10,1,1,1,1,20,7.447173,0.008823,7.455996
overhead,heavy,back-to-front,512,512,512,512,10,1,1,1,1,21,8.161347,0.015793,8.177140
overhead,heavy,back-to-front,512,512,512,512,10,1,1,1,1,22,7.887282,0.042462,7.929744
overhead,heavy,back-to-front,512,512,512,512,10,1,1,1,1,23,6.883951,0.092266,6.976217
overhead,heavy,back-to-front,512,512,512,512,10,1,1,1,1,24,9.608989,0.342235,9.951224
overhead,heavy,back-to-front,512,512,512,512,10,1,1,1,1,25,9.416734,0.383386,9.800120
overhead,heavy,back-to-front,512,512,512,512,10,1,1,1,1,26,9.686077,0.496994,10.183071
overhead,heavy,back-to-front,512,512,512,512,10,1,1,1,1,27,6.892784,0.358419,7.251203
overhead,heavy,back-to-front,512,512,512,512,10,1,1,1,1,28,8.941778,0.484926,9.426704
overhead,heavy,back-to-front,512,512,512,512,10,1,1,1,1,29,7.732452,1.357073,9.089525
overhead,heavy,depth-prepass,512,512,512,512,20,2,1,1,2,0,0.945766,9.866123,10.811889
overhead,heavy,depth-prepass,512,512,512,512,20,2,1,1,2,1,1.106193,9.135975,10.242168
overhead,heavy,depth-prepass,512,512,512,512,20,2,1,1,2,2,6.767919,0.012168,6.780087
overhead,heavy,depth-prepass,512,512,512,512,20,2,1,1,2,3,1.008980,5.616229,6.625209
overhead,heavy,depth-prepass,512,512,512,512,20,2,1,1,2,4,1.110509,8.134197,9.244706
overhead,heavy,depth-prepass,512,512,512,512,20,2,1,1,2,5,9.467194,2.208279,11.675473
overhead,heavy,depth-prepass,512,512,512,512,20,2,1,1,2,6,1.146643,5.241557,6.388200
overhead,heavy,depth-prepass,512,512,512,512,20,2,1,1,2,7,1.286910,5.005728,6.292638
overhead,heavy,depth-prepass,512,512,512,512,20,2,1,1,2,8,1.105001,5.760848,6.865849
overhead,heavy,depth-prepass,512,512,512,512,20,2,1,1,2,9,1.665889,5.168449,6.834338
overhead,heavy,depth-prepass,512,512,512,512,20,2,1,1,2,10,2.375156,5.033409,7.408565
overhead,heavy,depth-prepass,512,512,512,512,20,2,1,1,2,11,1.120714,6.809882,7.930596
overhead,heavy,depth-prepass,512,512,512,512,20,2,1,1,2,12,6.435900,0.433239,6.869139
overhead,heavy,depth-prepass,512,512,512,512,20,2,1,1,2,13,5.717219,0.467350,6.184569
overhead,heavy,depth-prepass,512,512,512,512,20,2,1,1,2,14,1.079223,4.866663,5.945886
overhead,heavy,depth-prepass,512,512,512,512,20,2,1,1,2,15,8.758838,0.474991,9.233829
overhead,heavy,depth-prepass,512,512,512,512,20,2,1,1,2,16,7.854925,0.455432,8.310357
overhead,heavy,depth-prepass,512,512,512,512,20,2,1,1,2,17,1.482859,5.800862,7.283721
overhead,heavy,depth-prepass,512,512,512,512,20,2,1,1,2,18,6.527995,0.511846,7.039841
overhead,heavy,depth-prepass,512,512,512,512,20,2,1,1,2,19,9.263614,0.728986,9.992600
overhead,heavy,depth-prepass,512,512,512,512,20,2,1,1,2,20,11.265899,0.650820,11.916719
overhead,heavy,depth-prepass,512,512,512,512,20,2,1,1,2,21,15.540398,0.767283,16.307681
overhead,heavy,depth-prepass,512,512,512,512,20,2,1,1,2,22,1.331014,13.267654,14.598668
overhead,heavy,depth-prepass,512,512,512,512,20,2,1,1,2,23,18.113035,0.444767,18.557802
overhead,heavy,depth-prepass,512,512,512,512,20,2,1,1,2,24,6.242764,0.632163,6.874927
overhead,heavy,depth-prepass,512,512,512,512,20,2,1,1,2,25,5.961268,0.640796,6.602064
overhead,heavy,depth-prepass,512,512,512,512,20,2,1,1,2,26,1.014267,7.444889,8.459156
overhead,heavy,depth-prepass,512,512,512,512,20,2,1,1,2,27,5.863124,0.508140,6.371264
overhead,heavy,depth-prepass,512,512,512,512,20,2,1,1,2,28,0.899538,6.854783,7.754321
overhead,heavy,depth-prepass,512,512,512,512,20,2,1,1,2,29,1.629345,5.896052,7.525397
overhead,heavy,back-to-front,512,512,512,512,10,1,1,1,2,0,8.188236,0.548359,8.736595
overhead,heavy,back-to-front,512,512,512,512,10,1,1,1,2,1,7.376948,0.632784,8.009732
overhead,heavy,back-to-front,512,512,512,512,10,1,1,1,2,2,7.326284,0.056764,7.383048
overhead,heavy,back-to-front,512,512,512,512,10,1,1,1,2,3,9.426504,0.974508,10.401012
overhead,heavy,back-to-front,512,512,512,512,10,1,1,1,2,4,7.526064,0.047981,7.574045
overhead,heavy,back-to-front,512,512,512,512,10,1,1,1,2,5,7.357555,0.040279,7.397834
overhead,heavy,back-to-front,512,512,512,512,10,1,1,1,2,6,7.213803,0.044415,7.258218
overhead,heavy,back-to-front,512,512,512,512,10,1,1,1,2,7,6.880075,0.478136,7.358211
overhead,heavy,back-to-front,512,512,512,512,10,1,1,1,2,8,9.162575,0.644381,9.806956
overhead,heavy,back-to-front,512,512,512,512,10,1,1,1,2,9,13.654614,0.964754,14.619368
overhead,heavy,back-to-front,512,512,512,512,10,1,1,1,2,10,7.785732,1.460281,9.246013
overhead,heavy,back-to-front,512,512,512,512,10,1,1,1,2,11,16.631028,1.189446,17.820474
overhead,heavy,back-to-front,512,512,512,512,10,1,1,1,2,12,8.224350,1.921656,10.146006
overhead,heavy,back-to-front,512,512,512,512,10,1,1,1,2,13,7.016066,0.491625,7.507691
overhead,heavy,back-to-front,512,512,512,512,10,1,1,1,2,14,9.767002,0.507298,10.274300
overhead,heavy,back-to-front,512,512,512,512,10,1,1,1,2,15,6.705583,0.482261,7.187844
overhead,heavy,back-to-front,512,512,512,512,10,1,1,1,2,16,8.105094,0.599885,8.704979
overhead,heavy,back-to-front,512,512,512,512,10,1,1,1,2,17,8.762584,0.412258,9.174842
overhead,heavy,back-to-front,512,512,512,512,10,1,1,1,2,18,9.364082,0.326872,9.690954
overhead,heavy,back-to-front,512,512,512,512,10,1,1,1,2,19,7.450096,0.850646,8.300742
overhead,heavy,back-to-front,512,512,512,512,10,1,1,1,2,20,7.684322,0.405248,8.089570
overhead,heavy,back-to-front,512,512,512,512,10,1,1,1,2,21,7.126729,0.390827,7.517556
overhead,heavy,back-to-front,512,512,512,512,10,1,1,1,2,22,10.193325,0.046259,10.239584
overhead,heavy,back-to-front,512,512,512,512,10,1,1,1,2,23,7.092939,0.669604,7.762543
overhead,heavy,back-to-front,512,512,512,512,10,1,1,1,2,24,7.279064,0.042253,7.321317
overhead,heavy,back-to-front,512,512,512,512,10,1,1,1,2,25,6.979702,0.060239,7.039941
overhead,heavy,back-to-front,512,512,512,512,10,1,1,1,2,26,6.298347,0.453489,6.751836
overhead,heavy,back-to-front,512,512,512,512,10,1,1,1,2,27,6.645279,0.467029,7.112308
overhead,heavy,back-to-front,512,512,512,512,10,1,1,1,2,28,6.302533,0.484024,6.786557
overhead,heavy,back-to-front,512,512,512,512,10,1,1,1,2,29,7.150885,0.036764,7.187649
overhead,heavy,front-to-back,512,512,512,512,10,1,1,1,2,0,7.371264,0.497104,7.868368
overhead,heavy,front-to-back,512,512,512,512,10,1,1,1,2,1,7.405810,0.582921,7.988731
overhead,heavy,front-to-back,512,512,512,512,10,1,1,1,2,2,6.198113,0.490914,6.689027
overhead,heavy,front-to-back,512,512,512,512,10,1,1,1,2,3,6.823551,0.454722,7.278273
overhead,heavy,front-to-back,512,512,512,512,10,1,1,1,2,4,6.522902,0.037966,6.560868
overhead,heavy,front-to-back,512,512,512,512,10,1,1,1,2,5,6.126452,0.033730,6.160182
overhead,heavy,front-to-back,512,512,512,512,10,1,1,1,2,6,5.819469,0.377878,6.197347
overhead,heavy,front-to-back,512,512,512,512,10,1,1,1,2,7,6.015549,0.409254,6.424803
overhead,heavy,front-to-back,512,512,512,512,10,1,1,1,2,8,5.737238,0.404036,6.141274
overhead,heavy,front-to-back,512,512,512,512,10,1,1,1,2,9,5.865637,0.461712,6.327349
overhead,heavy,front-to-back,512,512,512,512,10,1,1,1,2,10,5.857275,0.387572,6.244847
overhead,heavy,front-to-back,512,512,512,512,10,1,1,1,2,11,5.465397,0.370136,5.835533
overhead,heavy,front-to-back,512,512,512,512,10,1,1,1,2,12,5.713853,0.365950,6.079803
overhead,heavy,front-to-back,512,512,512,512,10,1,1,1,2,13,15.550151,0.460840,16.010991
overhead,heavy,front-to-back,512,512,512,512,10,1,1,1,2,14,7.909394,0.465817,8.375211
overhead,heavy,front-to-back,512,512,512,512,10,1,1,1,2,15,5.792961,0.533036,6.325997
overhead,heavy,front-to-back,512,512,512,512,10,1,1,1,2,16,7.039930,0.069302,7.109232
overhead,heavy,front-to-back,512,512,512,512,10,1,1,1,2,17,9.481844,0.059608,9.541452
overhead,heavy,front-to-back,512,512,512,512,10,1,1,1,2,18,5.177331,0.417677,5.595008
overhead,heavy,front-to-back,512,512,512,512,10,1,1,1,2,19,5.148784,0.464496,5.613280
overhead,heavy,front-to-back,512,512,512,512,10,1,1,1,2,20,5.332551,0.029323,5.361874
overhead,heavy,front-to-back,512,512,512,512,10,1,1,1,2,21,5.124959,0.452348,5.577307
overhead,heavy,front-to-back,512,512,512,512,10,1,1,1,2,22,5.318350,0.477875,5.796225
overhead,heavy,front-to-back,512,512,512,512,10,1,1,1,2,23,5.177331,0.434912,5.612243
overhead,heavy,front-to-back,512,512,512,512,10,1,1,1,2,24,5.245562,0.399400,5.644962
overhead,heavy,front-to-back,512,512,512,512,10,1,1,1,2,25,5.494420,0.452558,5.946978
overhead,heavy,front-to-back,512,512,512,512,10,1,1,1,2,26,6.014487,0.381833,6.396320
overhead,heavy,front-to-back,512,512,512,512,10,1,1,1,2,27,6.577318,0.008463,6.585781
overhead,heavy,front-to-back,512,512,512,512,10,1,1,1,2,28,5.539765,0.538435,6.078200
overhead,heavy,front-to-back,512,512,512,512,10,1,1,1,2,29,5.672593,0.373691,6.046284
