view,workload,mode,repeat,samples,scene_draws,scene_passes,upsample_draws,upsample_passes,median_cpu_encode_submit_ms,median_native_queue_wait_ms,median_native_queue_completion_wall_ms,p95_cpu_encode_submit_ms,p95_native_queue_wait_ms,p95_native_queue_completion_wall_ms
oblique,light,back-to-front,0,30,10,1,1,1,1.620271,0.536131,2.149498,1.744314,0.608368,2.417789
oblique,light,back-to-front,1,30,10,1,1,1,1.584614,0.633320,2.221309,1.967554,0.939366,2.621870
oblique,light,back-to-front,2,30,10,1,1,1,1.517157,0.624562,2.160679,2.086489,0.858367,2.461924
oblique,light,front-to-back,0,30,10,1,1,1,1.481096,0.622086,2.148671,2.107271,0.948440,2.821485
oblique,light,front-to-back,1,30,10,1,1,1,1.458343,0.641436,2.059146,1.879794,0.745561,2.310541
oblique,light,front-to-back,2,30,10,1,1,1,1.440023,0.597131,2.022350,2.071908,0.768404,2.661013
oblique,light,depth-prepass,0,30,20,2,1,1,0.861351,1.226920,2.090313,1.007738,1.512192,2.519930
oblique,light,depth-prepass,1,30,20,2,1,1,0.886829,1.136923,2.145138,2.147279,1.660711,3.174566
oblique,light,depth-prepass,2,30,20,2,1,1,1.936098,0.562400,2.459164,2.399212,1.941446,3.051444
oblique,heavy,back-to-front,0,30,10,1,1,1,7.070016,0.491080,7.529889,9.464600,1.488147,9.499732
oblique,heavy,back-to-front,1,30,10,1,1,1,6.309948,0.559380,6.651016,7.486680,0.686503,7.725732
oblique,heavy,back-to-front,2,30,10,1,1,1,6.448123,0.571493,6.689578,9.194851,0.662397,9.762068
oblique,heavy,front-to-back,0,30,10,1,1,1,5.276352,0.553893,5.800679,6.249028,1.526643,6.956943
oblique,heavy,front-to-back,1,30,10,1,1,1,5.163006,0.537909,5.686984,5.883424,1.629114,6.997217
oblique,heavy,front-to-back,2,30,10,1,1,1,5.036484,0.517489,5.413806,5.652723,0.631402,5.809204
oblique,heavy,depth-prepass,0,30,20,2,1,1,0.944098,4.794747,5.832128,5.891626,6.744014,7.630492
oblique,heavy,depth-prepass,1,30,20,2,1,1,0.853776,5.426363,6.508999,6.509523,6.202359,7.964535
oblique,heavy,depth-prepass,2,30,20,2,1,1,5.196836,0.613806,5.751303,6.270925,5.358569,6.959472
overhead,light,back-to-front,0,30,10,1,1,1,1.653240,0.597186,2.222855,1.922347,0.732822,2.577775
overhead,light,back-to-front,1,30,10,1,1,1,1.817578,0.719498,2.549257,2.361867,1.236445,3.308413
overhead,light,back-to-front,2,30,10,1,1,1,1.429345,0.490298,1.912938,1.982621,0.771369,4.195618
overhead,light,front-to-back,0,30,10,1,1,1,1.625355,0.564523,2.186067,4.119240,0.710899,4.353265
overhead,light,front-to-back,1,30,10,1,1,1,1.639550,0.583261,2.223141,1.767589,0.727043,2.396777
overhead,light,front-to-back,2,30,10,1,1,1,1.437337,0.552895,2.030916,2.094331,0.836375,3.598982
overhead,light,depth-prepass,0,30,20,2,1,1,1.996477,0.655382,2.646231,2.127861,1.284246,2.785932
overhead,light,depth-prepass,1,30,20,2,1,1,1.025129,1.527780,2.804775,2.339473,2.952238,3.853899
overhead,light,depth-prepass,2,30,20,2,1,1,0.996161,1.443405,2.650583,2.111226,1.858964,2.934241
overhead,heavy,back-to-front,0,30,10,1,1,1,6.599851,0.512827,7.001860,8.862286,0.598894,9.415642
overhead,heavy,back-to-front,1,30,10,1,1,1,9.179256,0.441802,9.613412,18.922711,6.131961,22.620118
overhead,heavy,back-to-front,2,30,10,1,1,1,7.413522,0.480198,7.886138,13.654614,1.460281,14.619368
overhead,heavy,front-to-back,0,30,10,1,1,1,6.116733,0.517805,6.683802,8.105033,0.897194,8.171231
overhead,heavy,front-to-back,1,30,10,1,1,1,6.093637,0.513162,6.509203,8.648666,0.768354,9.098099
overhead,heavy,front-to-back,2,30,10,1,1,1,5.838372,0.413466,6.221097,9.481844,0.538435,9.541452
overhead,heavy,depth-prepass,0,30,20,2,1,1,1.641317,7.295541,9.380712,12.148822,52.749835,54.161179
overhead,heavy,depth-prepass,1,30,20,2,1,1,1.192656,5.324937,7.039235,7.557565,7.397669,8.470668
overhead,heavy,depth-prepass,2,30,20,2,1,1,2.020523,4.936196,7.466981,15.540398,9.866123,16.307681
