scene,scale_percent,display_width,display_height,internal_width,internal_height,repeat,sample,cpu_encode_submit_ms,native_queue_wait_ms,native_queue_completion_wall_ms
courtyard,100,512,512,512,512,0,0,1.168925,0.351158,1.520083
courtyard,100,512,512,512,512,0,1,1.194879,0.392749,1.587628
courtyard,100,512,512,512,512,0,2,1.103528,0.370727,1.474255
courtyard,100,512,512,512,512,0,3,1.133723,0.375464,1.509187
courtyard,100,512,512,512,512,0,4,1.407137,0.365509,1.772646
courtyard,100,512,512,512,512,0,5,1.082498,0.366120,1.448618
courtyard,100,512,512,512,512,0,6,1.050050,0.387462,1.437512
courtyard,100,512,512,512,512,0,7,1.165099,0.387862,1.552961
courtyard,100,512,512,512,512,0,8,1.186361,0.393130,1.579491
courtyard,100,512,512,512,512,0,9,1.124890,0.377327,1.502217
courtyard,100,512,512,512,512,0,10,1.227612,0.446328,1.673940
courtyard,100,512,512,512,512,0,11,1.277616,0.447580,1.725196
courtyard,100,512,512,512,512,0,12,1.250876,0.404938,1.655814
courtyard,100,512,512,512,512,0,13,1.164058,0.411948,1.576006
courtyard,100,512,512,512,512,0,14,1.051602,0.366832,1.418434
courtyard,100,512,512,512,512,0,15,1.290846,0.385539,1.676385
courtyard,100,512,512,512,512,0,16,1.234632,0.453029,1.687661
courtyard,100,512,512,512,512,0,17,1.159521,0.419850,1.579371
courtyard,100,512,512,512,512,0,18,1.073815,0.377827,1.451642
courtyard,100,512,512,512,512,0,19,1.099332,0.374172,1.473504
courtyard,100,512,512,512,512,0,20,1.410782,0.393440,1.804222
courtyard,100,512,512,512,512,0,21,1.139622,0.419479,1.559101
courtyard,100,512,512,512,512,0,22,1.127414,0.382284,1.509698
courtyard,100,512,512,512,512,0,23,1.097109,0.457796,1.554905
courtyard,100,512,512,512,512,0,24,1.094916,0.574698,1.669614
courtyard,100,512,512,512,512,0,25,1.308601,0.371949,1.680550
courtyard,100,512,512,512,512,0,26,1.115727,0.401883,1.517610
courtyard,100,512,512,512,512,0,27,1.143137,0.362795,1.505932
courtyard,100,512,512,512,512,0,28,1.131590,0.400181,1.531771
courtyard,100,512,512,512,512,0,29,1.089728,0.418808,1.508536
courtyard,100,512,512,512,512,1,0,1.025664,0.346161,1.371825
courtyard,100,512,512,512,512,1,1,1.101626,0.375434,1.477060
courtyard,100,512,512,512,512,1,2,1.111190,0.378579,1.489769
courtyard,100,512,512,512,512,1,3,1.082287,0.368985,1.451272
courtyard,100,512,512,512,512,1,4,1.189546,0.368423,1.557969
courtyard,100,512,512,512,512,1,5,1.074986,0.427571,1.502557
courtyard,100,512,512,512,512,1,6,1.160753,0.353783,1.514536
courtyard,100,512,512,512,512,1,7,1.398854,0.382485,1.781339
courtyard,100,512,512,512,512,1,8,1.110128,0.376997,1.487125
courtyard,100,512,512,512,512,1,9,1.112432,0.361644,1.474076
courtyard,100,512,512,512,512,1,10,1.331756,0.431467,1.763223
courtyard,100,512,512,512,512,1,11,1.220551,0.332040,1.552591
courtyard,100,512,512,512,512,1,12,1.154945,0.365309,1.520254
courtyard,100,512,512,512,512,1,13,1.093114,0.348674,1.441788
courtyard,100,512,512,512,512,1,14,1.086143,0.369886,1.456029
courtyard,100,512,512,512,512,1,15,1.067486,0.354343,1.421829
courtyard,100,512,512,512,512,1,16,1.070320,0.355565,1.425885
courtyard,100,512,512,512,512,1,17,1.458202,0.345770,1.803972
courtyard,100,512,512,512,512,1,18,1.519302,0.404797,1.924099
courtyard,100,512,512,512,512,1,19,1.236024,0.387211,1.623235
courtyard,100,512,512,512,512,1,20,1.178349,0.461351,1.639700
courtyard,100,512,512,512,512,1,21,1.163206,0.434992,1.598198
courtyard,100,512,512,512,512,1,22,1.186361,0.391257,1.577618
courtyard,100,512,512,512,512,1,23,1.159371,0.372189,1.531560
courtyard,100,512,512,512,512,1,24,1.206641,0.366481,1.573122
courtyard,100,512,512,512,512,1,25,1.201113,0.361734,1.562847
courtyard,100,512,512,512,512,1,26,1.186361,0.326922,1.513283
courtyard,100,512,512,512,512,1,27,1.138069,0.402985,1.541054
courtyard,100,512,512,512,512,1,28,1.130659,0.356386,1.487045
courtyard,100,512,512,512,512,1,29,2.826101,0.366080,3.192181
courtyard,100,512,512,512,512,2,0,1.174243,0.354754,1.528997
courtyard,100,512,512,512,512,2,1,1.038492,0.585324,1.623816
courtyard,100,512,512,512,512,2,2,1.078462,0.390847,1.469309
courtyard,100,512,512,512,512,2,3,1.577418,0.310078,1.887496
courtyard,100,512,512,512,512,2,4,1.126523,0.347162,1.473685
courtyard,100,512,512,512,512,2,5,1.099413,0.336977,1.436390
courtyard,100,512,512,512,512,2,6,1.132321,0.320844,1.453165
courtyard,100,512,512,512,512,2,7,1.017182,0.310798,1.327980
courtyard,100,512,512,512,512,2,8,1.031282,0.303458,1.334740
courtyard,100,512,512,512,512,2,9,1.112943,0.351258,1.464201
courtyard,100,512,512,512,512,2,10,1.030962,0.337398,1.368360
courtyard,100,512,512,512,512,2,11,1.039304,0.378429,1.417733
courtyard,100,512,512,512,512,2,12,1.146232,0.332230,1.478462
courtyard,100,512,512,512,512,2,13,1.212940,0.352320,1.565260
courtyard,100,512,512,512,512,2,14,0.951755,0.319872,1.271627
courtyard,100,512,512,512,512,2,15,1.073464,0.325019,1.398483
courtyard,100,512,512,512,512,2,16,1.002790,0.418808,1.421598
courtyard,100,512,512,512,512,2,17,1.224988,0.393611,1.618599
courtyard,100,512,512,512,512,2,18,1.275963,0.360802,1.636765
courtyard,100,512,512,512,512,2,19,1.268613,0.340572,1.609185
courtyard,100,512,512,512,512,2,20,1.244206,0.320283,1.564489
courtyard,100,512,512,512,512,2,21,1.091471,0.347212,1.438683
courtyard,100,512,512,512,512,2,22,1.022730,0.431176,1.453906
courtyard,100,512,512,512,512,2,23,1.093964,0.403816,1.497780
courtyard,100,512,512,512,512,2,24,1.104780,0.363287,1.468067
courtyard,100,512,512,512,512,2,25,1.118250,0.374953,1.493203
courtyard,100,512,512,512,512,2,26,1.053425,0.379590,1.433015
courtyard,100,512,512,512,512,2,27,1.173822,0.441562,1.615384
courtyard,100,512,512,512,512,2,28,1.112902,0.358369,1.471271
courtyard,100,512,512,512,512,2,29,1.081947,0.452037,1.533984
courtyard,75,512,512,384,384,0,0,1.012965,0.318731,1.331696
courtyard,75,512,512,384,384,0,1,0.868162,0.332681,1.200843
courtyard,75,512,512,384,384,0,2,0.958805,0.326201,1.285006
courtyard,75,512,512,384,384,0,3,0.929381,0.329226,1.258607
courtyard,75,512,512,384,384,0,4,0.950863,0.528550,1.479413
courtyard,75,512,512,384,384,0,5,0.941690,0.311620,1.253310
courtyard,75,512,512,384,384,0,6,0.977442,0.524955,1.502397
courtyard,75,512,512,384,384,0,7,0.990101,0.349126,1.339227
courtyard,75,512,512,384,384,0,8,1.138470,0.364678,1.503148
courtyard,75,512,512,384,384,0,9,1.109187,0.413240,1.522427
courtyard,75,512,512,384,384,0,10,1.113343,0.368584,1.481927
courtyard,75,512,512,384,384,0,11,1.059153,0.381213,1.440366
courtyard,75,512,512,384,384,0,12,1.097049,0.377517,1.474566
courtyard,75,512,512,384,384,0,13,1.095416,0.379661,1.475077
courtyard,75,512,512,384,384,0,14,1.110840,0.398538,1.509378
courtyard,75,512,512,384,384,0,15,1.109617,0.354864,1.464481
courtyard,75,512,512,384,384,0,16,0.986957,0.403986,1.390943
courtyard,75,512,512,384,384,0,17,1.002670,0.588829,1.591499
courtyard,75,512,512,384,384,0,18,1.109527,0.405709,1.515236
courtyard,75,512,512,384,384,0,19,1.038383,0.404697,1.443080
courtyard,75,512,512,384,384,0,20,1.091982,0.356767,1.448749
courtyard,75,512,512,384,384,0,21,1.025694,0.365109,1.390803
courtyard,75,512,512,384,384,0,22,1.024292,0.347042,1.371334
courtyard,75,512,512,384,384,0,23,1.221923,0.370257,1.592180
courtyard,75,512,512,384,384,0,24,1.082758,0.342906,1.425664
courtyard,75,512,512,384,384,0,25,1.009450,0.377517,1.386967
courtyard,75,512,512,384,384,0,26,1.030080,0.374623,1.404703
courtyard,75,512,512,384,384,0,27,1.013606,0.392229,1.405835
courtyard,75,512,512,384,384,0,28,1.066384,0.349205,1.415589
courtyard,75,512,512,384,384,0,29,1.045373,0.414301,1.459674
courtyard,75,512,512,384,384,1,0,0.981178,0.344789,1.325967
courtyard,75,512,512,384,384,1,1,1.046895,0.326792,1.373687
courtyard,75,512,512,384,384,1,2,1.078001,0.336857,1.414858
courtyard,75,512,512,384,384,1,3,1.010712,0.376536,1.387248
courtyard,75,512,512,384,384,1,4,0.986416,0.354193,1.340609
courtyard,75,512,512,384,384,1,5,1.082583,0.361984,1.444567
courtyard,75,512,512,384,384,1,6,1.157668,0.345230,1.502898
courtyard,75,512,512,384,384,1,7,0.974883,0.339572,1.314455
courtyard,75,512,512,384,384,1,8,1.080334,0.368524,1.448858
courtyard,75,512,512,384,384,1,9,1.000516,0.358169,1.358685
courtyard,75,512,512,384,384,1,10,0.961028,0.392659,1.353687
courtyard,75,512,512,384,384,1,11,0.998083,0.334604,1.332687
courtyard,75,512,512,384,384,1,12,1.062428,0.388794,1.451222
courtyard,75,512,512,384,384,1,13,1.092563,0.422654,1.515217
courtyard,75,512,512,384,384,1,14,1.044631,0.368194,1.412825
courtyard,75,512,512,384,384,1,15,1.072172,0.389305,1.461477
courtyard,75,512,512,384,384,1,16,1.067766,0.379110,1.446876
courtyard,75,512,512,384,384,1,17,1.085012,0.507018,1.592030
courtyard,75,512,512,384,384,1,18,0.993716,0.319642,1.313358
courtyard,75,512,512,384,384,1,19,1.127734,0.373772,1.501506
courtyard,75,512,512,384,384,1,20,1.012594,0.369195,1.381789
courtyard,75,512,512,384,384,1,21,0.974948,0.362045,1.336993
courtyard,75,512,512,384,384,1,22,1.123328,0.362965,1.486293
courtyard,75,512,512,384,384,1,23,1.109588,0.355485,1.465073
courtyard,75,512,512,384,384,1,24,0.983201,0.378990,1.362191
courtyard,75,512,512,384,384,1,25,1.000917,0.507258,1.508175
courtyard,75,512,512,384,384,1,26,0.985715,0.447360,1.433075
courtyard,75,512,512,384,384,1,27,1.076649,0.375455,1.452104
courtyard,75,512,512,384,384,1,28,1.022990,0.366431,1.389421
courtyard,75,512,512,384,384,1,29,1.013026,0.346952,1.359978
courtyard,75,512,512,384,384,2,0,1.023360,0.411547,1.434907
courtyard,75,512,512,384,384,2,1,0.988238,0.365720,1.353958
courtyard,75,512,512,384,384,2,2,0.992615,0.457025,1.449640
courtyard,75,512,512,384,384,2,3,1.089719,0.382043,1.471762
courtyard,75,512,512,384,384,2,4,0.945526,0.295947,1.241473
courtyard,75,512,512,384,384,2,5,1.041457,0.376746,1.418203
courtyard,75,512,512,384,384,2,6,1.094085,0.308856,1.402941
courtyard,75,512,512,384,384,2,7,0.962551,0.337929,1.300480
courtyard,75,512,512,384,384,2,8,1.007017,0.412599,1.419616
courtyard,75,512,512,384,384,2,9,1.147464,0.301795,1.449259
courtyard,75,512,512,384,384,2,10,0.937173,0.286473,1.223646
courtyard,75,512,512,384,384,2,11,1.687270,0.593266,2.280536
courtyard,75,512,512,384,384,2,12,1.694061,0.775664,2.469725
courtyard,75,512,512,384,384,2,13,1.199179,1.139442,2.338621
courtyard,75,512,512,384,384,2,14,1.216866,0.386400,1.603266
courtyard,75,512,512,384,384,2,15,0.961940,0.536832,1.498772
courtyard,75,512,512,384,384,2,16,2.113590,1.107985,3.221575
courtyard,75,512,512,384,384,2,17,1.385475,1.021182,2.406657
courtyard,75,512,512,384,384,2,18,1.911651,0.514870,2.426521
courtyard,75,512,512,384,384,2,19,1.204828,0.437395,1.642223
courtyard,75,512,512,384,384,2,20,1.745917,0.068902,1.814819
courtyard,75,512,512,384,384,2,21,1.654081,0.405659,2.059740
courtyard,75,512,512,384,384,2,22,1.401909,0.471516,1.873425
courtyard,75,512,512,384,384,2,23,1.287681,0.548700,1.836381
courtyard,75,512,512,384,384,2,24,1.203336,0.497124,1.700460
courtyard,75,512,512,384,384,2,25,1.460075,0.072457,1.532532
courtyard,75,512,512,384,384,2,26,1.095197,0.623390,1.718587
courtyard,75,512,512,384,384,2,27,1.350242,0.753292,2.103534
courtyard,75,512,512,384,384,2,28,1.073834,0.643440,1.717274
courtyard,75,512,512,384,384,2,29,1.612900,0.029263,1.642163
courtyard,50,512,512,256,256,0,0,1.293399,0.123792,1.417191
courtyard,50,512,512,256,256,0,1,1.290485,0.092196,1.382681
courtyard,50,512,512,256,256,0,2,1.019856,0.421722,1.441578
courtyard,50,512,512,256,256,0,3,1.808199,0.494810,2.303009
courtyard,50,512,512,256,256,0,4,1.371194,0.081400,1.452594
courtyard,50,512,512,256,256,0,5,1.271948,0.135800,1.407748
courtyard,50,512,512,256,256,0,6,1.391503,0.068101,1.459604
courtyard,50,512,512,256,256,0,7,1.204037,0.026469,1.230506
courtyard,50,512,512,256,256,0,8,1.423370,0.078737,1.502107
courtyard,50,512,512,256,256,0,9,0.986206,0.449243,1.435449
courtyard,50,512,512,256,256,0,10,1.103188,0.535170,1.638358
courtyard,50,512,512,256,256,0,11,1.333908,0.067540,1.401448
courtyard,50,512,512,256,256,0,12,1.427547,0.025889,1.453436
courtyard,50,512,512,256,256,0,13,1.244617,0.027651,1.272268
courtyard,50,512,512,256,256,0,14,1.287279,0.066439,1.353718
courtyard,50,512,512,256,256,0,15,1.296333,0.070665,1.366998
courtyard,50,512,512,256,256,0,16,0.783116,0.486578,1.269694
courtyard,50,512,512,256,256,0,17,1.228343,0.465557,1.693900
courtyard,50,512,512,256,256,0,18,0.978725,0.418507,1.397232
courtyard,50,512,512,256,256,0,19,1.063360,0.449929,1.513289
courtyard,50,512,512,256,256,0,20,0.939938,0.380040,1.319978
courtyard,50,512,512,256,256,0,21,0.888391,0.373241,1.261632
courtyard,50,512,512,256,256,0,22,0.883144,0.421201,1.304345
courtyard,50,512,512,256,256,0,23,1.102938,0.401102,1.504040
courtyard,50,512,512,256,256,0,24,1.035649,0.500739,1.536388
courtyard,50,512,512,256,256,0,25,1.004022,0.401262,1.405284
courtyard,50,512,512,256,256,0,26,0.945916,0.349415,1.295331
courtyard,50,512,512,256,256,0,27,0.909322,0.443735,1.353057
courtyard,50,512,512,256,256,0,28,0.924365,0.378628,1.302993
courtyard,50,512,512,256,256,0,29,0.890604,0.464246,1.354850
courtyard,50,512,512,256,256,1,0,0.886729,0.408873,1.295602
courtyard,50,512,512,256,256,1,1,0.967528,0.400481,1.368009
courtyard,50,512,512,256,256,1,2,0.986095,0.402294,1.388389
courtyard,50,512,512,256,256,1,3,0.946227,0.403796,1.350023
courtyard,50,512,512,256,256,1,4,0.933729,0.388833,1.322562
courtyard,50,512,512,256,256,1,5,0.866920,0.408482,1.275402
courtyard,50,512,512,256,256,1,6,0.924665,0.389094,1.313759
courtyard,50,512,512,256,256,1,7,0.979916,0.391618,1.371534
courtyard,50,512,512,256,256,1,8,0.903073,0.393801,1.296874
courtyard,50,512,512,256,256,1,9,0.902052,0.395373,1.297425
courtyard,50,512,512,256,256,1,10,0.931555,0.404326,1.335881
courtyard,50,512,512,256,256,1,11,0.953327,0.403665,1.356992
courtyard,50,512,512,256,256,1,12,1.000848,0.420415,1.421263
courtyard,50,512,512,256,256,1,13,0.911170,0.398117,1.309287
courtyard,50,512,512,256,256,1,14,0.929302,0.408262,1.337564
courtyard,50,512,512,256,256,1,15,1.060115,0.386200,1.446315
courtyard,50,512,512,256,256,1,16,0.986957,0.403435,1.390392
courtyard,50,512,512,256,256,1,17,0.907159,0.384317,1.291476
courtyard,50,512,512,256,256,1,18,1.034797,0.391228,1.426025
courtyard,50,512,512,256,256,1,19,0.924655,0.376826,1.301481
courtyard,50,512,512,256,256,1,20,1.011033,0.381292,1.392325
courtyard,50,512,512,256,256,1,21,0.940689,0.962160,1.902849
courtyard,50,512,512,256,256,1,22,0.895221,0.395324,1.290545
courtyard,50,512,512,256,256,1,23,0.901811,0.407702,1.309513
courtyard,50,512,512,256,256,1,24,1.129126,0.340192,1.469318
courtyard,50,512,512,256,256,1,25,0.929181,0.350287,1.279468
courtyard,50,512,512,256,256,1,26,0.991313,0.375905,1.367218
courtyard,50,512,512,256,256,1,27,0.894410,0.345850,1.240260
courtyard,50,512,512,256,256,1,28,0.937183,0.347563,1.284746
courtyard,50,512,512,256,256,1,29,0.931765,0.397978,1.329743
courtyard,50,512,512,256,256,2,0,0.957353,0.396655,1.354008
courtyard,50,512,512,256,256,2,1,0.945811,0.349356,1.295167
courtyard,50,512,512,256,256,2,2,0.957443,0.372800,1.330243
courtyard,50,512,512,256,256,2,3,0.995530,0.380081,1.375611
courtyard,50,512,512,256,256,2,4,1.000587,0.363436,1.364023
courtyard,50,512,512,256,256,2,5,1.023040,0.379299,1.402339
courtyard,50,512,512,256,256,2,6,0.962991,0.366821,1.329812
courtyard,50,512,512,256,256,2,7,1.199961,0.547698,1.747659
courtyard,50,512,512,256,256,2,8,1.873114,0.386610,2.259724
courtyard,50,512,512,256,256,2,9,1.021678,0.326622,1.348300
courtyard,50,512,512,256,256,2,10,1.067655,0.361153,1.428808
courtyard,50,512,512,256,256,2,11,0.956652,0.359310,1.315962
courtyard,50,512,512,256,256,2,12,1.013506,0.399009,1.412515
courtyard,50,512,512,256,256,2,13,0.961119,0.390146,1.351265
courtyard,50,512,512,256,256,2,14,0.930804,0.358109,1.288913
courtyard,50,512,512,256,256,2,15,0.937714,0.371869,1.309583
courtyard,50,512,512,256,256,2,16,0.858507,0.374914,1.233421
courtyard,50,512,512,256,256,2,17,1.110649,0.384788,1.495437
courtyard,50,512,512,256,256,2,18,1.572070,0.362796,1.934866
courtyard,50,512,512,256,256,2,19,0.926508,0.369695,1.296203
courtyard,50,512,512,256,256,2,20,0.879067,0.392760,1.271827
courtyard,50,512,512,256,256,2,21,0.822384,0.361834,1.184218
courtyard,50,512,512,256,256,2,22,0.912848,0.359921,1.272769
courtyard,50,512,512,256,256,2,23,0.910294,0.401593,1.311887
courtyard,50,512,512,256,256,2,24,0.984774,0.332721,1.317495
courtyard,50,512,512,256,256,2,25,0.923012,0.346942,1.269954
courtyard,50,512,512,256,256,2,26,0.940388,0.378499,1.318887
courtyard,50,512,512,256,256,2,27,0.989785,0.436545,1.426330
courtyard,50,512,512,256,256,2,28,0.897235,0.299872,1.197107
courtyard,50,512,512,256,256,2,29,0.917104,0.935566,1.852670
sphere,100,512,512,512,512,0,0,1.013987,0.384958,1.398945
sphere,100,512,512,512,512,0,1,0.988909,0.392920,1.381829
sphere,100,512,512,512,512,0,2,1.099463,0.409464,1.508927
sphere,100,512,512,512,512,0,3,2.049165,0.409925,2.459090
sphere,100,512,512,512,512,0,4,1.065012,0.395143,1.460155
sphere,100,512,512,512,512,0,5,1.009320,0.387222,1.396542
sphere,100,512,512,512,512,0,6,0.970683,0.492186,1.462869
sphere,100,512,512,512,512,0,7,1.067325,0.395574,1.462899
sphere,100,512,512,512,512,0,8,0.962540,0.363417,1.325957
sphere,100,512,512,512,512,0,9,0.970753,0.465637,1.436390
sphere,100,512,512,512,512,0,10,0.932866,0.410406,1.343272
sphere,100,512,512,512,512,0,11,0.970913,0.393520,1.364433
sphere,100,512,512,512,512,0,12,0.995460,0.415162,1.410622
sphere,100,512,512,512,512,0,13,0.942141,0.404657,1.346798
sphere,100,512,512,512,512,0,14,1.039234,0.420020,1.459254
sphere,100,512,512,512,512,0,15,1.012069,0.380892,1.392961
sphere,100,512,512,512,512,0,16,1.025179,0.408162,1.433341
sphere,100,512,512,512,512,0,17,0.952176,0.408623,1.360799
sphere,100,512,512,512,512,0,18,1.050000,0.381683,1.431683
sphere,100,512,512,512,512,0,19,1.027346,0.434221,1.461567
sphere,100,512,512,512,512,0,20,0.931735,0.424227,1.355962
sphere,100,512,512,512,512,0,21,0.974708,0.354213,1.328921
sphere,100,512,512,512,512,0,22,0.876774,0.382094,1.258868
sphere,100,512,512,512,512,0,23,0.908111,0.344178,1.252289
sphere,100,512,512,512,512,0,24,1.056860,0.372309,1.429169
sphere,100,512,512,512,512,0,25,0.881521,0.362955,1.244476
sphere,100,512,512,512,512,0,26,1.085822,0.341013,1.426835
sphere,100,512,512,512,512,0,27,2.208750,0.415043,2.623793
sphere,100,512,512,512,512,0,28,1.111831,0.385639,1.497470
sphere,100,512,512,512,512,0,29,1.157018,0.383866,1.540884
sphere,100,512,512,512,512,1,0,0.939516,0.384458,1.323974
sphere,100,512,512,512,512,1,1,1.114685,0.346762,1.461447
sphere,100,512,512,512,512,1,2,1.247541,0.506718,1.754259
sphere,100,512,512,512,512,1,3,1.121856,0.386780,1.508636
sphere,100,512,512,512,512,1,4,1.056148,0.463324,1.519472
sphere,100,512,512,512,512,1,5,0.912907,0.425538,1.338445
sphere,100,512,512,512,512,1,6,1.150317,0.390607,1.540924
sphere,100,512,512,512,512,1,7,0.988078,0.476003,1.464081
sphere,100,512,512,512,512,1,8,1.095327,0.378589,1.473916
sphere,100,512,512,512,512,1,9,1.213431,0.404668,1.618099
sphere,100,512,512,512,512,1,10,1.074856,0.443745,1.518601
sphere,100,512,512,512,512,1,11,1.034136,0.401973,1.436109
sphere,100,512,512,512,512,1,12,1.146783,0.501670,1.648453
sphere,100,512,512,512,512,1,13,1.023982,0.376716,1.400698
sphere,100,512,512,512,512,1,14,1.046715,0.375995,1.422710
sphere,100,512,512,512,512,1,15,1.033415,0.423065,1.456480
sphere,100,512,512,512,512,1,16,1.065522,0.384968,1.450490
sphere,100,512,512,512,512,1,17,1.011784,0.412799,1.424583
sphere,100,512,512,512,512,1,18,0.971494,0.402935,1.374429
sphere,100,512,512,512,512,1,19,1.171329,0.368173,1.539502
sphere,100,512,512,512,512,1,20,0.946747,0.378198,1.324945
sphere,100,512,512,512,512,1,21,1.022709,0.395304,1.418013
sphere,100,512,512,512,512,1,22,0.977032,0.407872,1.384904
sphere,100,512,512,512,512,1,23,0.948140,0.474380,1.422520
sphere,100,512,512,512,512,1,24,1.100614,0.399500,1.500114
sphere,100,512,512,512,512,1,25,1.050260,0.390776,1.441036
sphere,100,512,512,512,512,1,26,1.049749,0.415854,1.465603
sphere,100,512,512,512,512,1,27,1.036559,0.383987,1.420546
sphere,100,512,512,512,512,1,28,1.039334,0.413620,1.452954
sphere,100,512,512,512,512,1,29,1.072313,0.406800,1.479113
sphere,100,512,512,512,512,2,0,1.684496,0.021823,1.706319
sphere,100,512,512,512,512,2,1,1.031633,0.405619,1.437252
sphere,100,512,512,512,512,2,2,1.040165,0.343618,1.383783
sphere,100,512,512,512,512,2,3,1.263385,0.388944,1.652329
sphere,100,512,512,512,512,2,4,1.442719,0.251291,1.694010
sphere,100,512,512,512,512,2,5,0.963562,0.422273,1.385835
sphere,100,512,512,512,512,2,6,0.955680,0.387873,1.343553
sphere,100,512,512,512,512,2,7,1.205689,0.389685,1.595374
sphere,100,512,512,512,512,2,8,1.004803,0.370076,1.374879
sphere,100,512,512,512,512,2,9,0.912126,0.369425,1.281551
sphere,100,512,512,512,512,2,10,1.140403,0.402474,1.542877
sphere,100,512,512,512,512,2,11,0.922562,0.371638,1.294200
sphere,100,512,512,512,512,2,12,0.941419,0.396355,1.337774
sphere,100,512,512,512,512,2,13,1.629736,0.432904,2.062640
sphere,100,512,512,512,512,2,14,1.342932,0.412103,1.755035
sphere,100,512,512,512,512,2,15,1.060720,0.628578,1.689298
sphere,100,512,512,512,512,2,16,1.122777,0.436294,1.559071
sphere,100,512,512,512,512,2,17,1.335190,0.370137,1.705327
sphere,100,512,512,512,512,2,18,1.058973,0.611548,1.670521
sphere,100,512,512,512,512,2,19,0.963142,0.426344,1.389486
sphere,100,512,512,512,512,2,20,1.089659,0.397016,1.486675
sphere,100,512,512,512,512,2,21,1.004102,0.430255,1.434357
sphere,100,512,512,512,512,2,22,1.024082,0.446228,1.470310
sphere,100,512,512,512,512,2,23,0.989641,0.406600,1.396241
sphere,100,512,512,512,512,2,24,0.999646,0.435643,1.435289
sphere,100,512,512,512,512,2,25,0.995179,0.447390,1.442569
sphere,100,512,512,512,512,2,26,0.984383,0.454651,1.439034
sphere,100,512,512,512,512,2,27,0.943914,0.427881,1.371795
sphere,100,512,512,512,512,2,28,0.923543,0.398639,1.322182
sphere,100,512,512,512,512,2,29,0.977232,0.480875,1.458107
sphere,75,512,512,384,384,0,0,0.814672,0.357668,1.172340
sphere,75,512,512,384,384,0,1,0.865417,0.366381,1.231798
sphere,75,512,512,384,384,0,2,0.822824,0.364919,1.187743
sphere,75,512,512,384,384,0,3,0.875762,0.446309,1.322071
sphere,75,512,512,384,384,0,4,1.128356,0.405779,1.534135
sphere,75,512,512,384,384,0,5,0.857276,0.384297,1.241573
sphere,75,512,512,384,384,0,6,0.795715,0.451426,1.247141
sphere,75,512,512,384,384,0,7,0.909983,0.524404,1.434387
sphere,75,512,512,384,384,0,8,1.165636,0.463344,1.628980
sphere,75,512,512,384,384,0,9,0.895041,0.384998,1.280039
sphere,75,512,512,384,384,0,10,0.924430,0.375784,1.300214
sphere,75,512,512,384,384,0,11,0.803866,0.425739,1.229605
sphere,75,512,512,384,384,0,12,0.828994,0.428071,1.257065
sphere,75,512,512,384,384,0,13,0.825829,0.346231,1.172060
sphere,75,512,512,384,384,0,14,0.874441,0.355735,1.230176
sphere,75,512,512,384,384,0,15,0.761364,0.462532,1.223896
sphere,75,512,512,384,384,0,16,0.751990,0.386931,1.138921
sphere,75,512,512,384,384,0,17,1.010091,0.356526,1.366617
sphere,75,512,512,384,384,0,18,0.811598,0.434657,1.246255
sphere,75,512,512,384,384,0,19,0.989120,0.370207,1.359327
sphere,75,512,512,384,384,0,20,1.245108,0.395994,1.641102
sphere,75,512,512,384,384,0,21,0.894981,0.399951,1.294932
sphere,75,512,512,384,384,0,22,0.861742,0.428352,1.290094
sphere,75,512,512,384,384,0,23,0.878186,0.390356,1.268542
sphere,75,512,512,384,384,0,24,0.910949,0.380251,1.291200
sphere,75,512,512,384,384,0,25,0.801864,0.472733,1.274597
sphere,75,512,512,384,384,0,26,0.905737,0.368884,1.274621
sphere,75,512,512,384,384,0,27,0.951764,0.368544,1.320308
sphere,75,512,512,384,384,0,28,0.849103,0.453910,1.303013
sphere,75,512,512,384,384,0,29,0.860951,0.342936,1.203887
sphere,75,512,512,384,384,1,0,0.862563,0.383586,1.246149
sphere,75,512,512,384,384,1,1,0.880820,0.379981,1.260801
sphere,75,512,512,384,384,1,2,0.883654,0.350718,1.234372
sphere,75,512,512,384,384,1,3,0.896073,0.348534,1.244607
sphere,75,512,512,384,384,1,4,0.877154,0.411989,1.289143
sphere,75,512,512,384,384,1,5,0.859078,0.340883,1.199961
sphere,75,512,512,384,384,1,6,1.004488,0.330738,1.335226
sphere,75,512,512,384,384,1,7,0.795464,0.349206,1.144670
sphere,75,512,512,384,384,1,8,0.803106,0.413360,1.216466
sphere,75,512,512,384,384,1,9,0.903875,0.302766,1.206641
sphere,75,512,512,384,384,1,10,0.846380,0.380191,1.226571
sphere,75,512,512,384,384,1,11,0.801643,0.413300,1.214943
sphere,75,512,512,384,384,1,12,1.021638,0.406870,1.428508
sphere,75,512,512,384,384,1,13,0.776877,0.357247,1.134124
sphere,75,512,512,384,384,1,14,0.821953,0.380492,1.202445
sphere,75,512,512,384,384,1,15,1.290635,0.416414,1.707049
sphere,75,512,512,384,384,1,16,0.805178,0.389955,1.195133
sphere,75,512,512,384,384,1,17,0.792329,0.397888,1.190217
sphere,75,512,512,384,384,1,18,1.057150,0.395424,1.452574
sphere,75,512,512,384,384,1,19,0.757068,0.418117,1.175185
sphere,75,512,512,384,384,1,20,0.843065,0.388042,1.231107
sphere,75,512,512,384,384,1,21,0.779240,0.387832,1.167072
sphere,75,512,512,384,384,1,22,0.816204,0.385319,1.201523
sphere,75,512,512,384,384,1,23,0.784047,0.464446,1.248493
sphere,75,512,512,384,384,1,24,0.792660,0.402775,1.195435
sphere,75,512,512,384,384,1,25,0.811037,0.382134,1.193171
sphere,75,512,512,384,384,1,26,0.766672,0.469573,1.236245
sphere,75,512,512,384,384,1,27,0.872037,0.425427,1.297464
sphere,75,512,512,384,384,1,28,0.770777,0.415243,1.186020
sphere,75,512,512,384,384,1,29,0.836454,0.369886,1.206340
sphere,75,512,512,384,384,2,0,0.888010,0.414953,1.302963
sphere,75,512,512,384,384,2,1,0.784228,0.411387,1.195615
sphere,75,512,512,384,384,2,2,0.952967,0.355444,1.308411
sphere,75,512,512,384,384,2,3,0.904985,0.347443,1.252428
sphere,75,512,512,384,384,2,4,1.052263,0.403636,1.455899
sphere,75,512,512,384,384,2,5,0.763056,0.388003,1.151059
sphere,75,512,512,384,384,2,6,0.943793,0.394211,1.338004
sphere,75,512,512,384,384,2,7,0.823926,0.363006,1.186932
sphere,75,512,512,384,384,2,8,1.007788,0.403656,1.411444
sphere,75,512,512,384,384,2,9,0.905536,0.629830,1.535366
sphere,75,512,512,384,384,2,10,0.895211,0.409765,1.304976
sphere,75,512,512,384,384,2,11,0.916573,0.373361,1.289934
sphere,75,512,512,384,384,2,12,1.131570,0.377698,1.509268
sphere,75,512,512,384,384,2,13,0.833741,0.347262,1.181003
sphere,75,512,512,384,384,2,14,0.874050,0.341684,1.215734
sphere,75,512,512,384,384,2,15,0.852308,0.349646,1.201954
sphere,75,512,512,384,384,2,16,0.990432,0.337879,1.328311
sphere,75,512,512,384,384,2,17,0.827682,0.368114,1.195796
sphere,75,512,512,384,384,2,18,0.845008,0.338880,1.183888
sphere,75,512,512,384,384,2,19,0.856074,0.353682,1.209756
sphere,75,512,512,384,384,2,20,0.830816,0.358849,1.189665
sphere,75,512,512,384,384,2,21,0.857456,0.411177,1.268633
sphere,75,512,512,384,384,2,22,0.852788,0.376165,1.228953
sphere,75,512,512,384,384,2,23,0.814492,0.354523,1.169015
sphere,75,512,512,384,384,2,24,0.839850,0.359030,1.198880
sphere,75,512,512,384,384,2,25,1.066334,0.509301,1.575635
sphere,75,512,512,384,384,2,26,0.745310,0.394552,1.139862
sphere,75,512,512,384,384,2,27,0.786131,0.348394,1.134525
sphere,75,512,512,384,384,2,28,1.177949,0.399780,1.577729
sphere,75,512,512,384,384,2,29,0.858057,0.374663,1.232720
sphere,50,512,512,256,256,0,0,0.738871,0.336156,1.075027
sphere,50,512,512,256,256,0,1,0.812630,0.314083,1.126713
sphere,50,512,512,256,256,0,2,0.793801,0.343697,1.137498
sphere,50,512,512,256,256,0,3,0.949001,0.350838,1.299839
sphere,50,512,512,256,256,0,4,0.744248,0.330468,1.074716
sphere,50,512,512,256,256,0,5,0.758289,0.325160,1.083449
sphere,50,512,512,256,256,0,6,0.762726,0.334173,1.096899
sphere,50,512,512,256,256,0,7,0.746992,0.326673,1.073665
sphere,50,512,512,256,256,0,8,0.728045,0.327303,1.055348
sphere,50,512,512,256,256,0,9,0.781063,0.333322,1.114385
sphere,50,512,512,256,256,0,10,0.793111,0.340773,1.133884
sphere,50,512,512,256,256,0,11,0.738050,0.348594,1.086644
sphere,50,512,512,256,256,0,12,0.730678,0.383767,1.114445
sphere,50,512,512,256,256,0,13,0.714454,0.342296,1.056750
sphere,50,512,512,256,256,0,14,0.702567,0.367061,1.069628
sphere,50,512,512,256,256,0,15,0.728295,0.344388,1.072683
sphere,50,512,512,256,256,0,16,0.744118,0.345910,1.090028
sphere,50,512,512,256,256,0,17,0.732130,0.337038,1.069168
sphere,50,512,512,256,256,0,18,0.749516,0.343497,1.093013
sphere,50,512,512,256,256,0,19,0.850646,0.336366,1.187012
sphere,50,512,512,256,256,0,20,0.817096,0.394573,1.211669
sphere,50,512,512,256,256,0,21,0.661927,0.367582,1.029509
sphere,50,512,512,256,256,0,22,0.721855,0.349676,1.071531
sphere,50,512,512,256,256,0,23,0.701205,0.407772,1.108977
sphere,50,512,512,256,256,0,24,0.952355,0.058306,1.010661
sphere,50,512,512,256,256,0,25,0.747573,0.302857,1.050430
sphere,50,512,512,256,256,0,26,0.700524,0.356906,1.057430
sphere,50,512,512,256,256,0,27,0.963442,0.052167,1.015609
sphere,50,512,512,256,256,0,28,0.735616,0.372410,1.108026
sphere,50,512,512,256,256,0,29,0.656729,0.333963,0.990692
sphere,50,512,512,256,256,1,0,0.720844,0.356796,1.077640
sphere,50,512,512,256,256,1,1,0.681155,0.326693,1.007848
sphere,50,512,512,256,256,1,2,0.710298,0.417927,1.128225
sphere,50,512,512,256,256,1,3,0.654977,0.312040,0.967017
sphere,50,512,512,256,256,1,4,0.700724,0.352189,1.052913
sphere,50,512,512,256,256,1,5,0.643349,0.347954,0.991303
sphere,50,512,512,256,256,1,6,0.628708,0.369896,0.998604
sphere,50,512,512,256,256,1,7,0.655919,0.769886,1.425805
sphere,50,512,512,256,256,1,8,1.039975,0.069392,1.109367
sphere,50,512,512,256,256,1,9,0.939597,0.339331,1.278928
sphere,50,512,512,256,256,1,10,0.797908,0.310108,1.108016
sphere,50,512,512,256,256,1,11,0.704930,0.387893,1.092823
sphere,50,512,512,256,256,1,12,0.644772,0.396575,1.041347
sphere,50,512,512,256,256,1,13,0.613846,0.386631,1.000477
sphere,50,512,512,256,256,1,14,0.655567,0.370247,1.025814
sphere,50,512,512,256,256,1,15,0.638913,0.447250,1.086163
sphere,50,512,512,256,256,1,16,0.631332,0.401513,1.032845
sphere,50,512,512,256,256,1,17,0.663339,0.387021,1.050360
sphere,50,512,512,256,256,1,18,0.605354,0.391988,0.997342
sphere,50,512,512,256,256,1,19,0.616961,0.402975,1.019936
sphere,50,512,512,256,256,1,20,0.631552,0.395985,1.027537
sphere,50,512,512,256,256,1,21,0.743778,0.281385,1.025163
sphere,50,512,512,256,256,1,22,0.697981,0.305771,1.003752
sphere,50,512,512,256,256,1,23,0.642949,0.367733,1.010682
sphere,50,512,512,256,256,1,24,0.654987,0.340973,0.995960
sphere,50,512,512,256,256,1,25,0.743327,0.348845,1.092172
sphere,50,512,512,256,256,1,26,0.703187,0.343217,1.046404
sphere,50,512,512,256,256,1,27,0.943543,0.309787,1.253330
sphere,50,512,512,256,256,1,28,0.664051,0.349245,1.013296
sphere,50,512,512,256,256,1,29,0.800221,0.331649,1.131870
sphere,50,512,512,256,256,2,0,0.736236,0.489102,1.225338
sphere,50,512,512,256,256,2,1,0.693614,0.339421,1.033035
sphere,50,512,512,256,256,2,2,0.715556,0.604072,1.319628
sphere,50,512,512,256,256,2,3,0.763948,0.321134,1.085082
sphere,50,512,512,256,256,2,4,0.741394,0.331850,1.073244
sphere,50,512,512,256,256,2,5,0.679043,0.339741,1.018784
sphere,50,512,512,256,256,2,6,0.746392,0.339571,1.085963
sphere,50,512,512,256,256,2,7,0.726893,0.355574,1.082467
sphere,50,512,512,256,256,2,8,0.702697,0.324919,1.027616
sphere,50,512,512,256,256,2,9,0.683028,0.393901,1.076929
sphere,50,512,512,256,256,2,10,0.677931,0.358920,1.036851
sphere,50,512,512,256,256,2,11,0.679983,0.346141,1.026124
sphere,50,512,512,256,256,2,12,0.762565,0.346401,1.108966
sphere,50,512,512,256,256,2,13,0.660494,0.349676,1.010170
sphere,50,512,512,256,256,2,14,1.091511,0.358890,1.450401
sphere,50,512,512,256,256,2,15,0.711731,0.378659,1.090390
sphere,50,512,512,256,256,2,16,0.687485,0.332401,1.019886
sphere,50,512,512,256,256,2,17,0.732862,0.365479,1.098341
sphere,50,512,512,256,256,2,18,0.866509,0.371058,1.237567
sphere,50,512,512,256,256,2,19,0.683919,0.342035,1.025954
sphere,50,512,512,256,256,2,20,0.656819,0.371829,1.028648
sphere,50,512,512,256,256,2,21,0.641036,0.374493,1.015529
sphere,50,512,512,256,256,2,22,0.694265,0.351709,1.045974
sphere,50,512,512,256,256,2,23,0.671291,0.334834,1.006125
sphere,50,512,512,256,256,2,24,0.638733,0.358579,0.997312
sphere,50,512,512,256,256,2,25,0.705681,0.409254,1.114935
sphere,50,512,512,256,256,2,26,0.705931,0.391909,1.097840
sphere,50,512,512,256,256,2,27,0.711390,0.355805,1.067195
sphere,50,512,512,256,256,2,28,0.649709,0.360582,1.010291
sphere,50,512,512,256,256,2,29,0.794994,0.362044,1.157038
color,100,512,512,512,512,0,0,0.842994,0.492798,1.335792
color,100,512,512,512,512,0,1,0.880519,0.466489,1.347008
color,100,512,512,512,512,0,2,0.941219,0.402704,1.343923
color,100,512,512,512,512,0,3,0.881250,0.407041,1.288291
color,100,512,512,512,512,0,4,0.907599,0.402775,1.310374
color,100,512,512,512,512,0,5,0.930774,0.396605,1.327379
color,100,512,512,512,512,0,6,0.859699,0.385570,1.245269
color,100,512,512,512,512,0,7,0.966336,0.393591,1.359927
color,100,512,512,512,512,0,8,1.117860,0.383005,1.500865
color,100,512,512,512,512,0,9,0.897584,0.437186,1.334770
color,100,512,512,512,512,0,10,0.893288,0.395033,1.288321
color,100,512,512,512,512,0,11,0.868822,0.413911,1.282733
color,100,512,512,512,512,0,12,0.887079,0.399069,1.286148
color,100,512,512,512,512,0,13,0.992024,0.392860,1.384884
color,100,512,512,512,512,0,14,0.971403,0.405248,1.376651
color,100,512,512,512,512,0,15,0.949281,0.611793,1.561074
color,100,512,512,512,512,0,16,0.904304,0.367072,1.271376
color,100,512,512,512,512,0,17,0.892067,0.389455,1.281522
color,100,512,512,512,512,0,18,0.964543,0.505967,1.470510
color,100,512,512,512,512,0,19,0.897364,0.583652,1.481016
color,100,512,512,512,512,0,20,0.972195,0.391467,1.363662
color,100,512,512,512,512,0,21,0.952136,0.400571,1.352707
color,100,512,512,512,512,0,22,0.841653,0.405268,1.246921
color,100,512,512,512,512,0,23,0.880169,0.402374,1.282543
color,100,512,512,512,512,0,24,0.885657,0.419849,1.305506
color,100,512,512,512,512,0,25,0.990912,0.417486,1.408398
color,100,512,512,512,512,0,26,0.929933,0.387522,1.317455
color,100,512,512,512,512,0,27,1.078031,0.385339,1.463370
color,100,512,512,512,512,0,28,0.882552,0.376075,1.258627
color,100,512,512,512,512,0,29,0.925506,0.417126,1.342632
color,100,512,512,512,512,1,0,0.944504,0.372080,1.316584
color,100,512,512,512,512,1,1,0.923913,0.373131,1.297044
color,100,512,512,512,512,1,2,0.974879,0.402924,1.377803
color,100,512,512,512,512,1,3,0.816195,0.413220,1.229415
color,100,512,512,512,512,1,4,0.866419,0.404647,1.271066
color,100,512,512,512,512,1,5,0.871236,0.420200,1.291436
color,100,512,512,512,512,1,6,0.893459,0.465778,1.359237
color,100,512,512,512,512,1,7,0.899778,0.415823,1.315601
color,100,512,512,512,512,1,8,0.901571,0.441591,1.343162
color,100,512,512,512,512,1,9,0.884115,0.374442,1.258557
color,100,512,512,512,512,1,10,0.858326,0.521500,1.379826
color,100,512,512,512,512,1,11,0.905096,0.446549,1.351645
color,100,512,512,512,512,1,12,0.981518,0.406901,1.388419
color,100,512,512,512,512,1,13,1.159452,0.388152,1.547604
color,100,512,512,512,512,1,14,0.835343,0.374462,1.209805
color,100,512,512,512,512,1,15,0.845128,0.395163,1.240291
color,100,512,512,512,512,1,16,0.915111,0.446188,1.361299
color,100,512,512,512,512,1,17,1.024091,0.428582,1.452673
color,100,512,512,512,512,1,18,0.881732,0.414492,1.296224
color,100,512,512,512,512,1,19,0.942941,0.327123,1.270064
color,100,512,512,512,512,1,20,1.182135,0.382945,1.565080
color,100,512,512,512,512,1,21,0.868502,0.375003,1.243505
color,100,512,512,512,512,1,22,1.098171,0.423635,1.521806
color,100,512,512,512,512,1,23,0.800922,0.345870,1.146792
color,100,512,512,512,512,1,24,0.789715,0.321334,1.111049
color,100,512,512,512,512,1,25,0.831708,0.390967,1.222675
color,100,512,512,512,512,1,26,1.008028,0.364658,1.372686
color,100,512,512,512,512,1,27,0.992985,0.398428,1.391413
color,100,512,512,512,512,1,28,0.930383,0.325681,1.256064
color,100,512,512,512,512,1,29,0.875903,0.344248,1.220151
color,100,512,512,512,512,2,0,0.848662,0.325681,1.174343
color,100,512,512,512,512,2,1,0.878917,0.308916,1.187833
color,100,512,512,512,512,2,2,0.841993,0.324919,1.166912
color,100,512,512,512,512,2,3,0.914910,0.334794,1.249704
color,100,512,512,512,512,2,4,0.845227,0.348985,1.194212
color,100,512,512,512,512,2,5,0.871356,0.297649,1.169005
color,100,512,512,512,512,2,6,0.839138,0.335546,1.174684
color,100,512,512,512,512,2,7,0.869033,0.331589,1.200622
color,100,512,512,512,512,2,8,0.918766,0.350327,1.269093
color,100,512,512,512,512,2,9,0.833520,0.345090,1.178610
color,100,512,512,512,512,2,10,0.956803,0.372910,1.329713
color,100,512,512,512,512,2,11,0.931155,0.352921,1.284076
color,100,512,512,512,512,2,12,0.912647,0.363507,1.276154
color,100,512,512,512,512,2,13,0.786961,0.425629,1.212590
color,100,512,512,512,512,2,14,0.950212,0.480910,1.431122
color,100,512,512,512,512,2,15,1.235374,0.370727,1.606101
color,100,512,512,512,512,2,16,0.918746,0.443154,1.361900
color,100,512,512,512,512,2,17,0.949882,0.387442,1.337324
color,100,512,512,512,512,2,18,0.909162,0.362645,1.271807
color,100,512,512,512,512,2,19,0.925156,0.382124,1.307280
color,100,512,512,512,512,2,20,0.933587,0.373702,1.307289
color,100,512,512,512,512,2,21,0.901160,0.405349,1.306509
color,100,512,512,512,512,2,22,1.079013,0.372640,1.451653
color,100,512,512,512,512,2,23,0.961589,0.395374,1.356963
color,100,512,512,512,512,2,24,0.912396,0.370988,1.283384
color,100,512,512,512,512,2,25,0.931324,0.360172,1.291496
color,100,512,512,512,512,2,26,0.957363,0.373010,1.330373
color,100,512,512,512,512,2,27,0.853980,0.364909,1.218889
color,100,512,512,512,512,2,28,0.898716,0.357948,1.256664
color,100,512,512,512,512,2,29,0.933367,0.345190,1.278557
color,75,512,512,384,384,0,0,0.839079,0.404126,1.243205
color,75,512,512,384,384,0,1,0.831818,0.421212,1.253030
color,75,512,512,384,384,0,2,0.737628,0.469173,1.206801
color,75,512,512,384,384,0,3,0.869793,0.414322,1.284115
color,75,512,512,384,384,0,4,0.798889,0.373922,1.172811
color,75,512,512,384,384,0,5,0.782394,0.405489,1.187883
color,75,512,512,384,384,0,6,1.054947,0.171583,1.226530
color,75,512,512,384,384,0,7,0.842764,0.409354,1.252118
color,75,512,512,384,384,0,8,0.816244,0.387623,1.203867
color,75,512,512,384,384,0,9,0.798148,0.391678,1.189826
color,75,512,512,384,384,0,10,0.786221,0.398428,1.184649
color,75,512,512,384,384,0,11,0.872468,0.405779,1.278247
color,75,512,512,384,384,0,12,0.836995,0.383646,1.220641
color,75,512,512,384,384,0,13,0.735736,0.407111,1.142847
color,75,512,512,384,384,0,14,0.780392,0.427971,1.208363
color,75,512,512,384,384,0,15,0.816215,0.526847,1.343062
color,75,512,512,384,384,0,16,0.993266,0.400862,1.394128
color,75,512,512,384,384,0,17,0.783036,0.386770,1.169806
color,75,512,512,384,384,0,18,0.807161,0.427751,1.234912
color,75,512,512,384,384,0,19,1.101626,0.395554,1.497180
color,75,512,512,384,384,0,20,0.906909,0.406309,1.313218
color,75,512,512,384,384,0,21,0.762475,0.446910,1.209385
color,75,512,512,384,384,0,22,0.893749,0.428893,1.322642
color,75,512,512,384,384,0,23,0.785650,0.411597,1.197247
color,75,512,512,384,384,0,24,0.829604,0.408553,1.238157
color,75,512,512,384,384,0,25,0.729427,0.421712,1.151139
color,75,512,512,384,384,0,26,0.807111,0.416395,1.223506
color,75,512,512,384,384,0,27,0.819490,0.380902,1.200392
color,75,512,512,384,384,0,28,0.993256,0.376536,1.369792
color,75,512,512,384,384,0,29,0.783766,0.409365,1.193131
color,75,512,512,384,384,1,0,0.840490,0.380642,1.221132
color,75,512,512,384,384,1,1,0.928200,0.435974,1.364174
color,75,512,512,384,384,1,2,0.901080,0.407872,1.308952
color,75,512,512,384,384,1,3,0.799771,0.482211,1.281982
color,75,512,512,384,384,1,4,0.818218,0.425628,1.243846
color,75,512,512,384,384,1,5,0.800501,0.410236,1.210737
color,75,512,512,384,384,1,6,0.897905,0.377677,1.275582
color,75,512,512,384,384,1,7,0.867651,0.359600,1.227251
color,75,512,512,384,384,1,8,0.881301,0.336657,1.217958
color,75,512,512,384,384,1,9,0.757598,0.439018,1.196616
color,75,512,512,384,384,1,10,0.891526,0.502361,1.393887
color,75,512,512,384,384,1,11,0.851877,0.360112,1.211989
color,75,512,512,384,384,1,12,0.967108,0.420480,1.387588
color,75,512,512,384,384,1,13,0.911545,0.440631,1.352176
color,75,512,512,384,384,1,14,0.957844,0.413300,1.371144
color,75,512,512,384,384,1,15,0.873750,0.351529,1.225279
color,75,512,512,384,384,1,16,0.904495,0.431276,1.335771
color,75,512,512,384,384,1,17,0.893749,0.336226,1.229975
color,75,512,512,384,384,1,18,0.825959,0.367682,1.193641
color,75,512,512,384,384,1,19,0.861562,0.359791,1.221353
color,75,512,512,384,384,1,20,1.048587,0.371949,1.420536
color,75,512,512,384,384,1,21,0.853930,0.328215,1.182145
color,75,512,512,384,384,1,22,0.833380,0.400171,1.233551
color,75,512,512,384,384,1,23,0.882873,0.352470,1.235343
color,75,512,512,384,384,1,24,0.887610,0.398578,1.286188
color,75,512,512,384,384,1,25,0.846209,0.360592,1.206801
color,75,512,512,384,384,1,26,0.888081,0.355154,1.243235
color,75,512,512,384,384,1,27,0.889844,0.368594,1.258438
color,75,512,512,384,384,1,28,0.781103,0.409444,1.190547
color,75,512,512,384,384,1,29,0.860310,0.361714,1.222024
color,75,512,512,384,384,2,0,0.855473,0.386510,1.241983
color,75,512,512,384,384,2,1,0.852378,0.571203,1.423581
color,75,512,512,384,384,2,2,0.919187,0.408482,1.327669
color,75,512,512,384,384,2,3,0.847150,0.397206,1.244356
color,75,512,512,384,384,2,4,0.859068,0.365690,1.224758
color,75,512,512,384,384,2,5,0.960267,0.390236,1.350503
color,75,512,512,384,384,2,6,0.856544,0.378509,1.235053
color,75,512,512,384,384,2,7,0.844677,0.384227,1.228904
color,75,512,512,384,384,2,8,0.857215,0.403175,1.260390
color,75,512,512,384,384,2,9,0.849684,0.386290,1.235974
color,75,512,512,384,384,2,10,0.859349,0.420550,1.279899
color,75,512,512,384,384,2,11,0.831848,0.384046,1.215894
color,75,512,512,384,384,2,12,0.854251,0.381032,1.235283
color,75,512,512,384,384,2,13,0.802274,0.381503,1.183777
color,75,512,512,384,384,2,14,0.821833,0.382244,1.204077
color,75,512,512,384,384,2,15,0.849634,0.468251,1.317885
color,75,512,512,384,384,2,16,0.874040,0.412559,1.286599
color,75,512,512,384,384,2,17,0.739501,0.417677,1.157178
color,75,512,512,384,384,2,18,0.827752,0.404327,1.232079
color,75,512,512,384,384,2,19,0.809805,0.389575,1.199380
color,75,512,512,384,384,2,20,0.835453,0.439399,1.274852
color,75,512,512,384,384,2,21,0.786391,0.420481,1.206872
color,75,512,512,384,384,2,22,0.776456,0.397326,1.173782
color,75,512,512,384,384,2,23,0.757037,0.422894,1.179931
color,75,512,512,384,384,2,24,0.829654,0.371488,1.201142
color,75,512,512,384,384,2,25,0.805078,0.467320,1.272398
color,75,512,512,384,384,2,26,0.900739,0.411398,1.312137
color,75,512,512,384,384,2,27,0.782425,0.387602,1.170027
color,75,512,512,384,384,2,28,0.863064,0.366200,1.229264
color,75,512,512,384,384,2,29,0.808413,0.367142,1.175555
color,50,512,512,256,256,0,0,0.696958,0.388474,1.085432
color,50,512,512,256,256,0,1,0.752861,0.372600,1.125461
color,50,512,512,256,256,0,2,0.750077,0.384608,1.134685
color,50,512,512,256,256,0,3,0.716257,0.448763,1.165020
color,50,512,512,256,256,0,4,0.679092,0.416084,1.095176
color,50,512,512,256,256,0,5,0.680544,0.388453,1.068997
color,50,512,512,256,256,0,6,0.894831,0.369225,1.264056
color,50,512,512,256,256,0,7,0.690319,0.360111,1.050430
color,50,512,512,256,256,0,8,0.712662,0.389215,1.101877
color,50,512,512,256,256,0,9,0.719291,0.372160,1.091451
color,50,512,512,256,256,0,10,0.790998,0.415273,1.206271
color,50,512,512,256,256,0,11,0.722276,0.411968,1.134244
color,50,512,512,256,256,0,12,0.653324,0.344258,0.997582
color,50,512,512,256,256,0,13,0.649628,0.397637,1.047265
color,50,512,512,256,256,0,14,0.648757,0.349747,0.998504
color,50,512,512,256,256,0,15,0.622279,0.394482,1.016761
color,50,512,512,256,256,0,16,0.841933,0.368033,1.209966
color,50,512,512,256,256,0,17,0.636850,0.339772,0.976622
color,50,512,512,256,256,0,18,0.629038,0.360532,0.989570
color,50,512,512,256,256,0,19,0.681125,0.346521,1.027646
color,50,512,512,256,256,0,20,0.663098,0.321865,0.984963
color,50,512,512,256,256,0,21,0.621327,0.343587,0.964914
color,50,512,512,256,256,0,22,0.629900,0.363727,0.993627
color,50,512,512,256,256,0,23,0.674916,0.348104,1.023020
color,50,512,512,256,256,0,24,0.690149,0.355394,1.045543
color,50,512,512,256,256,0,25,0.768835,0.340212,1.109047
color,50,512,512,256,256,0,26,0.662137,0.356606,1.018743
color,50,512,512,256,256,0,27,0.700133,0.367012,1.067145
color,50,512,512,256,256,0,28,0.805739,0.404877,1.210616
color,50,512,512,256,256,0,29,0.838468,0.369104,1.207572
color,50,512,512,256,256,1,0,0.645233,0.322425,0.967658
color,50,512,512,256,256,1,1,0.682848,0.337538,1.020386
color,50,512,512,256,256,1,2,0.601217,0.411557,1.012774
color,50,512,512,256,256,1,3,0.708696,0.330618,1.039314
color,50,512,512,256,256,1,4,0.662598,0.330798,0.993396
color,50,512,512,256,256,1,5,0.710689,0.329957,1.040646
color,50,512,512,256,256,1,6,0.774132,0.345110,1.119242
color,50,512,512,256,256,1,7,0.643349,0.336747,0.980096
color,50,512,512,256,256,1,8,0.740533,0.348645,1.089178
color,50,512,512,256,256,1,9,0.862493,0.331940,1.194433
color,50,512,512,256,256,1,10,0.716277,0.354904,1.071181
color,50,512,512,256,256,1,11,0.713102,0.327383,1.040485
color,50,512,512,256,256,1,12,0.705882,0.329736,1.035618
color,50,512,512,256,256,1,13,0.647926,0.362415,1.010341
color,50,512,512,256,256,1,14,0.934158,0.326352,1.260510
color,50,512,512,256,256,1,15,1.021047,0.501601,1.522648
color,50,512,512,256,256,1,16,0.781954,0.317088,1.099042
color,50,512,512,256,256,1,17,0.771088,0.317518,1.088606
color,50,512,512,256,256,1,18,0.927418,0.324029,1.251447
color,50,512,512,256,256,1,19,0.661756,0.327964,0.989720
color,50,512,512,256,256,1,20,0.679723,0.374773,1.054496
color,50,512,512,256,256,1,21,0.890985,0.306042,1.197027
color,50,512,512,256,256,1,22,0.683849,0.306943,0.990792
color,50,512,512,256,256,1,23,0.713193,0.287093,1.000286
color,50,512,512,256,256,1,24,0.778028,0.333993,1.112021
color,50,512,512,256,256,1,25,0.716137,0.301785,1.017922
color,50,512,512,256,256,1,26,0.702507,0.298750,1.001257
color,50,512,512,256,256,1,27,0.677300,0.332921,1.010221
color,50,512,512,256,256,1,28,0.768374,0.318200,1.086574
color,50,512,512,256,256,1,29,0.764328,0.302046,1.066374
color,50,512,512,256,256,2,0,0.921099,0.124063,1.045162
color,50,512,512,256,256,2,1,0.728325,0.394722,1.123047
color,50,512,512,256,256,2,2,0.738469,0.345601,1.084070
color,50,512,512,256,256,2,3,0.981879,0.072357,1.054236
color,50,512,512,256,256,2,4,1.011884,0.026990,1.038874
color,50,512,512,256,256,2,5,0.828633,0.869513,1.698146
color,50,512,512,256,256,2,6,1.070961,0.350367,1.421328
color,50,512,512,256,256,2,7,0.709517,0.388333,1.097850
color,50,512,512,256,256,2,8,1.277946,0.359991,1.637937
color,50,512,512,256,256,2,9,0.709728,0.451677,1.161405
color,50,512,512,256,256,2,10,0.764588,0.334604,1.099192
color,50,512,512,256,256,2,11,0.970813,0.031226,1.002039
color,50,512,512,256,256,2,12,0.710579,0.373341,1.083920
color,50,512,512,256,256,2,13,0.879939,0.077214,0.957153
color,50,512,512,256,256,2,14,0.706563,0.410927,1.117490
color,50,512,512,256,256,2,15,0.744599,0.329667,1.074266
color,50,512,512,256,256,2,16,0.974948,0.100238,1.075186
color,50,512,512,256,256,2,17,0.734314,0.360692,1.095006
color,50,512,512,256,256,2,18,0.655086,0.432439,1.087525
color,50,512,512,256,256,2,19,1.137700,0.624251,1.761951
color,50,512,512,256,256,2,20,0.830696,0.340332,1.171028
color,50,512,512,256,256,2,21,0.647645,0.377317,1.024962
color,50,512,512,256,256,2,22,0.710068,0.315205,1.025273
color,50,512,512,256,256,2,23,0.793772,0.882382,1.676154
color,50,512,512,256,256,2,24,0.923543,0.040530,0.964073
color,50,512,512,256,256,2,25,0.729336,0.378419,1.107755
color,50,512,512,256,256,2,26,0.666013,0.345159,1.011172
color,50,512,512,256,256,2,27,1.131520,0.047630,1.179150
color,50,512,512,256,256,2,28,1.009886,0.032388,1.042274
color,50,512,512,256,256,2,29,0.827932,0.341063,1.168995
