scene,scale_percent,repeat,median_cpu_encode_submit_ms,median_native_queue_wait_ms,median_native_queue_completion_wall_ms,p95_native_queue_completion_wall_ms
courtyard,100,0,1.141379,0.390305,1.553933,1.772646
courtyard,100,1,1.160062,0.368704,1.525907,1.924099
courtyard,100,2,1.102097,0.353537,1.47029,1.636765
courtyard,75,0,1.034232,0.37244,1.441723,1.591499
courtyard,75,1,1.03381,0.367313,1.413841,1.515217
courtyard,75,2,1.201258,0.424997,1.642193,2.469725
courtyard,50,0,1.103063,0.379334,1.403366,1.6939
courtyard,50,1,0.932747,0.395348,1.332812,1.469318
courtyard,50,2,0.957398,0.372335,1.330027,1.934866
sphere,100,0,1.010695,0.394332,1.418729,2.45909
sphere,100,1,1.048232,0.402454,1.454717,1.648453
sphere,100,2,1.014442,0.40611,1.440802,1.755035
sphere,75,0,0.869929,0.388644,1.274609,1.62898
sphere,75,1,0.829203,0.387937,1.215705,1.452574
sphere,75,2,0.857757,0.374012,1.230837,1.575635
sphere,50,0,0.744183,0.341534,1.079238,1.211669
sphere,50,1,0.663695,0.354492,1.037096,1.278928
sphere,50,2,0.704189,0.357192,1.070219,1.319628
color,100,0,0.905952,0.402539,1.335281,1.500865
color,100,1,0.900675,0.396795,1.306323,1.547604
color,100,2,0.913779,0.363076,1.277356,1.451653
color,75,0,0.816229,0.40671,1.222074,1.394128
color,75,1,0.877525,0.379159,1.234447,1.393887
color,75,2,0.845913,0.393721,1.233566,1.350503
color,50,0,0.690234,0.368568,1.068071,1.210616
color,50,1,0.713148,0.329846,1.040566,1.26051
color,50,2,0.810852,0.34538,1.091265,1.698146
