condition,camera,samples,ao_resolution,blur,debug,enabled,samples_total,cpu_encode_ms_median,cpu_encode_ms_p95,cpu_submit_ms_median,cpu_submit_ms_p95,native_queue_wait_ms_median,native_queue_wait_ms_p95,native_queue_completion_wall_ms_median,native_queue_completion_wall_ms_p95
0,0,32,100,0,0,1,30,0.0993665,0.176381,11.077211,34.398453,0.5116350000000001,3.194734,12.200266,35.238432
1,0,8,100,0,0,1,30,0.06472549999999999,0.111294,6.0309135000000005,11.198958,0.5681735,2.059159,6.67236,12.783506
2,0,16,100,0,0,1,30,0.0724765,0.131534,8.2057705,21.211203,0.5958494999999999,2.666706,8.8326055,23.9873
3,0,32,50,0,0,1,30,0.0555975,0.141128,5.33628,11.797641,0.587164,2.936383,5.9627955,12.050114
4,0,32,100,1,0,1,30,0.111825,0.146325,12.848031500000001,24.615603,0.5321899999999999,1.996626,13.437904,26.755266
5,0,32,100,2,0,1,30,0.084925,0.140477,15.1930525,20.09697,0.5023215000000001,0.699232,15.8333775,20.247012
6,0,32,100,0,0,0,30,0.0301195,0.053349,1.244977,3.281283,0.500599,0.917394,1.7907730000000002,4.930096
7,0,32,100,0,1,1,30,0.0728525,0.139776,9.1578555,13.357353,0.5137385,0.958635,9.755097,14.567579
8,0,8,100,0,1,1,30,0.050835000000000005,0.106157,5.0003215,6.097309,0.49688299999999996,1.119542,5.482984500000001,6.901256
9,0,16,100,0,1,1,30,0.053609500000000004,0.102251,6.2122779999999995,13.552832,0.4982205,0.951945,6.712642000000001,14.124696
10,0,32,50,0,1,1,30,0.049993499999999996,0.106066,4.909545,10.442596,0.489172,1.122977,5.4142410000000005,11.904278
11,0,32,100,1,1,1,30,0.083984,0.16218,11.6819855,21.532723,0.48631749999999996,1.473805,12.2785215,21.752648
12,0,32,100,2,1,1,30,0.09306249999999999,0.189149,16.571301499999997,32.282013,0.5278545,1.196416,17.2627765,33.055705
13,0,32,100,0,1,0,30,0.024857,0.038738,0.605298,0.736367,0.4666685,0.581178,1.1427269999999998,1.255814
14,1,32,100,0,0,1,30,0.05742,0.103503,11.1661045,12.33849,0.4887415,0.725771,11.7631155,12.689418
15,1,8,100,0,0,1,30,0.044085,0.05391,5.5308545,5.949069,0.478386,0.599745,6.042949,6.562646
16,1,16,100,0,0,1,30,0.0546705,0.105265,7.241998000000001,8.325287,0.49141,0.590261,7.7434080000000005,8.871233
17,1,32,50,0,0,1,30,0.0516015,0.07475,5.589459,6.859944,0.485827,0.61665,6.131569,7.397377
18,1,32,100,1,0,1,30,0.075447,0.119236,13.717279000000001,16.918144,0.4936935,0.587287,14.0667555,17.564398
19,1,32,100,2,0,1,30,0.0749455,0.129772,17.3791735,26.571465,0.45428999999999997,0.618323,17.9182295,27.226553
20,1,32,100,0,0,0,30,0.030600000000000002,0.058987,1.2579215,1.6464,0.516642,1.101806,1.8278530000000002,2.642069
21,1,32,100,0,1,1,30,0.056203,0.172815,9.909355,16.407846,0.492807,0.71796,10.438185,17.159345
22,1,8,100,0,1,1,30,0.0580705,0.114108,5.4646205000000005,6.614903,0.502837,0.640705,6.0336545,7.507491
23,1,16,100,0,1,1,30,0.05424,0.089762,6.887625,7.617683,0.489127,0.731059,7.511321,8.132392
24,1,32,50,0,1,1,30,0.048486,0.079497,5.0271695,7.637412,0.479247,0.587747,5.532851,8.27367
25,1,32,100,1,1,1,30,0.08186,0.156351,13.537346,39.473027,0.5146245,1.946122,13.880241999999999,41.572916
26,1,32,100,2,1,1,30,0.091555,0.171523,18.4568145,44.369303,0.5281845000000001,4.717673,18.767027,48.642394
27,1,32,100,0,1,0,30,0.0264395,0.05405,0.633079,1.950333,0.535931,1.442059,1.222359,3.082584
