order,condition,camera,samples,ao_resolution,blur,debug,enabled,repeat,sample,cpu_encode_ms,cpu_submit_ms,native_queue_wait_ms,native_queue_completion_wall_ms
0,0,0,32,100,0,0,1,0,0,0.106237000,16.088759000,0.098526000,16.293522000
0,0,0,32,100,0,0,1,0,1,0.176381000,25.222765000,0.631452000,26.030598000
0,0,0,32,100,0,0,1,0,2,0.144724000,17.904585000,0.567217000,18.616526000
0,0,0,32,100,0,0,1,0,3,0.111935000,11.240345000,0.579395000,11.931675000
0,0,0,32,100,0,0,1,0,4,0.109612000,11.746130000,0.613115000,12.468857000
0,0,0,32,100,0,0,1,0,5,0.105786000,34.398453000,0.734193000,35.238432000
0,0,0,32,100,0,0,1,0,6,0.120478000,37.922952000,4.589183000,42.632613000
0,0,0,32,100,0,0,1,0,7,0.108670000,34.088100000,0.909482000,35.106252000
0,0,0,32,100,0,0,1,0,8,0.110873000,19.108723000,3.194734000,22.414330000
0,0,0,32,100,0,0,1,0,9,0.108160000,10.113851000,2.634118000,12.856129000
1,1,0,8,100,0,0,1,0,0,0.089352000,11.198958000,2.059159000,13.347469000
1,1,0,8,100,0,0,1,0,1,0.094600000,9.472850000,0.585685000,10.153135000
1,1,0,8,100,0,0,1,0,2,0.100779000,5.412768000,0.467260000,5.980807000
1,1,0,8,100,0,0,1,0,3,0.049583000,5.237770000,0.522441000,5.809794000
1,1,0,8,100,0,0,1,0,4,0.044165000,11.354107000,0.653485000,12.051757000
1,1,0,8,100,0,0,1,0,5,0.754253000,5.334092000,0.500609000,6.588954000
1,1,0,8,100,0,0,1,0,6,0.066779000,5.499616000,0.519267000,6.085662000
1,1,0,8,100,0,0,1,0,7,0.046198000,7.461978000,0.563612000,8.071788000
1,1,0,8,100,0,0,1,0,8,0.103102000,7.986587000,0.659313000,8.749002000
1,1,0,8,100,0,0,1,0,9,0.069172000,5.024515000,0.461892000,5.555579000
2,2,0,16,100,0,0,1,0,0,0.067299000,11.852868000,0.551635000,12.471802000
2,2,0,16,100,0,0,1,0,1,0.066118000,8.507355000,0.564974000,9.138447000
2,2,0,16,100,0,0,1,0,2,0.087279000,12.186675000,0.639544000,12.913498000
2,2,0,16,100,0,0,1,0,3,0.076743000,7.562752000,0.675963000,8.315458000
2,2,0,16,100,0,0,1,0,4,0.069752000,11.448561000,0.745180000,12.263493000
2,2,0,16,100,0,0,1,0,5,0.123632000,7.904186000,0.498946000,8.526764000
2,2,0,16,100,0,0,1,0,6,0.075201000,7.087995000,0.649098000,7.812294000
2,2,0,16,100,0,0,1,0,7,0.067901000,9.286285000,0.668387000,10.022573000
2,2,0,16,100,0,0,1,0,8,0.081180000,7.324440000,0.535761000,7.941381000
2,2,0,16,100,0,0,1,0,9,0.065287000,7.212043000,0.564353000,7.841683000
3,3,0,32,50,0,0,1,0,0,0.104684000,5.224201000,0.540618000,5.869503000
3,3,0,32,50,0,0,1,0,1,0.052968000,4.993590000,0.617511000,5.664069000
3,3,0,32,50,0,0,1,0,2,0.053068000,4.895245000,0.646874000,5.595187000
3,3,0,32,50,0,0,1,0,3,0.046799000,5.699692000,0.557102000,6.303593000
3,3,0,32,50,0,0,1,0,4,0.056654000,4.948879000,1.060255000,6.065788000
3,3,0,32,50,0,0,1,0,5,0.057485000,4.998592000,0.628047000,5.684124000
3,3,0,32,50,0,0,1,0,6,0.053709000,5.805728000,0.537914000,6.397351000
3,3,0,32,50,0,0,1,0,7,0.047450000,4.884188000,0.595594000,5.527232000
3,3,0,32,50,0,0,1,0,8,0.054541000,10.862977000,0.578734000,11.496252000
3,3,0,32,50,0,0,1,0,9,0.096553000,5.339831000,0.551654000,5.988038000
4,4,0,32,100,1,0,1,0,0,0.137964000,14.267177000,0.476203000,14.881344000
4,4,0,32,100,1,0,1,0,1,0.099817000,12.822513000,0.505346000,13.427676000
4,4,0,32,100,1,0,1,0,2,0.112436000,18.751039000,1.725777000,20.589252000
4,4,0,32,100,1,0,1,0,3,0.146325000,14.247308000,0.439749000,14.833382000
4,4,0,32,100,1,0,1,0,4,0.093167000,12.470375000,0.495601000,13.059143000
4,4,0,32,100,1,0,1,0,5,0.110113000,20.170203000,0.508671000,20.788987000
4,4,0,32,100,1,0,1,0,6,0.114038000,12.082932000,0.485337000,12.682307000
4,4,0,32,100,1,0,1,0,7,0.110022000,11.955165000,0.773621000,12.838808000
4,4,0,32,100,1,0,1,0,8,0.076914000,11.950677000,0.531995000,12.559586000
4,4,0,32,100,1,0,1,0,9,0.101610000,11.386114000,0.651011000,12.138735000
5,5,0,32,100,2,0,1,0,0,0.092396000,16.400114000,0.040971000,16.533481000
5,5,0,32,100,2,0,1,0,1,0.116843000,16.454805000,0.486919000,17.058567000
5,5,0,32,100,2,0,1,0,2,0.115320000,15.078584000,0.526177000,15.720081000
5,5,0,32,100,2,0,1,0,3,0.101810000,15.296645000,0.543653000,15.942108000
5,5,0,32,100,2,0,1,0,4,0.079868000,14.849787000,0.002534000,14.932189000
5,5,0,32,100,2,0,1,0,5,0.081049000,14.084337000,0.498585000,14.663971000
5,5,0,32,100,2,0,1,0,6,0.081450000,13.250766000,0.469824000,13.802040000
5,5,0,32,100,2,0,1,0,7,0.100909000,14.447733000,0.549310000,15.097952000
5,5,0,32,100,2,0,1,0,8,0.102341000,16.106040000,0.004367000,16.212748000
5,5,0,32,100,2,0,1,0,9,0.115540000,15.682195000,0.498485000,16.296220000
6,6,0,32,100,0,0,0,0,0,0.024816000,1.183277000,0.427931000,1.636024000
6,6,0,32,100,0,0,0,0,1,0.027200000,1.155596000,0.755314000,1.938110000
6,6,0,32,100,0,0,0,0,2,0.028031000,1.428058000,0.467770000,1.923859000
6,6,0,32,100,0,0,0,0,3,0.026189000,1.215213000,0.500709000,1.742111000
6,6,0,32,100,0,0,0,0,4,0.026128000,1.187333000,0.484094000,1.697555000
6,6,0,32,100,0,0,0,0,5,0.026058000,1.280730000,0.504886000,1.811674000
6,6,0,32,100,0,0,0,0,6,0.024546000,1.304866000,0.469022000,1.798434000
6,6,0,32,100,0,0,0,0,7,0.026629000,1.167393000,0.526407000,1.720429000
6,6,0,32,100,0,0,0,0,8,0.027100000,1.229104000,0.525696000,1.781900000
6,6,0,32,100,0,0,0,0,9,0.025728000,1.223465000,0.472668000,1.721861000
7,7,0,32,100,0,1,1,0,0,0.139776000,9.118477000,0.489613000,9.747866000
7,7,0,32,100,0,1,1,0,1,0.081451000,10.509355000,0.655317000,11.246123000
7,7,0,32,100,0,1,1,0,2,0.081060000,8.078873000,0.488972000,8.648905000
7,7,0,32,100,0,1,1,0,3,0.258141000,8.719388000,0.490244000,9.467773000
7,7,0,32,100,0,1,1,0,4,0.054610000,8.644088000,0.487109000,9.185807000
7,7,0,32,100,0,1,1,0,5,0.056143000,8.940715000,0.601027000,9.597885000
7,7,0,32,100,0,1,1,0,6,0.058236000,9.279625000,0.575339000,9.913200000
7,7,0,32,100,0,1,1,0,7,0.072587000,9.108462000,0.650630000,9.831679000
7,7,0,32,100,0,1,1,0,8,0.061070000,9.197234000,0.504024000,9.762328000
7,7,0,32,100,0,1,1,0,9,0.055792000,9.644453000,0.512427000,10.212672000
8,8,0,8,100,0,1,1,0,0,0.050494000,5.868667000,0.477996000,6.397157000
8,8,0,8,100,0,1,1,0,1,0.052467000,4.921183000,0.476864000,5.450514000
8,8,0,8,100,0,1,1,0,2,0.053519000,4.455546000,0.489352000,4.998417000
8,8,0,8,100,0,1,1,0,3,0.050374000,4.418561000,0.424817000,4.893752000
8,8,0,8,100,0,1,1,0,4,0.048372000,4.582363000,0.556171000,5.186906000
8,8,0,8,100,0,1,1,0,5,0.040680000,5.148849000,0.507589000,5.697118000
8,8,0,8,100,0,1,1,0,6,0.050164000,4.474193000,0.551554000,5.075911000
8,8,0,8,100,0,1,1,0,7,0.051045000,5.017269000,0.426210000,5.494524000
8,8,0,8,100,0,1,1,0,8,0.055122000,4.314317000,0.442183000,4.811622000
8,8,0,8,100,0,1,1,0,9,0.049533000,4.576053000,0.608298000,5.233884000
9,9,0,16,100,0,1,1,0,0,0.055441000,6.200521000,0.520508000,6.776470000
9,9,0,16,100,0,1,1,0,1,0.066899000,5.828883000,0.425357000,6.321139000
9,9,0,16,100,0,1,1,0,2,0.053439000,6.407857000,0.491896000,6.953192000
9,9,0,16,100,0,1,1,0,3,0.073258000,6.196786000,0.449984000,6.720028000
9,9,0,16,100,0,1,1,0,4,0.060460000,6.224035000,0.403216000,6.687711000
9,9,0,16,100,0,1,1,0,5,0.051456000,5.700624000,0.951945000,6.704025000
9,9,0,16,100,0,1,1,0,6,0.052958000,6.258306000,0.500719000,6.811983000
9,9,0,16,100,0,1,1,0,7,0.051786000,6.096809000,0.531484000,6.680079000
9,9,0,16,100,0,1,1,0,8,0.044346000,6.524959000,0.515811000,7.085116000
9,9,0,16,100,0,1,1,0,9,0.054891000,6.335290000,0.557252000,6.947433000
10,10,0,32,50,0,1,1,0,0,0.071996000,4.894953000,0.588108000,5.555057000
10,10,0,32,50,0,1,1,0,1,0.043684000,5.428077000,0.473368000,5.945129000
10,10,0,32,50,0,1,1,0,2,0.051265000,4.372854000,0.460229000,4.884348000
10,10,0,32,50,0,1,1,0,3,0.048351000,4.375026000,0.487540000,4.910917000
10,10,0,32,50,0,1,1,0,4,0.047891000,4.264744000,0.605103000,4.917738000
10,10,0,32,50,0,1,1,0,5,0.045066000,4.632527000,0.440700000,5.118293000
10,10,0,32,50,0,1,1,0,6,0.047460000,5.705681000,0.498676000,6.251817000
10,10,0,32,50,0,1,1,0,7,0.057745000,4.409047000,0.428192000,4.894984000
10,10,0,32,50,0,1,1,0,8,0.049954000,4.085880000,0.490804000,4.626638000
10,10,0,32,50,0,1,1,0,9,0.047090000,4.855646000,0.404267000,5.307003000
11,11,0,32,100,1,1,1,0,0,0.084645000,11.582985000,0.469613000,12.137243000
11,11,0,32,100,1,1,1,0,1,0.065838000,11.585037000,0.475092000,12.125967000
11,11,0,32,100,1,1,1,0,2,0.083323000,19.002945000,0.503463000,19.589731000
11,11,0,32,100,1,1,1,0,3,0.094469000,11.872192000,0.497324000,12.463985000
11,11,0,32,100,1,1,1,0,4,0.110854000,20.248333000,0.536522000,20.895709000
11,11,0,32,100,1,1,1,0,5,0.125565000,11.434546000,0.475311000,12.035422000
11,11,0,32,100,1,1,1,0,6,0.076684000,10.801081000,0.455842000,11.333607000
11,11,0,32,100,1,1,1,0,7,0.063353000,11.560902000,1.098542000,12.722797000
11,11,0,32,100,1,1,1,0,8,0.060720000,11.773686000,0.524765000,12.359171000
11,11,0,32,100,1,1,1,0,9,0.054811000,11.393470000,0.581077000,12.029358000
12,12,0,32,100,2,1,1,0,0,0.059408000,14.525357000,0.459819000,15.044584000
12,12,0,32,100,2,1,1,0,1,0.088331000,14.157168000,0.409434000,14.654933000
12,12,0,32,100,2,1,1,0,2,0.069893000,13.102437000,0.480269000,13.652599000
12,12,0,32,100,2,1,1,0,3,0.071556000,13.427917000,0.555961000,14.055434000
12,12,0,32,100,2,1,1,0,4,0.088430000,13.074045000,0.477295000,13.639770000
12,12,0,32,100,2,1,1,0,5,0.091175000,14.132928000,0.460980000,14.685083000
12,12,0,32,100,2,1,1,0,6,0.077184000,13.610847000,0.475071000,14.163102000
12,12,0,32,100,2,1,1,0,7,0.090534000,12.704069000,0.848272000,13.642875000
12,12,0,32,100,2,1,1,0,8,0.193976000,12.581618000,0.423946000,13.199540000
12,12,0,32,100,2,1,1,0,9,0.092497000,12.753071000,0.400451000,13.246019000
13,13,0,32,100,0,1,0,0,0,0.022724000,0.756006000,0.438497000,1.217227000
13,13,0,32,100,0,1,0,0,1,0.025697000,0.553628000,0.442443000,1.021768000
13,13,0,32,100,0,1,0,0,2,0.026609000,0.731650000,0.411117000,1.169376000
13,13,0,32,100,0,1,0,0,3,0.025257000,0.530653000,0.440771000,0.996681000
13,13,0,32,100,0,1,0,0,4,0.022974000,0.496963000,0.442643000,0.962580000
13,13,0,32,100,0,1,0,0,5,0.023795000,0.565094000,0.443004000,1.031893000
13,13,0,32,100,0,1,0,0,6,0.024246000,0.553907000,0.489653000,1.067806000
13,13,0,32,100,0,1,0,0,7,0.023445000,0.570532000,0.409104000,1.003081000
13,13,0,32,100,0,1,0,0,8,0.023655000,0.565074000,0.416505000,1.005234000
13,13,0,32,100,0,1,0,0,9,0.022303000,0.523062000,0.433399000,0.978764000
14,14,1,32,100,0,0,1,0,0,0.067610000,9.721687000,0.409194000,10.198491000
14,14,1,32,100,0,0,1,0,1,0.060610000,9.719764000,0.447571000,10.227945000
14,14,1,32,100,0,0,1,0,2,0.059028000,9.754866000,0.457866000,10.271760000
14,14,1,32,100,0,0,1,0,3,0.057785000,9.785191000,0.477986000,10.320962000
14,14,1,32,100,0,0,1,0,4,0.057585000,9.684793000,0.507499000,10.249877000
14,14,1,32,100,0,0,1,0,5,0.058116000,11.539079000,0.452088000,12.049283000
14,14,1,32,100,0,0,1,0,6,0.071115000,9.331983000,0.594377000,9.997475000
14,14,1,32,100,0,0,1,0,7,0.078286000,9.763354000,0.401463000,10.243103000
14,14,1,32,100,0,0,1,0,8,0.056854000,8.886906000,0.431807000,9.375567000
14,14,1,32,100,0,0,1,0,9,0.050735000,9.845461000,0.600776000,10.496972000
15,15,1,8,100,0,0,1,0,0,0.051436000,5.617360000,0.488351000,6.157147000
15,15,1,8,100,0,0,1,0,1,0.040370000,5.378137000,0.497304000,5.915811000
15,15,1,8,100,0,0,1,0,2,0.041482000,5.528028000,0.476153000,6.045663000
15,15,1,8,100,0,0,1,0,3,0.052828000,5.555058000,0.477274000,6.085160000
15,15,1,8,100,0,0,1,0,4,0.041922000,5.830255000,0.483643000,6.355820000
15,15,1,8,100,0,0,1,0,5,0.044766000,5.493227000,0.490374000,6.028367000
15,15,1,8,100,0,0,1,0,6,0.045317000,5.557863000,0.479498000,6.082678000
15,15,1,8,100,0,0,1,0,7,0.044265000,5.363595000,0.474200000,5.882060000
15,15,1,8,100,0,0,1,0,8,0.043053000,5.284930000,0.503243000,5.831226000
15,15,1,8,100,0,0,1,0,9,0.041291000,5.243578000,0.462353000,5.747222000
16,16,1,16,100,0,0,1,0,0,0.052317000,6.267831000,0.519567000,6.839715000
16,16,1,16,100,0,0,1,0,1,0.052167000,6.985289000,0.562570000,7.600026000
16,16,1,16,100,0,0,1,0,2,0.054961000,7.249950000,0.424887000,7.729798000
16,16,1,16,100,0,0,1,0,3,0.055923000,6.952550000,0.515161000,7.523634000
16,16,1,16,100,0,0,1,0,4,0.054480000,6.703884000,0.504214000,7.262578000
16,16,1,16,100,0,0,1,0,5,0.050744000,6.846795000,0.442092000,7.339631000
16,16,1,16,100,0,0,1,0,6,0.053589000,7.019484000,0.435042000,7.508115000
16,16,1,16,100,0,0,1,0,7,0.054861000,6.440385000,0.461631000,6.956877000
16,16,1,16,100,0,0,1,0,8,0.047430000,6.932441000,0.425728000,7.405599000
16,16,1,16,100,0,0,1,0,9,0.048031000,6.740147000,0.510263000,7.298441000
17,17,1,32,50,0,0,1,0,0,0.070093000,5.322085000,0.457265000,5.849443000
17,17,1,32,50,0,0,1,0,1,0.049453000,5.553886000,0.447651000,6.050990000
17,17,1,32,50,0,0,1,0,2,0.050104000,5.281425000,0.609740000,5.941269000
17,17,1,32,50,0,0,1,0,3,0.050525000,5.493818000,0.475872000,6.020215000
17,17,1,32,50,0,0,1,0,4,0.050023000,5.374833000,0.574678000,5.999534000
17,17,1,32,50,0,0,1,0,5,0.052498000,9.690361000,0.481942000,10.224801000
17,17,1,32,50,0,0,1,0,6,0.068681000,4.760056000,0.410836000,5.239573000
17,17,1,32,50,0,0,1,0,7,0.043965000,4.860313000,0.543973000,5.448251000
17,17,1,32,50,0,0,1,0,8,0.041902000,5.028010000,0.416775000,5.486687000
17,17,1,32,50,0,0,1,0,9,0.040740000,4.987221000,0.393951000,5.421912000
18,18,1,32,100,1,0,1,0,0,0.082581000,11.958890000,0.523062000,12.564533000
18,18,1,32,100,1,0,1,0,1,0.073970000,11.917718000,0.435483000,12.427171000
18,18,1,32,100,1,0,1,0,2,0.066989000,11.107673000,0.425128000,11.599790000
18,18,1,32,100,1,0,1,0,3,0.056343000,11.669352000,0.474801000,12.200496000
18,18,1,32,100,1,0,1,0,4,0.057846000,12.224331000,0.587287000,12.869464000
18,18,1,32,100,1,0,1,0,5,0.065536000,13.124029000,0.510995000,13.700560000
18,18,1,32,100,1,0,1,0,6,0.082412000,13.238508000,0.501670000,13.822590000
18,18,1,32,100,1,0,1,0,7,0.070725000,12.722075000,0.518265000,13.311065000
18,18,1,32,100,1,0,1,0,8,0.062793000,12.745370000,0.422664000,13.230827000
18,18,1,32,100,1,0,1,0,9,0.062903000,12.153417000,0.493688000,12.710008000
19,19,1,32,100,2,0,1,0,0,0.079998000,14.428775000,0.437595000,14.946368000
19,19,1,32,100,2,0,1,0,1,0.062822000,14.989703000,0.455011000,15.507536000
19,19,1,32,100,2,0,1,0,2,0.068100000,15.381370000,0.412319000,15.861789000
19,19,1,32,100,2,0,1,0,3,0.086027000,15.456401000,0.465247000,16.007675000
19,19,1,32,100,2,0,1,0,4,0.103493000,15.919515000,0.453569000,16.476577000
19,19,1,32,100,2,0,1,0,5,0.085076000,15.745448000,0.456173000,16.286697000
19,19,1,32,100,2,0,1,0,6,0.083393000,15.950601000,0.490834000,16.524828000
19,19,1,32,100,2,0,1,0,7,0.073689000,15.245374000,0.449374000,15.768437000
19,19,1,32,100,2,0,1,0,8,0.129441000,15.723225000,0.446159000,16.298825000
19,19,1,32,100,2,0,1,0,9,0.066618000,15.418235000,0.475752000,15.960605000
20,20,1,32,100,0,0,0,0,0,0.030445000,1.196937000,0.504664000,1.732046000
20,20,1,32,100,0,0,0,0,1,0.029524000,1.646400000,0.556191000,2.232115000
20,20,1,32,100,0,0,0,0,2,0.027050000,1.383041000,0.706743000,2.116834000
20,20,1,32,100,0,0,0,0,3,0.035863000,1.145149000,0.410937000,1.591949000
20,20,1,32,100,0,0,0,0,4,0.022874000,1.374999000,0.431377000,1.829250000
20,20,1,32,100,0,0,0,0,5,0.035212000,1.179941000,0.391498000,1.606651000
20,20,1,32,100,0,0,0,0,6,0.022153000,1.378214000,0.451266000,1.851633000
20,20,1,32,100,0,0,0,0,7,0.026048000,1.307210000,0.395644000,1.728902000
20,20,1,32,100,0,0,0,0,8,0.026179000,1.130579000,0.410415000,1.567173000
20,20,1,32,100,0,0,0,0,9,0.032528000,1.180292000,0.400832000,1.613652000
21,21,1,32,100,0,1,1,0,0,0.045307000,9.351371000,0.471045000,9.867723000
21,21,1,32,100,0,1,1,0,1,0.047089000,10.186514000,0.804843000,11.038446000
21,21,1,32,100,0,1,1,0,2,0.046669000,9.671614000,0.447280000,10.165563000
21,21,1,32,100,0,1,1,0,3,0.047310000,9.183803000,0.421522000,9.652635000
21,21,1,32,100,0,1,1,0,4,0.058216000,8.595515000,0.439439000,9.093170000
21,21,1,32,100,0,1,1,0,5,0.042873000,9.131257000,0.069432000,9.243562000
21,21,1,32,100,0,1,1,0,6,0.052117000,8.850251000,0.490263000,9.392631000
21,21,1,32,100,0,1,1,0,7,0.042102000,9.773434000,0.507809000,10.323345000
21,21,1,32,100,0,1,1,0,8,0.048401000,9.676812000,0.502261000,10.227474000
21,21,1,32,100,0,1,1,0,9,0.055612000,9.693336000,0.569811000,10.318759000
22,22,1,8,100,0,1,1,0,0,0.040790000,4.758163000,0.582880000,5.381833000
22,22,1,8,100,0,1,1,0,1,0.050525000,5.348363000,0.640705000,6.039593000
22,22,1,8,100,0,1,1,0,2,0.114108000,5.460109000,0.492216000,6.066433000
22,22,1,8,100,0,1,1,0,3,0.107809000,5.428722000,0.455832000,5.992363000
22,22,1,8,100,0,1,1,0,4,0.060048000,5.602479000,0.478446000,6.140973000
22,22,1,8,100,0,1,1,0,5,0.059027000,5.518514000,0.431627000,6.009168000
22,22,1,8,100,0,1,1,0,6,0.068401000,6.143297000,0.500589000,6.712287000
22,22,1,8,100,0,1,1,0,7,0.058005000,5.469132000,0.565274000,6.092411000
22,22,1,8,100,0,1,1,0,8,0.066598000,5.710778000,0.427491000,6.204867000
22,22,1,8,100,0,1,1,0,9,0.091635000,6.372746000,0.457786000,6.922167000
23,23,1,16,100,0,1,1,0,0,0.045487000,6.661782000,0.531975000,7.239244000
23,23,1,16,100,0,1,1,0,1,0.050434000,6.721650000,0.521299000,7.293383000
23,23,1,16,100,0,1,1,0,2,0.060430000,6.791984000,0.501670000,7.354084000
23,23,1,16,100,0,1,1,0,3,0.053499000,6.876288000,0.526617000,7.456404000
23,23,1,16,100,0,1,1,0,4,0.093829000,6.830561000,0.427951000,7.352341000
23,23,1,16,100,0,1,1,0,5,0.057054000,7.041682000,0.477755000,7.576491000
23,23,1,16,100,0,1,1,0,6,0.089762000,6.746607000,0.463164000,7.299533000
23,23,1,16,100,0,1,1,0,7,0.072457000,7.498947000,0.068771000,7.640175000
23,23,1,16,100,0,1,1,0,8,0.083824000,6.898962000,0.853570000,7.836356000
23,23,1,16,100,0,1,1,0,9,0.063373000,7.390938000,0.083263000,7.537574000
24,24,1,32,50,0,1,1,0,0,0.079497000,4.822127000,0.478917000,5.380541000
24,24,1,32,50,0,1,1,0,1,0.052017000,4.699916000,0.442513000,5.194446000
24,24,1,32,50,0,1,1,0,2,0.049673000,5.332340000,0.469943000,5.851956000
24,24,1,32,50,0,1,1,0,3,0.055662000,4.944774000,0.443514000,5.443950000
24,24,1,32,50,0,1,1,0,4,0.070314000,4.725053000,0.476793000,5.272160000
24,24,1,32,50,0,1,1,0,5,0.047430000,5.168728000,0.510994000,5.727152000
24,24,1,32,50,0,1,1,0,6,0.047360000,4.940832000,0.479577000,5.467769000
24,24,1,32,50,0,1,1,0,7,0.048461000,5.901450000,0.481771000,6.431682000
24,24,1,32,50,0,1,1,0,8,0.049293000,4.773205000,0.529672000,5.352170000
24,24,1,32,50,0,1,1,0,9,0.048371000,4.826463000,0.484595000,5.359429000
25,25,1,32,100,1,1,1,0,0,0.074099000,12.402795000,0.486818000,12.963712000
25,25,1,32,100,1,1,1,0,1,0.056974000,13.442233000,0.046198000,13.545405000
25,25,1,32,100,1,1,1,0,2,0.125796000,13.775345000,0.542811000,14.443952000
25,25,1,32,100,1,1,1,0,3,0.101700000,14.220137000,0.516652000,14.838489000
25,25,1,32,100,1,1,1,0,4,0.071525000,15.054799000,0.508040000,15.634364000
25,25,1,32,100,1,1,1,0,5,0.095731000,14.269299000,0.564874000,14.929904000
25,25,1,32,100,1,1,1,0,6,0.102661000,13.632459000,0.003005000,13.738125000
25,25,1,32,100,1,1,1,0,7,0.078266000,12.701114000,0.512597000,13.291977000
25,25,1,32,100,1,1,1,0,8,0.065767000,12.501510000,0.479297000,13.046574000
25,25,1,32,100,1,1,1,0,9,0.071195000,12.170982000,0.529442000,12.771619000
26,26,1,32,100,2,1,1,0,0,0.090934000,16.733686000,0.445568000,17.270188000
26,26,1,32,100,2,1,1,0,1,0.079317000,16.504689000,0.061621000,16.645627000
26,26,1,32,100,2,1,1,0,2,0.072397000,23.963581000,0.065547000,24.101525000
26,26,1,32,100,2,1,1,0,3,0.098525000,17.477119000,0.561008000,18.136652000
26,26,1,32,100,2,1,1,0,4,0.092656000,17.179284000,0.479097000,17.751037000
26,26,1,32,100,2,1,1,0,5,0.060940000,16.752605000,0.655898000,17.469443000
26,26,1,32,100,2,1,1,0,6,0.066468000,16.347507000,0.582169000,16.996144000
26,26,1,32,100,2,1,1,0,7,0.064915000,16.651274000,0.800692000,17.516881000
26,26,1,32,100,2,1,1,0,8,0.076653000,16.984116000,0.487880000,17.548649000
26,26,1,32,100,2,1,1,0,9,0.068200000,18.120934000,0.477455000,18.666589000
27,27,1,32,100,0,1,0,0,0,0.022863000,0.632203000,0.450285000,1.105351000
27,27,1,32,100,0,1,0,0,1,0.024937000,0.586115000,0.537263000,1.148315000
27,27,1,32,100,0,1,0,0,2,0.023745000,0.514279000,0.498986000,1.037010000
27,27,1,32,100,0,1,0,0,3,0.024336000,0.582770000,0.441411000,1.048517000
27,27,1,32,100,0,1,0,0,4,0.023815000,0.512907000,0.491626000,1.028348000
27,27,1,32,100,0,1,0,0,5,0.025457000,0.566667000,0.591443000,1.183567000
27,27,1,32,100,0,1,0,0,6,0.023264000,0.544153000,0.484626000,1.052043000
27,27,1,32,100,0,1,0,0,7,0.036004000,0.585474000,0.523332000,1.144810000
27,27,1,32,100,0,1,0,0,8,0.026610000,0.640725000,0.443315000,1.110650000
27,27,1,32,100,0,1,0,0,9,0.038107000,0.633955000,0.501250000,1.173312000
0,27,1,32,100,0,1,0,1,0,0.025537000,0.988038000,0.243470000,1.257045000
0,27,1,32,100,0,1,0,1,1,0.033079000,1.111361000,0.839679000,1.984119000
0,27,1,32,100,0,1,0,1,2,0.027941000,0.872157000,1.442059000,2.342157000
0,27,1,32,100,0,1,0,1,3,0.030385000,1.711991000,0.644121000,2.386497000
0,27,1,32,100,0,1,0,1,4,0.054050000,0.584383000,0.739361000,1.377794000
0,27,1,32,100,0,1,0,1,5,0.025197000,0.764308000,0.510704000,1.300209000
0,27,1,32,100,0,1,0,1,6,0.023975000,0.506608000,0.534599000,1.065182000
0,27,1,32,100,0,1,0,1,7,0.020420000,0.548149000,0.619104000,1.187673000
0,27,1,32,100,0,1,0,1,8,0.022834000,0.585294000,0.529922000,1.138050000
0,27,1,32,100,0,1,0,1,9,0.023715000,0.502071000,0.485626000,1.011412000
1,26,1,32,100,2,1,1,1,0,0.088100000,15.866346000,0.494750000,16.449196000
1,26,1,32,100,2,1,1,1,1,0.092176000,19.287755000,0.540708000,19.920639000
1,26,1,32,100,2,1,1,1,2,0.083654000,17.199729000,0.448041000,17.731424000
1,26,1,32,100,2,1,1,1,3,0.072076000,17.307143000,0.522831000,17.902050000
1,26,1,32,100,2,1,1,1,4,0.114099000,20.215545000,0.467810000,20.797454000
1,26,1,32,100,2,1,1,1,5,0.099557000,21.303330000,0.487399000,21.890286000
1,26,1,32,100,2,1,1,1,6,0.071626000,18.083429000,0.498095000,18.653150000
1,26,1,32,100,2,1,1,1,7,0.073729000,17.699732000,0.058877000,17.832338000
1,26,1,32,100,2,1,1,1,8,0.076002000,16.771703000,0.587346000,17.435051000
1,26,1,32,100,2,1,1,1,9,0.072317000,18.792695000,0.002453000,18.867465000
2,25,1,32,100,1,1,1,1,0,0.065626000,13.264286000,0.511535000,13.841447000
2,25,1,32,100,1,1,1,1,1,0.059117000,13.312272000,0.547648000,13.919037000
2,25,1,32,100,1,1,1,1,2,0.134479000,12.855152000,0.445928000,13.435559000
2,25,1,32,100,1,1,1,1,3,0.077124000,12.461741000,0.478557000,13.017422000
2,25,1,32,100,1,1,1,1,4,0.055922000,12.205333000,0.426950000,12.688205000
2,25,1,32,100,1,1,1,1,5,0.051876000,12.476614000,0.450084000,12.978574000
2,25,1,32,100,1,1,1,1,6,0.053009000,13.365480000,0.028832000,13.447321000
2,25,1,32,100,1,1,1,1,7,0.120098000,12.609018000,0.492768000,13.221884000
2,25,1,32,100,1,1,1,1,8,0.079747000,12.643100000,0.573626000,13.296473000
2,25,1,32,100,1,1,1,1,9,0.059327000,12.623561000,0.520958000,13.203846000
3,24,1,32,50,0,1,1,1,0,0.051946000,4.306415000,0.441071000,4.799432000
3,24,1,32,50,0,1,1,1,1,0.040730000,4.889997000,0.407852000,5.338579000
3,24,1,32,50,0,1,1,1,2,0.039328000,4.675781000,0.507860000,5.222969000
3,24,1,32,50,0,1,1,1,3,0.039929000,4.648750000,0.408132000,5.096811000
3,24,1,32,50,0,1,1,1,4,0.039809000,5.276357000,2.426552000,7.742718000
3,24,1,32,50,0,1,1,1,5,0.039838000,11.509086000,0.475832000,12.024756000
3,24,1,32,50,0,1,1,1,6,0.048511000,7.637412000,0.587747000,8.273670000
3,24,1,32,50,0,1,1,1,7,0.113388000,5.567847000,0.476093000,6.157328000
3,24,1,32,50,0,1,1,1,8,0.079107000,5.120787000,0.529131000,5.729025000
3,24,1,32,50,0,1,1,1,9,0.050614000,5.415573000,0.430636000,5.896823000
4,23,1,16,100,0,1,1,1,0,0.071035000,6.599260000,0.417325000,7.087620000
4,23,1,16,100,0,1,1,1,1,0.050825000,7.569637000,0.428222000,8.048684000
4,23,1,16,100,0,1,1,1,2,0.056373000,6.501996000,0.528250000,7.086619000
4,23,1,16,100,0,1,1,1,3,0.050805000,6.749000000,0.731059000,7.530864000
4,23,1,16,100,0,1,1,1,4,0.059258000,6.485100000,0.458707000,7.003065000
4,23,1,16,100,0,1,1,1,5,0.077294000,6.401758000,0.411978000,6.891030000
4,23,1,16,100,0,1,1,1,6,0.051145000,6.377943000,0.457475000,6.886563000
4,23,1,16,100,0,1,1,1,7,0.054080000,7.377358000,0.442963000,7.874401000
4,23,1,16,100,0,1,1,1,8,0.054400000,6.488055000,0.434932000,6.977387000
4,23,1,16,100,0,1,1,1,9,0.050905000,7.387022000,0.438517000,7.876444000
5,22,1,8,100,0,1,1,1,0,0.060349000,5.009964000,0.535070000,5.605383000
5,22,1,8,100,0,1,1,1,1,0.046800000,5.510051000,0.542040000,6.098891000
5,22,1,8,100,0,1,1,1,2,0.051025000,5.439268000,0.537423000,6.027716000
5,22,1,8,100,0,1,1,1,3,0.046068000,5.310717000,0.576601000,5.933386000
5,22,1,8,100,0,1,1,1,4,0.049383000,5.337047000,0.464235000,5.850665000
5,22,1,8,100,0,1,1,1,5,0.048792000,5.648842000,0.505085000,6.202719000
5,22,1,8,100,0,1,1,1,6,0.121379000,5.190030000,0.567818000,5.879227000
5,22,1,8,100,0,1,1,1,7,0.058136000,5.386079000,0.540438000,5.984653000
5,22,1,8,100,0,1,1,1,8,0.049213000,5.423404000,0.505996000,5.978613000
5,22,1,8,100,0,1,1,1,9,0.066168000,5.586806000,0.517103000,6.170077000
6,21,1,32,100,0,1,1,1,0,0.075382000,10.371507000,0.517463000,10.964352000
6,21,1,32,100,0,1,1,1,1,0.062101000,10.637930000,0.516513000,11.216544000
6,21,1,32,100,0,1,1,1,2,0.056794000,11.511329000,0.453509000,12.021632000
6,21,1,32,100,0,1,1,1,3,0.052417000,9.697222000,0.405508000,10.155147000
6,21,1,32,100,0,1,1,1,4,0.075631000,9.319735000,0.487830000,9.883196000
6,21,1,32,100,0,1,1,1,5,0.050955000,9.380445000,0.423375000,9.854775000
6,21,1,32,100,0,1,1,1,6,0.051055000,9.675139000,0.445337000,10.171531000
6,21,1,32,100,0,1,1,1,7,0.055241000,9.795256000,0.524525000,10.375022000
6,21,1,32,100,0,1,1,1,8,0.064956000,9.872330000,0.393581000,10.330867000
6,21,1,32,100,0,1,1,1,9,0.053829000,9.946380000,0.501139000,10.501348000
7,20,1,32,100,0,0,0,1,0,0.039538000,1.180813000,0.476533000,1.696884000
7,20,1,32,100,0,0,0,1,1,0.029804000,1.387038000,0.505395000,1.922237000
7,20,1,32,100,0,0,0,1,2,0.030235000,1.297906000,0.560517000,1.888658000
7,20,1,32,100,0,0,0,1,3,0.031777000,1.290204000,0.504024000,1.826005000
7,20,1,32,100,0,0,0,1,4,0.031857000,1.302402000,0.541449000,1.875708000
7,20,1,32,100,0,0,0,1,5,0.030675000,1.312107000,0.551674000,1.894456000
7,20,1,32,100,0,0,0,1,6,0.029554000,1.188564000,0.518455000,1.736573000
7,20,1,32,100,0,0,0,1,7,0.029544000,1.217877000,0.509602000,1.757023000
7,20,1,32,100,0,0,0,1,8,0.047420000,1.077300000,0.567067000,1.691787000
7,20,1,32,100,0,0,0,1,9,0.028903000,1.321330000,0.538174000,1.888407000
8,19,1,32,100,2,0,1,1,0,0.073609000,16.889326000,0.119536000,17.082471000
8,19,1,32,100,2,0,1,1,1,0.059458000,16.941783000,0.472357000,17.473598000
8,19,1,32,100,2,0,1,1,2,0.059588000,17.241846000,0.442133000,17.743567000
8,19,1,32,100,2,0,1,1,3,0.063644000,17.516501000,0.512747000,18.092892000
8,19,1,32,100,2,0,1,1,4,0.060730000,16.484989000,0.447711000,16.993430000
8,19,1,32,100,2,0,1,1,5,0.057835000,20.739438000,0.069523000,20.866796000
8,19,1,32,100,2,0,1,1,6,0.060780000,16.408365000,0.547158000,17.016303000
8,19,1,32,100,2,0,1,1,7,0.071476000,26.571465000,2.577954000,29.220895000
8,19,1,32,100,2,0,1,1,8,0.129772000,21.064418000,0.618323000,21.812513000
8,19,1,32,100,2,0,1,1,9,0.131464000,22.749505000,0.035482000,22.916451000
9,18,1,32,100,1,0,1,1,0,0.100739000,14.853951000,0.487750000,15.442440000
9,18,1,32,100,1,0,1,1,1,0.115400000,17.751879000,0.491586000,18.358865000
9,18,1,32,100,1,0,1,1,2,0.092827000,13.841768000,0.494119000,14.428714000
9,18,1,32,100,1,0,1,1,3,0.086247000,13.808068000,0.480580000,14.374895000
9,18,1,32,100,1,0,1,1,4,0.070234000,13.831032000,0.069703000,13.970969000
9,18,1,32,100,1,0,1,1,5,0.119236000,13.592280000,0.032788000,13.744304000
9,18,1,32,100,1,0,1,1,6,0.073108000,13.062848000,0.567137000,13.703093000
9,18,1,32,100,1,0,1,1,7,0.073498000,13.879815000,0.524414000,14.477727000
9,18,1,32,100,1,0,1,1,8,0.066448000,13.439525000,0.002263000,13.508236000
9,18,1,32,100,1,0,1,1,9,0.062232000,12.016219000,0.488852000,12.567303000
10,17,1,32,50,0,0,1,1,0,0.071225000,5.794742000,0.586896000,6.452863000
10,17,1,32,50,0,0,1,1,1,0.055121000,6.305476000,0.630731000,6.991328000
10,17,1,32,50,0,0,1,1,2,0.056173000,5.686082000,0.581038000,6.323293000
10,17,1,32,50,0,0,1,1,3,0.064585000,6.175394000,0.481330000,6.721309000
10,17,1,32,50,0,0,1,1,4,0.074750000,6.333147000,0.574558000,6.982455000
10,17,1,32,50,0,0,1,1,5,0.080449000,6.045932000,0.494079000,6.620460000
10,17,1,32,50,0,0,1,1,6,0.063083000,5.746872000,0.616650000,6.426605000
10,17,1,32,50,0,0,1,1,7,0.062402000,5.604471000,0.499778000,6.166651000
10,17,1,32,50,0,0,1,1,8,0.056804000,5.608547000,0.485587000,6.150938000
10,17,1,32,50,0,0,1,1,9,0.051055000,5.574447000,0.486698000,6.112200000
11,16,1,16,100,0,0,1,1,0,0.056774000,8.245509000,0.533377000,8.835660000
11,16,1,16,100,0,0,1,1,1,0.054410000,8.034738000,0.539527000,8.628675000
11,16,1,16,100,0,0,1,1,2,0.061140000,8.970930000,0.492887000,9.524957000
11,16,1,16,100,0,0,1,1,3,0.105265000,8.198415000,0.499206000,8.802886000
11,16,1,16,100,0,0,1,1,4,0.064936000,7.945296000,0.064575000,8.074807000
11,16,1,16,100,0,0,1,1,5,0.288786000,6.936487000,0.399409000,7.624682000
11,16,1,16,100,0,0,1,1,6,0.064015000,6.901335000,0.428312000,7.393662000
11,16,1,16,100,0,0,1,1,7,0.052728000,7.291321000,0.590261000,7.934310000
11,16,1,16,100,0,0,1,1,8,0.055802000,7.075863000,0.510604000,7.642269000
11,16,1,16,100,0,0,1,1,9,0.051897000,7.292767000,0.424126000,7.768790000
12,15,1,8,100,0,0,1,1,0,0.053910000,5.555228000,0.431097000,6.040235000
12,15,1,8,100,0,0,1,1,1,0.042252000,5.372038000,0.599745000,6.014035000
12,15,1,8,100,0,0,1,1,2,0.042963000,5.247374000,0.458267000,5.748604000
12,15,1,8,100,0,0,1,1,3,0.043905000,5.409143000,0.461381000,5.914429000
12,15,1,8,100,0,0,1,1,4,0.040390000,5.285010000,0.709116000,6.034516000
12,15,1,8,100,0,0,1,1,5,0.047940000,6.216765000,0.598253000,6.862958000
12,15,1,8,100,0,0,1,1,6,0.046779000,5.533681000,0.421041000,6.001501000
12,15,1,8,100,0,0,1,1,7,0.049313000,5.720393000,0.451606000,6.221312000
12,15,1,8,100,0,0,1,1,8,0.050905000,5.555919000,0.576250000,6.183074000
12,15,1,8,100,0,0,1,1,9,0.048061000,5.378678000,0.475141000,5.901880000
13,14,1,32,100,0,0,1,1,0,0.052748000,11.148103000,0.546316000,11.747167000
13,14,1,32,100,0,0,1,1,1,0.059067000,11.549455000,0.449594000,12.058116000
13,14,1,32,100,0,0,1,1,2,0.054611000,11.412893000,0.475803000,11.943307000
13,14,1,32,100,0,0,1,1,3,0.053759000,12.398679000,0.596721000,13.049159000
13,14,1,32,100,0,0,1,1,4,0.059027000,11.850078000,0.486028000,12.395133000
13,14,1,32,100,0,0,1,1,5,0.056593000,11.473613000,0.796476000,12.326682000
13,14,1,32,100,0,0,1,1,6,0.057255000,12.168809000,0.463354000,12.689418000
13,14,1,32,100,0,0,1,1,7,0.055603000,12.062111000,0.504755000,12.622469000
13,14,1,32,100,0,0,1,1,8,0.094370000,10.941227000,0.502502000,11.538099000
13,14,1,32,100,0,0,1,1,9,0.053529000,10.295615000,0.440540000,10.789684000
14,13,0,32,100,0,1,0,1,0,0.036724000,0.671311000,0.459628000,1.167663000
14,13,0,32,100,0,1,0,1,1,0.024306000,0.658492000,0.468201000,1.150999000
14,13,0,32,100,0,1,0,1,2,0.024857000,0.638372000,0.592585000,1.255814000
14,13,0,32,100,0,1,0,1,3,0.025898000,0.613075000,0.504525000,1.143498000
14,13,0,32,100,0,1,0,1,4,0.025197000,0.562921000,0.465136000,1.053254000
14,13,0,32,100,0,1,0,1,5,0.034701000,0.587988000,0.510583000,1.133272000
14,13,0,32,100,0,1,0,1,6,0.038627000,0.525866000,0.413591000,0.978084000
14,13,0,32,100,0,1,0,1,7,0.031116000,0.597242000,0.443765000,1.072123000
14,13,0,32,100,0,1,0,1,8,0.024857000,0.589510000,0.403375000,1.017742000
14,13,0,32,100,0,1,0,1,9,0.034200000,0.624662000,0.416825000,1.075687000
15,12,0,32,100,2,1,1,1,0,0.103012000,50.013632000,2.134170000,52.250814000
15,12,0,32,100,2,1,1,1,1,0.170411000,32.282013000,0.603281000,33.055705000
15,12,0,32,100,2,1,1,1,2,0.139766000,18.354689000,0.638082000,19.132537000
15,12,0,32,100,2,1,1,1,3,0.127598000,16.638115000,0.602720000,17.368433000
15,12,0,32,100,2,1,1,1,4,0.071055000,17.258651000,0.832559000,18.162265000
15,12,0,32,100,2,1,1,1,5,0.071405000,17.596570000,0.546697000,18.214672000
15,12,0,32,100,2,1,1,1,6,0.079727000,16.230874000,0.489663000,16.800264000
15,12,0,32,100,2,1,1,1,7,0.085296000,15.130981000,0.468552000,15.684829000
15,12,0,32,100,2,1,1,1,8,0.091455000,14.399291000,0.521240000,15.011986000
15,12,0,32,100,2,1,1,1,9,0.068000000,14.436366000,0.232863000,14.737229000
16,11,0,32,100,1,1,1,1,0,0.066508000,11.203624000,0.472468000,11.742600000
16,11,0,32,100,1,1,1,1,1,0.110353000,11.726746000,0.002214000,11.839313000
16,11,0,32,100,1,1,1,1,2,0.072487000,11.467774000,0.052648000,11.592909000
16,11,0,32,100,1,1,1,1,3,0.063063000,11.637225000,0.497584000,12.197872000
16,11,0,32,100,1,1,1,1,4,0.056173000,10.915350000,0.569951000,11.541474000
16,11,0,32,100,1,1,1,1,5,0.055361000,10.682536000,0.455072000,11.192969000
16,11,0,32,100,1,1,1,1,6,0.052086000,10.858646000,0.081250000,10.991982000
16,11,0,32,100,1,1,1,1,7,0.055292000,10.706390000,0.451617000,11.213299000
16,11,0,32,100,1,1,1,1,8,0.051786000,10.484424000,0.470754000,11.006964000
16,11,0,32,100,1,1,1,1,9,0.049413000,11.435247000,0.046639000,11.531299000
17,10,0,32,50,0,1,1,1,0,0.050033000,4.665345000,0.441071000,5.156449000
17,10,0,32,50,0,1,1,1,1,0.046689000,5.345229000,0.012759000,5.404677000
17,10,0,32,50,0,1,1,1,2,0.065847000,4.924137000,0.401413000,5.391397000
17,10,0,32,50,0,1,1,1,3,0.041962000,5.360011000,0.026909000,5.428882000
17,10,0,32,50,0,1,1,1,4,0.099246000,4.554081000,0.470865000,5.124192000
17,10,0,32,50,0,1,1,1,5,0.049903000,4.247169000,0.467730000,4.764802000
17,10,0,32,50,0,1,1,1,6,0.063474000,4.454654000,0.560818000,5.078946000
17,10,0,32,50,0,1,1,1,7,0.048571000,5.060489000,0.010015000,5.119075000
17,10,0,32,50,0,1,1,1,8,0.045678000,4.489085000,0.452868000,4.987631000
17,10,0,32,50,0,1,1,1,9,0.048362000,4.934572000,0.440871000,5.423805000
18,9,0,16,100,0,1,1,1,0,0.041170000,6.146832000,0.451336000,6.639338000
18,9,0,16,100,0,1,1,1,1,0.042493000,6.086473000,0.011266000,6.140232000
18,9,0,16,100,0,1,1,1,2,0.076784000,5.633514000,0.502442000,6.212740000
18,9,0,16,100,0,1,1,1,3,0.045708000,6.553081000,0.106467000,6.705256000
18,9,0,16,100,0,1,1,1,4,0.129080000,5.853138000,0.495722000,6.477940000
18,9,0,16,100,0,1,1,1,5,0.053690000,5.867850000,0.429874000,6.351414000
18,9,0,16,100,0,1,1,1,6,0.050185000,5.692892000,0.486447000,6.229524000
18,9,0,16,100,0,1,1,1,7,0.070614000,5.568108000,0.464916000,6.103638000
18,9,0,16,100,0,1,1,1,8,0.044956000,5.927188000,0.419910000,6.392054000
18,9,0,16,100,0,1,1,1,9,0.039899000,5.506006000,0.585774000,6.131679000
19,8,0,8,100,0,1,1,1,0,0.045688000,4.374936000,0.432348000,4.852972000
19,8,0,8,100,0,1,1,1,1,0.044566000,4.857359000,0.426840000,5.328765000
19,8,0,8,100,0,1,1,1,2,0.041190000,5.192644000,0.482612000,5.716446000
19,8,0,8,100,0,1,1,1,3,0.106157000,4.292835000,0.478106000,4.877098000
19,8,0,8,100,0,1,1,1,4,0.052147000,4.448345000,0.499797000,5.000289000
19,8,0,8,100,0,1,1,1,5,0.048532000,4.872050000,0.550863000,5.471445000
19,8,0,8,100,0,1,1,1,6,0.050114000,5.214196000,0.046018000,5.310328000
19,8,0,8,100,0,1,1,1,7,0.051025000,5.458957000,0.541379000,6.051361000
19,8,0,8,100,0,1,1,1,8,0.050645000,4.681309000,0.476834000,5.208788000
19,8,0,8,100,0,1,1,1,9,0.041742000,4.983374000,0.561369000,5.586485000
20,7,0,32,100,0,1,1,1,0,0.068582000,8.977088000,0.485106000,9.530776000
20,7,0,32,100,0,1,1,1,1,0.056553000,9.305259000,0.085456000,9.447268000
20,7,0,32,100,0,1,1,1,2,0.066648000,8.372326000,0.446980000,8.885954000
20,7,0,32,100,0,1,1,1,3,0.056313000,8.478413000,0.249629000,8.784355000
20,7,0,32,100,0,1,1,1,4,0.052087000,8.781079000,0.515050000,9.348216000
20,7,0,32,100,0,1,1,1,5,0.105586000,8.427127000,0.458857000,8.991570000
20,7,0,32,100,0,1,1,1,6,0.073118000,8.568656000,0.436534000,9.078308000
20,7,0,32,100,0,1,1,1,7,0.052948000,8.497981000,0.453730000,9.004659000
20,7,0,32,100,0,1,1,1,8,0.051737000,8.516289000,0.562950000,9.130976000
20,7,0,32,100,0,1,1,1,9,0.052157000,8.163478000,0.398688000,8.614323000
21,6,0,32,100,0,0,0,1,0,0.047840000,1.117440000,0.488901000,1.654181000
21,6,0,32,100,0,0,0,1,1,0.030405000,1.237296000,0.451396000,1.719097000
21,6,0,32,100,0,0,0,1,2,0.029965000,1.252658000,0.500489000,1.783112000
21,6,0,32,100,0,0,0,1,3,0.030726000,1.461021000,0.502672000,1.994419000
21,6,0,32,100,0,0,0,1,4,0.031646000,1.099403000,0.474861000,1.605910000
21,6,0,32,100,0,0,0,1,5,0.032007000,0.961449000,0.461631000,1.455087000
21,6,0,32,100,0,0,0,1,6,0.028853000,1.029729000,0.473459000,1.532041000
21,6,0,32,100,0,0,0,1,7,0.026269000,0.957262000,0.466459000,1.449990000
21,6,0,32,100,0,0,0,1,8,0.029203000,1.011303000,0.472877000,1.513383000
21,6,0,32,100,0,0,0,1,9,0.026209000,1.063690000,0.475512000,1.565411000
22,5,0,32,100,2,0,1,1,0,0.071406000,14.761566000,0.468411000,15.301383000
22,5,0,32,100,2,0,1,1,1,0.064365000,15.018936000,0.510243000,15.593544000
22,5,0,32,100,2,0,1,1,2,0.061891000,14.699214000,0.466969000,15.228074000
22,5,0,32,100,2,0,1,1,3,0.060720000,14.787163000,0.446760000,15.294643000
22,5,0,32,100,2,0,1,1,4,0.059548000,14.988040000,0.503734000,15.551322000
22,5,0,32,100,2,0,1,1,5,0.061361000,14.962613000,0.500909000,15.524883000
22,5,0,32,100,2,0,1,1,6,0.084424000,14.736299000,0.487950000,15.308673000
22,5,0,32,100,2,0,1,1,7,0.077395000,15.048769000,0.507489000,15.633653000
22,5,0,32,100,2,0,1,1,8,0.140477000,14.862766000,0.003154000,15.006397000
22,5,0,32,100,2,0,1,1,9,0.074911000,20.096970000,0.075131000,20.247012000
23,4,0,32,100,1,0,1,1,0,0.053519000,10.978763000,0.468552000,11.500834000
23,4,0,32,100,1,0,1,1,1,0.052478000,10.345818000,0.464866000,10.863162000
23,4,0,32,100,1,0,1,1,2,0.052197000,11.409569000,0.548569000,12.010335000
23,4,0,32,100,1,0,1,1,3,0.068361000,12.118865000,0.042773000,12.229999000
23,4,0,32,100,1,0,1,1,4,0.065406000,11.450710000,0.595489000,12.111605000
23,4,0,32,100,1,0,1,1,5,0.064164000,12.697500000,0.532385000,13.294049000
23,4,0,32,100,1,0,1,1,6,0.066519000,11.940862000,0.003355000,12.010736000
23,4,0,32,100,1,0,1,1,7,0.078245000,12.873550000,0.601748000,13.553543000
23,4,0,32,100,1,0,1,1,8,0.112867000,11.478099000,0.465047000,12.056013000
23,4,0,32,100,1,0,1,1,9,0.120007000,11.810460000,0.158154000,12.088621000
24,3,0,32,50,0,0,1,1,0,0.057525000,4.422357000,0.493007000,4.972889000
24,3,0,32,50,0,0,1,1,1,0.048992000,5.095941000,0.002133000,5.147066000
24,3,0,32,50,0,0,1,1,2,0.091655000,4.670473000,0.480509000,5.242637000
24,3,0,32,50,0,0,1,1,3,0.044215000,4.364722000,0.515150000,4.924087000
24,3,0,32,50,0,0,1,1,4,0.050264000,5.043634000,0.002013000,5.095911000
24,3,0,32,50,0,0,1,1,5,0.054541000,5.157322000,0.445237000,5.657100000
24,3,0,32,50,0,0,1,1,6,0.071997000,5.186674000,0.503023000,5.761694000
24,3,0,32,50,0,0,1,1,7,0.050215000,5.332729000,0.506638000,5.889582000
24,3,0,32,50,0,0,1,1,8,0.053919000,5.378669000,0.504965000,5.937553000
24,3,0,32,50,0,0,1,1,9,0.050674000,5.210350000,0.617592000,5.878616000
25,2,0,16,100,0,0,1,1,0,0.050294000,6.530558000,0.025578000,6.606430000
25,2,0,16,100,0,0,1,1,1,0.049754000,6.288090000,0.843996000,7.181840000
25,2,0,16,100,0,0,1,1,2,0.051136000,6.125289000,0.502552000,6.678977000
25,2,0,16,100,0,0,1,1,3,0.050825000,6.044040000,0.507960000,6.602825000
25,2,0,16,100,0,0,1,1,4,0.050635000,6.244726000,0.497825000,6.793186000
25,2,0,16,100,0,0,1,1,5,0.049132000,7.126097000,0.479908000,7.655137000
25,2,0,16,100,0,0,1,1,6,0.052448000,6.302461000,0.495391000,6.850300000
25,2,0,16,100,0,0,1,1,7,0.049613000,6.456139000,0.537523000,7.043275000
25,2,0,16,100,0,0,1,1,8,0.048432000,7.058627000,0.002374000,7.109433000
25,2,0,16,100,0,0,1,1,9,0.052407000,6.894074000,0.685192000,7.631673000
26,1,0,8,100,0,0,1,1,0,0.062973000,8.966198000,1.018794000,10.047965000
26,1,0,8,100,0,0,1,1,1,0.059388000,5.539966000,1.056549000,6.655903000
26,1,0,8,100,0,0,1,1,2,0.054410000,6.075372000,0.559035000,6.688817000
26,1,0,8,100,0,0,1,1,3,0.105566000,5.399018000,0.467009000,5.971593000
26,1,0,8,100,0,0,1,1,4,0.058617000,5.072996000,0.476133000,5.607746000
26,1,0,8,100,0,0,1,1,5,0.060309000,5.534609000,0.505907000,6.100825000
26,1,0,8,100,0,0,1,1,6,0.039869000,5.252732000,0.456223000,5.748824000
26,1,0,8,100,0,0,1,1,7,0.038908000,5.462481000,0.469033000,5.970422000
26,1,0,8,100,0,0,1,1,8,0.047320000,7.068712000,0.609359000,7.725391000
26,1,0,8,100,0,0,1,1,9,0.044246000,5.382924000,0.435122000,5.862292000
27,0,0,32,100,0,0,1,1,0,0.055542000,8.825055000,0.488471000,9.369068000
27,0,0,32,100,0,0,1,1,1,0.044786000,8.066835000,0.517263000,8.628884000
27,0,0,32,100,0,0,1,1,2,0.044486000,8.418364000,0.453730000,8.916580000
27,0,0,32,100,0,0,1,1,3,0.043815000,8.518251000,0.399290000,8.961356000
27,0,0,32,100,0,0,1,1,4,0.042473000,8.647612000,0.470745000,9.160830000
27,0,0,32,100,0,0,1,1,5,0.042182000,8.436281000,0.541339000,9.019802000
27,0,0,32,100,0,0,1,1,6,0.046499000,8.328331000,0.450885000,8.825715000
27,0,0,32,100,0,0,1,1,7,0.058195000,9.511959000,0.060469000,9.630623000
27,0,0,32,100,0,0,1,1,8,0.046108000,8.834849000,0.475752000,9.356709000
27,0,0,32,100,0,0,1,1,9,0.044956000,9.109014000,0.527549000,9.681519000
0,14,1,32,100,0,0,1,2,0,0.064495000,11.644566000,0.725771000,12.434832000
0,14,1,32,100,0,0,1,2,1,0.117994000,11.308380000,0.480549000,11.906923000
0,14,1,32,100,0,0,1,2,2,0.054440000,11.608884000,0.528690000,12.192014000
0,14,1,32,100,0,0,1,2,3,0.049834000,11.440194000,0.555720000,12.045748000
0,14,1,32,100,0,0,1,2,4,0.048202000,11.649863000,0.699503000,12.397568000
0,14,1,32,100,0,0,1,2,5,0.055442000,12.338490000,0.003365000,12.397297000
0,14,1,32,100,0,0,1,2,6,0.103503000,11.184106000,0.491455000,11.779064000
0,14,1,32,100,0,0,1,2,7,0.054440000,11.006314000,0.535320000,11.596074000
0,14,1,32,100,0,0,1,2,8,0.050305000,10.901488000,0.465688000,11.417481000
0,14,1,32,100,0,0,1,2,9,0.075181000,10.924724000,0.501299000,11.501204000
1,15,1,8,100,0,0,1,2,0,0.051066000,5.397135000,0.428552000,5.876753000
1,15,1,8,100,0,0,1,2,1,0.040690000,5.665421000,0.464576000,6.170687000
1,15,1,8,100,0,0,1,2,2,0.039749000,5.754703000,0.456754000,6.251206000
1,15,1,8,100,0,0,1,2,3,0.048061000,5.504744000,0.509171000,6.061976000
1,15,1,8,100,0,0,1,2,4,0.045267000,5.422152000,0.445337000,5.912756000
1,15,1,8,100,0,0,1,2,5,0.042233000,5.435021000,0.492187000,5.969441000
1,15,1,8,100,0,0,1,2,6,0.040880000,5.610300000,0.424186000,6.075366000
1,15,1,8,100,0,0,1,2,7,0.061361000,5.949069000,0.531555000,6.541985000
1,15,1,8,100,0,0,1,2,8,0.041722000,5.935460000,0.585464000,6.562646000
1,15,1,8,100,0,0,1,2,9,0.040480000,5.947447000,0.524619000,6.512546000
2,16,1,16,100,0,0,1,2,0,0.052487000,7.634248000,0.406109000,8.092844000
2,16,1,16,100,0,0,1,2,1,0.051276000,7.234046000,0.420991000,7.706313000
2,16,1,16,100,0,0,1,2,2,0.046138000,7.710625000,0.457395000,8.214158000
2,16,1,16,100,0,0,1,2,3,0.061080000,7.738451000,0.481871000,8.281402000
2,16,1,16,100,0,0,1,2,4,0.087329000,7.171624000,0.498065000,7.757018000
2,16,1,16,100,0,0,1,2,5,0.072547000,8.077071000,0.585404000,8.735022000
2,16,1,16,100,0,0,1,2,6,0.050114000,7.272574000,0.470133000,7.792821000
2,16,1,16,100,0,0,1,2,7,0.060940000,7.165214000,0.489933000,7.716087000
2,16,1,16,100,0,0,1,2,8,0.048101000,8.325287000,0.497845000,8.871233000
2,16,1,16,100,0,0,1,2,9,0.071836000,8.013451000,0.668637000,8.753924000
3,17,1,32,50,0,0,1,2,0,0.060259000,6.859944000,0.477174000,7.397377000
3,17,1,32,50,0,0,1,2,1,0.051366000,4.937897000,0.447190000,5.436453000
3,17,1,32,50,0,0,1,2,2,0.048942000,6.230321000,0.486067000,6.765330000
3,17,1,32,50,0,0,1,2,3,0.051837000,5.006879000,0.455923000,5.514639000
3,17,1,32,50,0,0,1,2,4,0.048050000,4.933962000,0.478056000,5.460068000
3,17,1,32,50,0,0,1,2,5,0.050184000,5.642538000,0.503132000,6.195854000
3,17,1,32,50,0,0,1,2,6,0.043404000,5.231186000,0.488921000,5.763511000
3,17,1,32,50,0,0,1,2,7,0.052337000,5.695837000,0.467179000,6.215353000
3,17,1,32,50,0,0,1,2,8,0.050694000,4.985538000,0.475452000,5.511684000
3,17,1,32,50,0,0,1,2,9,0.051296000,6.147302000,0.498866000,6.697464000
4,18,1,32,100,1,0,1,2,0,0.080329000,16.918144000,0.565925000,17.564398000
4,18,1,32,100,1,0,1,2,1,0.064686000,14.475033000,0.502622000,15.042341000
4,18,1,32,100,1,0,1,2,2,0.071345000,14.464448000,0.549401000,15.085194000
4,18,1,32,100,1,0,1,2,3,0.081110000,13.626490000,0.454942000,14.162542000
4,18,1,32,100,1,0,1,2,4,0.082011000,14.096594000,0.493038000,14.671643000
4,18,1,32,100,1,0,1,2,5,0.076924000,14.450667000,0.606264000,15.133855000
4,18,1,32,100,1,0,1,2,6,0.105986000,14.785612000,0.493699000,15.385297000
4,18,1,32,100,1,0,1,2,7,0.144162000,14.084056000,0.515741000,14.743959000
4,18,1,32,100,1,0,1,2,8,0.086207000,14.517346000,0.525816000,15.129369000
4,18,1,32,100,1,0,1,2,9,0.083123000,14.931387000,0.069913000,15.084423000
5,19,1,32,100,2,0,1,2,0,0.126627000,19.191704000,0.490504000,19.808835000
5,19,1,32,100,2,0,1,2,1,0.070133000,18.246539000,0.464065000,18.780737000
5,19,1,32,100,2,0,1,2,2,0.061080000,18.898962000,0.431196000,19.391238000
5,19,1,32,100,2,0,1,2,3,0.074470000,18.777327000,0.584613000,19.436410000
5,19,1,32,100,2,0,1,2,4,0.076563000,19.019290000,0.024146000,19.119999000
5,19,1,32,100,2,0,1,2,5,0.089382000,19.793562000,0.528139000,20.411083000
5,19,1,32,100,2,0,1,2,6,0.090744000,18.782029000,0.056363000,18.929136000
5,19,1,32,100,2,0,1,2,7,0.079347000,19.012205000,0.052898000,19.144450000
5,19,1,32,100,2,0,1,2,8,0.075421000,22.310277000,0.595789000,22.981487000
5,19,1,32,100,2,0,1,2,9,0.105406000,27.093836000,0.027311000,27.226553000
6,20,1,32,100,0,0,0,2,0,0.045417000,0.983502000,0.526927000,1.555846000
6,20,1,32,100,0,0,0,2,1,0.030615000,1.665879000,0.700564000,2.397058000
6,20,1,32,100,0,0,0,2,2,0.036334000,1.490930000,0.507910000,2.035174000
6,20,1,32,100,0,0,0,2,3,0.031747000,1.251237000,0.543472000,1.826456000
6,20,1,32,100,0,0,0,2,4,0.030585000,0.971844000,0.513799000,1.516228000
6,20,1,32,100,0,0,0,2,5,0.029254000,1.074596000,0.514829000,1.618679000
6,20,1,32,100,0,0,0,2,6,0.183181000,1.168805000,0.527789000,1.879775000
6,20,1,32,100,0,0,0,2,7,0.031006000,1.036049000,1.724110000,2.791165000
6,20,1,32,100,0,0,0,2,8,0.058987000,1.481276000,1.101806000,2.642069000
6,20,1,32,100,0,0,0,2,9,0.026940000,1.264606000,0.595890000,1.887436000
7,21,1,32,100,0,1,1,2,0,0.172815000,16.407846000,0.578684000,17.159345000
7,21,1,32,100,0,1,1,2,1,0.222679000,15.389993000,0.601107000,16.213779000
7,21,1,32,100,0,1,1,2,2,0.114499000,14.642115000,0.717960000,15.474574000
7,21,1,32,100,0,1,1,2,3,0.096422000,16.826629000,0.612614000,17.535665000
7,21,1,32,100,0,1,1,2,4,0.128550000,15.175286000,0.057615000,15.361451000
7,21,1,32,100,0,1,1,2,5,0.100087000,13.507005000,0.495351000,14.102443000
7,21,1,32,100,0,1,1,2,6,0.117734000,11.048636000,0.483383000,11.649753000
7,21,1,32,100,0,1,1,2,7,0.079457000,11.415167000,0.520999000,12.015623000
7,21,1,32,100,0,1,1,2,8,0.064936000,11.107253000,0.517143000,11.689332000
7,21,1,32,100,0,1,1,2,9,0.055232000,10.761993000,0.476753000,11.293978000
8,22,1,8,100,0,1,1,2,0,0.074570000,6.614903000,0.818018000,7.507491000
8,22,1,8,100,0,1,1,2,1,0.078486000,5.499567000,0.512190000,6.090243000
8,22,1,8,100,0,1,1,2,2,0.049013000,6.008026000,0.455262000,6.512301000
8,22,1,8,100,0,1,1,2,3,0.057224000,5.771198000,0.438357000,6.266779000
8,22,1,8,100,0,1,1,2,4,0.045006000,4.738264000,0.430025000,5.213295000
8,22,1,8,100,0,1,1,2,5,0.051116000,5.379929000,0.517394000,5.948439000
8,22,1,8,100,0,1,1,2,6,0.069903000,4.768899000,0.469202000,5.308004000
8,22,1,8,100,0,1,1,2,7,0.070454000,4.992719000,0.424156000,5.487329000
8,22,1,8,100,0,1,1,2,8,0.051827000,5.960897000,0.013600000,6.026324000
8,22,1,8,100,0,1,1,2,9,0.053209000,7.888592000,0.023655000,7.965456000
9,23,1,16,100,0,1,1,2,0,0.064966000,7.819060000,0.564233000,8.448259000
9,23,1,16,100,0,1,1,2,1,0.048762000,6.967313000,0.500609000,7.516684000
9,23,1,16,100,0,1,1,2,2,0.049273000,7.166206000,0.620846000,7.836325000
9,23,1,16,100,0,1,1,2,3,0.053730000,6.939381000,0.512847000,7.505958000
9,23,1,16,100,0,1,1,2,4,0.053358000,7.450857000,0.621167000,8.125382000
9,23,1,16,100,0,1,1,2,5,0.053850000,6.782439000,0.509632000,7.345921000
9,23,1,16,100,0,1,1,2,6,0.053539000,7.617683000,0.461170000,8.132392000
9,23,1,16,100,0,1,1,2,7,0.058156000,6.986811000,0.495612000,7.540579000
9,23,1,16,100,0,1,1,2,8,0.050464000,7.470625000,0.487630000,8.008719000
9,23,1,16,100,0,1,1,2,9,0.054921000,6.826715000,0.490624000,7.372260000
10,24,1,32,50,0,1,1,2,0,0.047209000,5.770576000,0.453770000,6.271555000
10,24,1,32,50,0,1,1,2,1,0.048211000,5.341533000,0.537133000,5.926877000
10,24,1,32,50,0,1,1,2,2,0.051546000,5.026779000,0.551134000,5.629459000
10,24,1,32,50,0,1,1,2,3,0.052888000,5.234965000,0.061010000,5.348863000
10,24,1,32,50,0,1,1,2,4,0.048301000,5.027560000,0.494941000,5.570802000
10,24,1,32,50,0,1,1,2,5,0.051066000,5.843935000,0.070474000,5.965475000
10,24,1,32,50,0,1,1,2,6,0.048051000,4.998758000,0.448091000,5.494900000
10,24,1,32,50,0,1,1,2,7,0.045457000,4.696461000,0.534299000,5.276217000
10,24,1,32,50,0,1,1,2,8,0.049102000,5.465877000,0.484635000,5.999614000
10,24,1,32,50,0,1,1,2,9,0.047911000,4.434625000,0.523553000,5.006089000
11,25,1,32,100,1,1,1,2,0,0.078756000,16.204275000,0.737869000,17.020900000
11,25,1,32,100,1,1,1,2,1,0.083973000,14.608576000,0.510954000,15.203503000
11,25,1,32,100,1,1,1,2,2,0.090323000,14.678234000,0.625303000,15.393860000
11,25,1,32,100,1,1,1,2,3,0.101780000,17.109131000,0.094749000,17.305660000
11,25,1,32,100,1,1,1,2,4,0.804998000,39.473027000,1.294891000,41.572916000
11,25,1,32,100,1,1,1,2,5,0.137563000,20.547665000,0.608669000,21.293897000
11,25,1,32,100,1,1,1,2,6,0.134098000,15.262295000,0.600336000,15.996729000
11,25,1,32,100,1,1,1,2,7,0.124383000,19.582301000,0.580437000,20.287121000
11,25,1,32,100,1,1,1,2,8,0.156351000,21.556579000,1.946122000,23.659052000
11,25,1,32,100,1,1,1,2,9,0.110343000,42.660430000,2.820393000,45.591166000
12,26,1,32,100,2,1,1,2,0,0.122230000,59.482267000,5.406259000,65.010756000
12,26,1,32,100,2,1,1,2,1,0.130793000,44.369303000,0.563341000,45.063437000
12,26,1,32,100,2,1,1,2,2,0.126917000,24.930489000,0.633064000,25.690470000
12,26,1,32,100,2,1,1,2,3,0.130944000,36.093789000,1.473184000,37.697917000
12,26,1,32,100,2,1,1,2,4,0.171523000,37.716479000,0.434502000,38.322504000
12,26,1,32,100,2,1,1,2,5,0.112556000,43.812165000,4.717673000,48.642394000
12,26,1,32,100,2,1,1,2,6,0.181458000,25.928947000,0.533538000,26.643943000
12,26,1,32,100,2,1,1,2,7,0.123413000,33.549493000,1.569006000,35.241912000
12,26,1,32,100,2,1,1,2,8,0.140548000,25.652853000,0.561439000,26.354840000
12,26,1,32,100,2,1,1,2,9,0.113107000,31.114920000,0.677710000,31.905737000
13,27,1,32,100,0,1,0,2,0,0.067159000,1.939353000,0.707744000,2.714256000
13,27,1,32,100,0,1,0,2,1,0.041301000,1.422389000,0.067590000,1.531280000
13,27,1,32,100,0,1,0,2,2,0.033089000,1.148254000,2.606421000,3.787764000
13,27,1,32,100,0,1,0,2,3,0.035893000,1.950333000,1.096358000,3.082584000
13,27,1,32,100,0,1,0,2,4,0.046658000,0.563192000,0.769686000,1.379536000
13,27,1,32,100,0,1,0,2,5,0.023625000,1.256604000,0.660696000,1.940925000
13,27,1,32,100,0,1,0,2,6,0.026269000,0.746381000,0.540267000,1.312917000
13,27,1,32,100,0,1,0,2,7,0.029323000,0.539406000,0.569791000,1.138520000
13,27,1,32,100,0,1,0,2,8,0.026690000,0.978003000,1.299418000,2.304111000
13,27,1,32,100,0,1,0,2,9,0.037776000,2.752943000,0.030865000,2.821584000
14,0,0,32,100,0,0,1,2,0,0.176661000,22.743345000,0.004697000,22.924703000
14,0,0,32,100,0,0,1,2,1,0.124223000,12.863014000,0.036714000,13.023951000
14,0,0,32,100,0,0,1,2,2,0.117593000,12.526707000,0.834712000,13.479012000
14,0,0,32,100,0,0,1,2,3,0.140247000,10.914077000,0.458126000,11.512450000
14,0,0,32,100,0,0,1,2,4,0.062813000,16.556695000,0.049312000,16.668820000
14,0,0,32,100,0,0,1,2,5,0.092947000,12.433590000,0.501019000,13.027556000
14,0,0,32,100,0,0,1,2,6,0.175679000,10.103701000,0.557523000,10.836903000
14,0,0,32,100,0,0,1,2,7,0.057064000,9.487432000,0.466829000,10.011325000
14,0,0,32,100,0,0,1,2,8,0.053129000,13.780758000,0.823695000,14.657582000
14,0,0,32,100,0,0,1,2,9,0.071986000,10.840539000,0.506007000,11.418532000
15,1,0,8,100,0,0,1,2,0,0.111294000,6.373035000,0.575850000,7.060179000
15,1,0,8,100,0,0,1,2,1,0.066729000,5.649077000,0.561899000,6.277705000
15,1,0,8,100,0,0,1,2,2,0.058857000,6.149535000,0.819790000,7.028182000
15,1,0,8,100,0,0,1,2,3,0.065437000,5.667404000,0.572735000,6.305576000
15,1,0,8,100,0,0,1,2,4,0.056353000,6.383081000,0.635187000,7.074621000
15,1,0,8,100,0,0,1,2,5,0.082542000,6.544027000,0.647606000,7.274175000
15,1,0,8,100,0,0,1,2,6,0.064014000,8.170388000,0.635909000,8.870311000
15,1,0,8,100,0,0,1,2,7,0.106017000,5.986455000,0.516502000,6.608974000
15,1,0,8,100,0,0,1,2,8,0.091605000,6.258727000,0.577342000,6.927674000
15,1,0,8,100,0,0,1,2,9,0.076453000,9.720175000,2.986878000,12.783506000
16,2,0,16,100,0,0,1,2,0,0.125375000,12.039558000,0.817467000,12.982400000
16,2,0,16,100,0,0,1,2,1,0.088040000,16.608541000,0.737238000,17.433819000
16,2,0,16,100,0,0,1,2,2,0.100499000,11.839803000,0.697149000,12.637451000
16,2,0,16,100,0,0,1,2,3,0.078266000,14.703569000,0.159195000,14.941030000
16,2,0,16,100,0,0,1,2,4,0.092817000,18.806160000,1.300123000,20.199100000
16,2,0,16,100,0,0,1,2,5,0.128560000,16.695124000,0.090023000,16.913707000
16,2,0,16,100,0,0,1,2,6,0.109391000,21.211203000,2.666706000,23.987300000
16,2,0,16,100,0,0,1,2,7,0.131534000,16.307056000,5.000891000,21.439481000
16,2,0,16,100,0,0,1,2,8,1.397873000,24.995609000,0.724178000,27.117660000
16,2,0,16,100,0,0,1,2,9,0.130993000,8.945477000,0.626725000,9.703195000
17,3,0,32,50,0,0,1,2,0,0.071626000,7.521094000,0.998765000,8.591485000
17,3,0,32,50,0,0,1,2,1,0.141128000,11.797641000,0.111345000,12.050114000
17,3,0,32,50,0,0,1,2,2,0.102492000,8.266700000,1.056639000,9.425831000
17,3,0,32,50,0,0,1,2,3,0.100658000,12.415033000,2.936383000,15.452074000
17,3,0,32,50,0,0,1,2,4,0.075721000,6.627762000,0.669788000,7.373271000
17,3,0,32,50,0,0,1,2,5,0.051065000,6.761068000,3.508799000,10.320932000
17,3,0,32,50,0,0,1,2,6,0.063634000,10.997660000,0.757829000,11.819123000
17,3,0,32,50,0,0,1,2,7,0.056994000,7.257050000,0.767122000,8.081166000
17,3,0,32,50,0,0,1,2,8,0.048001000,7.000381000,1.601809000,8.650191000
17,3,0,32,50,0,0,1,2,9,0.141820000,8.150549000,0.698260000,8.990629000
18,4,0,32,100,1,0,1,2,0,0.111214000,16.069906000,0.652023000,16.833143000
18,4,0,32,100,1,0,1,2,1,0.126576000,21.161311000,0.752911000,22.040798000
18,4,0,32,100,1,0,1,2,2,0.122541000,22.678725000,0.093628000,22.894894000
18,4,0,32,100,1,0,1,2,3,0.133487000,14.014042000,0.584643000,14.732172000
18,4,0,32,100,1,0,1,2,4,0.141368000,24.615603000,0.919407000,25.676378000
18,4,0,32,100,1,0,1,2,5,0.140427000,20.228759000,0.796646000,21.165832000
18,4,0,32,100,1,0,1,2,6,0.151553000,23.844325000,3.249165000,27.245043000
18,4,0,32,100,1,0,1,2,7,0.121990000,24.636650000,1.996626000,26.755266000
18,4,0,32,100,1,0,1,2,8,0.139866000,23.189664000,1.707600000,25.037130000
18,4,0,32,100,1,0,1,2,9,0.142590000,13.262728000,0.042814000,13.448132000
19,5,0,32,100,2,0,1,2,0,0.112105000,18.723953000,0.572085000,19.408143000
19,5,0,32,100,2,0,1,2,1,0.135991000,23.557852000,0.699232000,24.393075000
19,5,0,32,100,2,0,1,2,2,0.144473000,18.761118000,0.571233000,19.476824000
19,5,0,32,100,2,0,1,2,3,0.105025000,17.194251000,0.743802000,18.043078000
19,5,0,32,100,2,0,1,2,4,0.070604000,18.846554000,0.624792000,19.541950000
19,5,0,32,100,2,0,1,2,5,0.102311000,18.354303000,0.623420000,19.080034000
19,5,0,32,100,2,0,1,2,6,0.104314000,17.226964000,0.050635000,17.381913000
19,5,0,32,100,2,0,1,2,7,0.085426000,15.390614000,0.531124000,16.007164000
19,5,0,32,100,2,0,1,2,8,0.079888000,15.446577000,0.519767000,16.046232000
19,5,0,32,100,2,0,1,2,9,0.071906000,15.089460000,0.563281000,15.724647000
20,6,0,32,100,0,0,0,2,0,0.105105000,1.467526000,0.519387000,2.092018000
20,6,0,32,100,0,0,0,2,1,0.030274000,1.290294000,0.490384000,1.810952000
20,6,0,32,100,0,0,0,2,2,0.034161000,1.435348000,0.503854000,1.973363000
20,6,0,32,100,0,0,0,2,3,0.053349000,1.291466000,0.692051000,2.036866000
20,6,0,32,100,0,0,0,2,4,0.036264000,1.315491000,0.661867000,2.013622000
20,6,0,32,100,0,0,0,2,5,0.037115000,1.259228000,0.545535000,1.841878000
20,6,0,32,100,0,0,0,2,6,0.031467000,1.355941000,0.542230000,1.929638000
20,6,0,32,100,0,0,0,2,7,0.031156000,1.340157000,3.558783000,4.930096000
20,6,0,32,100,0,0,0,2,8,0.042022000,3.281283000,0.917394000,4.240699000
20,6,0,32,100,0,0,0,2,9,0.038877000,7.593767000,0.610441000,8.243085000
21,7,0,32,100,0,1,1,2,0,0.087829000,11.580021000,0.884134000,12.551984000
21,7,0,32,100,0,1,1,2,1,0.083363000,13.797182000,0.712041000,14.592586000
21,7,0,32,100,0,1,1,2,2,0.112026000,11.144177000,0.958635000,12.214838000
21,7,0,32,100,0,1,1,2,3,0.092927000,10.238810000,0.485677000,10.817414000
21,7,0,32,100,0,1,1,2,4,0.067850000,13.357353000,1.142376000,14.567579000
21,7,0,32,100,0,1,1,2,5,0.103002000,11.982925000,0.802093000,12.888020000
21,7,0,32,100,0,1,1,2,6,0.132616000,12.210851000,0.653935000,12.997402000
21,7,0,32,100,0,1,1,2,7,0.096442000,11.293777000,0.617311000,12.007530000
21,7,0,32,100,0,1,1,2,8,0.083623000,11.783581000,0.575018000,12.442222000
21,7,0,32,100,0,1,1,2,9,0.086878000,9.502704000,0.705742000,10.295324000
22,8,0,8,100,0,1,1,2,0,0.130122000,5.820921000,0.950213000,6.901256000
22,8,0,8,100,0,1,1,2,1,0.059027000,6.032483000,0.481440000,6.572950000
22,8,0,8,100,0,1,1,2,2,0.044996000,7.022594000,1.179381000,8.246971000
22,8,0,8,100,0,1,1,2,3,0.055492000,4.853132000,0.493969000,5.402593000
22,8,0,8,100,0,1,1,2,4,0.051636000,5.213574000,0.488401000,5.753611000
22,8,0,8,100,0,1,1,2,5,0.055351000,6.097309000,0.559796000,6.712456000
22,8,0,8,100,0,1,1,2,6,0.048331000,5.610521000,0.591293000,6.250145000
22,8,0,8,100,0,1,1,2,7,0.105175000,5.044845000,0.531805000,5.681825000
22,8,0,8,100,0,1,1,2,8,0.073158000,5.390896000,0.524584000,5.988638000
22,8,0,8,100,0,1,1,2,9,0.067049000,5.466488000,1.119542000,6.653079000
23,9,0,16,100,0,1,1,2,0,0.077545000,6.142645000,0.480039000,6.700229000
23,9,0,16,100,0,1,1,2,1,0.102251000,7.672468000,0.450925000,8.225644000
23,9,0,16,100,0,1,1,2,2,0.061280000,8.248573000,0.512026000,8.821879000
23,9,0,16,100,0,1,1,2,3,0.053529000,9.673557000,0.469823000,10.196909000
23,9,0,16,100,0,1,1,2,4,0.061702000,6.684244000,0.535220000,7.281166000
23,9,0,16,100,0,1,1,2,5,0.045307000,13.552832000,0.526557000,14.124696000
23,9,0,16,100,0,1,1,2,6,0.049833000,6.789250000,2.956884000,9.795967000
23,9,0,16,100,0,1,1,2,7,0.044445000,8.956448000,0.586065000,9.586958000
23,9,0,16,100,0,1,1,2,8,0.056523000,6.669533000,0.538074000,7.264130000
23,9,0,16,100,0,1,1,2,9,0.059427000,15.433237000,0.608508000,16.101172000
24,10,0,32,50,0,1,1,2,0,0.096913000,10.442596000,0.832519000,11.372028000
24,10,0,32,50,0,1,1,2,1,0.115951000,6.000736000,0.588869000,6.705556000
24,10,0,32,50,0,1,1,2,2,0.079287000,11.252446000,0.572545000,11.904278000
24,10,0,32,50,0,1,1,2,3,0.080629000,4.775969000,1.122977000,5.979575000
24,10,0,32,50,0,1,1,2,4,0.106066000,10.159213000,4.000554000,14.265833000
24,10,0,32,50,0,1,1,2,5,0.092587000,9.709579000,0.694475000,10.496641000
24,10,0,32,50,0,1,1,2,6,0.083423000,6.107905000,0.537973000,6.729301000
24,10,0,32,50,0,1,1,2,7,0.066868000,5.797096000,0.584953000,6.448917000
24,10,0,32,50,0,1,1,2,8,0.045828000,4.928974000,0.602589000,5.577391000
24,10,0,32,50,0,1,1,2,9,0.038407000,4.789439000,0.602739000,5.430585000
25,11,0,32,100,1,1,1,2,0,0.257991000,18.240380000,0.614547000,19.112918000
25,11,0,32,100,1,1,1,2,1,0.140658000,21.241388000,0.032808000,21.414854000
25,11,0,32,100,1,1,1,2,2,0.162180000,15.299164000,0.515290000,15.976634000
25,11,0,32,100,1,1,1,2,3,0.122260000,17.917614000,0.806690000,18.846564000
25,11,0,32,100,1,1,1,2,4,0.127869000,18.232883000,0.516252000,18.877004000
25,11,0,32,100,1,1,1,2,5,0.130233000,21.532723000,0.089692000,21.752648000
25,11,0,32,100,1,1,1,2,6,0.133557000,18.661496000,2.708728000,21.503781000
25,11,0,32,100,1,1,1,2,7,0.124173000,21.978496000,0.058847000,22.161516000
25,11,0,32,100,1,1,1,2,8,0.138875000,15.396413000,1.473805000,17.009093000
25,11,0,32,100,1,1,1,2,9,0.110543000,19.486308000,0.551695000,20.148546000
26,12,0,32,100,2,1,1,2,0,0.108520000,22.957300000,0.075662000,23.141482000
26,12,0,32,100,2,1,1,2,1,0.109602000,18.519662000,0.727964000,19.357228000
26,12,0,32,100,2,1,1,2,2,0.132917000,17.325149000,0.147557000,17.605623000
26,12,0,32,100,2,1,1,2,3,0.189149000,21.126479000,0.534469000,21.850097000
26,12,0,32,100,2,1,1,2,4,0.135099000,23.827115000,0.888561000,24.850775000
26,12,0,32,100,2,1,1,2,5,0.111444000,17.140436000,0.645803000,17.897683000
26,12,0,32,100,2,1,1,2,6,0.093628000,26.499448000,1.196416000,27.789492000
26,12,0,32,100,2,1,1,2,7,0.115720000,21.284563000,0.293543000,21.693826000
26,12,0,32,100,2,1,1,2,8,0.140197000,22.490923000,0.578203000,23.209323000
26,12,0,32,100,2,1,1,2,9,0.116251000,16.504488000,0.536381000,17.157120000
27,13,0,32,100,0,1,0,2,0,0.057294000,0.647145000,0.501270000,1.205709000
27,13,0,32,100,0,1,0,2,1,0.023855000,0.663660000,0.500058000,1.187573000
27,13,0,32,100,0,1,0,2,2,0.023866000,0.708846000,0.482001000,1.214713000
27,13,0,32,100,0,1,0,2,3,0.023795000,0.587737000,0.573166000,1.184698000
27,13,0,32,100,0,1,0,2,4,0.038738000,0.617501000,0.485717000,1.141956000
27,13,0,32,100,0,1,0,2,5,0.033569000,0.638302000,0.520959000,1.192830000
27,13,0,32,100,0,1,0,2,6,0.024466000,0.630831000,0.543342000,1.198639000
27,13,0,32,100,0,1,0,2,7,0.024156000,0.597521000,0.539066000,1.160743000
27,13,0,32,100,0,1,0,2,8,0.022233000,0.701746000,0.479878000,1.203857000
27,13,0,32,100,0,1,0,2,9,0.025027000,0.736367000,0.581178000,1.342572000
