condition,camera,samples,ao_resolution,blur,debug,enabled,repeat,samples_total,cpu_encode_ms_median,cpu_encode_ms_p95,cpu_submit_ms_median,cpu_submit_ms_p95,native_queue_wait_ms_median,native_queue_wait_ms_p95,native_queue_completion_wall_ms_median,native_queue_completion_wall_ms_p95
0,0,32,100,0,0,1,0,10,0.1102425,0.176381,18.506654,37.922952,0.6828225,4.589183,20.515428,42.632613
0,0,32,100,0,0,1,1,10,0.044871,0.058195,8.5829315,9.511959,0.4732485,0.541339,9.090316000000001,9.681519
0,0,32,100,0,0,1,2,10,0.10527,0.176661,12.4801485,22.743345,0.483924,0.834712,13.0257535,22.924703
1,0,8,100,0,0,1,0,10,0.079262,0.754253,6.480797,11.354107,0.5430265000000001,2.059159,7.3303709999999995,13.347469
1,0,8,100,0,0,1,1,10,0.0565135,0.105566,5.498545,8.966198,0.49102,1.056549,6.036209,10.047965
1,0,8,100,0,0,1,2,10,0.07159099999999999,0.111294,6.315881,9.720175,0.6062645,2.986878,7.0441804999999995,12.783506
2,0,16,100,0,0,1,0,10,0.0724765,0.123632,8.2057705,12.186675,0.602259,0.74518,8.8326055,12.913498
2,0,16,100,0,0,1,1,10,0.050464499999999995,0.052448,6.379300000000001,7.126097,0.5001885,0.843996,6.9467875,7.655137
2,0,16,100,0,0,1,2,10,0.11738299999999999,1.397873,16.4577985,24.995609,0.7307079999999999,5.000891,17.173763,27.11766
3,0,32,50,0,0,1,0,10,0.054125,0.104684,5.1113965,10.862977,0.587164,1.060255,5.928770500000001,11.496252
3,0,32,50,0,0,1,1,10,0.052296499999999996,0.091655,5.1266315,5.378669,0.498015,0.617592,5.4498685,5.937553
3,0,32,50,0,0,1,2,10,0.0736735,0.14182,7.8358215,12.415033,0.8829435,3.508799,9.20823,15.452074
4,0,32,100,1,0,1,0,10,0.1100675,0.146325,12.646444,20.170203,0.5070085,1.725777,13.2434095,20.788987
4,0,32,100,1,0,1,1,10,0.06596250000000001,0.120007,11.6442795,12.87355,0.46679950000000003,0.601748,12.072317,13.553543
4,0,32,100,1,0,1,2,10,0.13667649999999998,0.151553,21.920018,24.63665,0.7747785,3.249165,22.467846,27.245043
5,0,32,100,2,0,1,0,10,0.10135949999999999,0.116843,15.187614499999999,16.454805,0.492702,0.54931,15.831094499999999,17.058567
5,0,32,100,2,0,1,1,10,0.0678855,0.140477,14.912689499999999,20.09697,0.4781805,0.510243,15.416778,20.247012
5,0,32,100,2,0,1,2,10,0.1033125,0.144473,17.7906335,23.557852,0.5716589999999999,0.743802,18.561556000000003,24.393075
6,0,32,100,0,0,0,0,10,0.0261585,0.028031,1.2193390000000002,1.428058,0.4924015,0.755314,1.7620055,1.93811
6,0,32,100,0,0,0,1,10,0.030185,0.04784,1.0815465,1.461021,0.47416,0.502672,1.5856605,1.994419
6,0,32,100,0,0,0,2,10,0.0366895,0.105105,1.348049,7.593767,0.577988,3.558783,2.025244,8.243085
7,0,32,100,0,1,1,0,10,0.0668285,0.258141,9.1134695,10.509355,0.5082255,0.655317,9.755097,11.246123
7,0,32,100,0,1,1,1,10,0.056433,0.105586,8.507135,9.305259,0.450355,0.56295,9.0414835,9.530776
7,0,32,100,0,1,1,2,10,0.090378,0.132616,11.681801,13.797182,0.7088915,1.142376,12.497103,14.592586
8,0,8,100,0,1,1,0,10,0.050434,0.055122,4.5792079999999995,5.868667,0.483674,0.608298,5.210395,6.397157
8,0,8,100,0,1,1,1,10,0.049323,0.106157,4.8647045,5.458957,0.480359,0.561369,5.3195464999999995,6.051361
8,0,8,100,0,1,1,2,10,0.057259500000000005,0.130122,5.5385045,7.022594,0.5458004999999999,1.179381,6.411547499999999,8.246971
9,0,16,100,0,1,1,0,10,0.054165000000000005,0.073258,6.2122779999999995,6.524959,0.508265,0.951945,6.7482489999999995,7.085116
9,0,16,100,0,1,1,1,10,0.0479465,0.12908,5.860494,6.553081,0.45812600000000003,0.585774,6.290469,6.705256
9,0,16,100,0,1,1,2,10,0.057975,0.102251,7.9605205,15.433237,0.5308885000000001,2.956884,9.2044185,16.101172
10,0,32,50,0,1,1,0,10,0.048121,0.071996,4.520787,5.705681,0.480454,0.605103,5.018015500000001,6.251817
10,0,32,50,0,1,1,1,10,0.049237,0.099246,4.794741,5.360011,0.440971,0.560818,5.1403205,5.428882
10,0,32,50,0,1,1,2,10,0.082026,0.115951,6.054320499999999,11.252446,0.6026640000000001,4.000554,6.7174285000000005,14.265833
11,0,32,100,1,1,1,0,10,0.0800035,0.125565,11.584011,20.248333,0.5003934999999999,1.098542,12.248207,20.895709
11,0,32,100,1,1,1,1,10,0.055767,0.110353,11.059487,11.726746,0.4533445,0.569951,11.536386499999999,12.197872
11,0,32,100,1,1,1,2,10,0.13189499999999998,0.257991,18.450938,21.978496,0.5339735000000001,2.708728,19.630732000000002,22.161516
12,0,32,100,2,1,1,0,10,0.0883805,0.193976,13.265177000000001,14.525357,0.4680255,0.848272,13.8540165,15.044584
12,0,32,100,2,1,1,1,10,0.0883755,0.170411,16.948383,50.013632,0.5747085000000001,2.13417,17.765349,52.250814
12,0,32,100,2,1,1,2,10,0.11598549999999999,0.189149,21.205520999999997,26.499448,0.557292,1.196416,21.771961500000003,27.789492
13,0,32,100,0,1,0,0,10,0.023725,0.026609,0.5594905,0.756006,0.439634,0.489653,1.013501,1.217227
13,0,32,100,0,1,0,1,10,0.028507,0.038627,0.6051585,0.671311,0.46238199999999996,0.592585,1.1044795,1.255814
13,0,32,100,0,1,0,2,10,0.024311,0.057294,0.6427235,0.736367,0.5111144999999999,0.581178,1.1957345,1.342572
14,1,32,100,0,0,1,0,10,0.058572,0.078286,9.7382765,11.539079,0.45497699999999996,0.600776,10.24649,12.049283
14,1,32,100,0,0,1,1,10,0.056097999999999995,0.09437,11.511534000000001,12.398679,0.494265,0.796476,12.192399,13.049159
14,1,32,100,0,0,1,2,10,0.054941000000000004,0.117994,11.374286999999999,12.33849,0.5149945,0.725771,11.976335500000001,12.434832
15,1,8,100,0,0,1,0,10,0.043659,0.052828,5.5106275,5.830255,0.4815705,0.503243,6.037015,6.35582
15,1,8,100,0,0,1,1,10,0.0473595,0.05391,5.471412,6.216765,0.468261,0.709116,6.0242755,6.862958
15,1,8,100,0,0,1,2,10,0.0419775,0.061361,5.6378605,5.949069,0.4783815,0.585464,6.1230265,6.562646
16,1,16,100,0,0,1,0,10,0.052953,0.055923,6.8896180000000005,7.24995,0.48292250000000003,0.56257,7.372615,7.729798
16,1,16,100,0,0,1,1,10,0.058956999999999996,0.288786,7.6190315,8.97093,0.4960465,0.590261,8.0045585,9.524957
16,1,16,100,0,0,1,2,10,0.0567135,0.087329,7.6724365,8.325287,0.485902,0.668637,8.153500999999999,8.871233
17,1,32,50,0,0,1,0,10,0.0500635,0.070093,5.301755,9.690361,0.4665685,0.60974,5.895356,10.224801
17,1,32,50,0,0,1,1,10,0.0627425,0.080449,5.770807,6.333147,0.537168,0.630731,6.439734,6.991328
17,1,32,50,0,0,1,2,10,0.050995,0.060259,5.436862,6.859944,0.477615,0.503132,5.9796825,7.397377
18,1,32,100,1,0,1,0,10,0.0662625,0.082581,12.188873999999998,13.238508,0.497679,0.587287,12.789736000000001,13.82259
18,1,32,100,1,0,1,1,10,0.0798725,0.119236,13.81955,17.751879,0.488301,0.567137,14.172932,18.358865
18,1,32,100,1,0,1,2,10,0.08156050000000001,0.144162,14.4697405,16.918144,0.5091815,0.606264,15.0848085,17.564398
19,1,32,100,2,0,1,0,10,0.0816955,0.129441,15.437318,15.950601,0.45428999999999997,0.490834,15.98414,16.524828
19,1,32,100,2,0,1,1,10,0.062212,0.131464,17.3791735,26.571465,0.46003400000000005,2.577954,17.9182295,29.220895
19,1,32,100,2,0,1,2,10,0.077955,0.126627,19.015747500000003,27.093836,0.44763050000000004,0.595789,19.413823999999998,27.226553
20,1,32,100,0,0,0,0,10,0.028287,0.035863,1.2520734999999998,1.6464,0.421157,0.706743,1.730474,2.232115
20,1,32,100,0,0,0,1,10,0.030455000000000003,0.04742,1.294055,1.387038,0.5283145,0.567067,1.8508565,1.922237
20,1,32,100,0,0,0,2,10,0.0313765,0.183181,1.210021,1.665879,0.5356304999999999,1.72411,1.8836054999999998,2.791165
21,1,32,100,0,1,1,0,10,0.0471995,0.058216,9.5114925,10.186514,0.480654,0.804843,10.016643,11.038446
21,1,32,100,0,1,1,1,10,0.0560175,0.075631,9.833793,11.511329,0.47066949999999996,0.524525,10.3529445,12.021632
21,1,32,100,0,1,1,2,10,0.107293,0.222679,14.07456,16.826629,0.5190710000000001,0.71796,14.731947,17.535665
22,1,8,100,0,1,1,0,10,0.063323,0.114108,5.493823,6.372746,0.48533099999999996,0.640705,6.079422,6.922167
22,1,8,100,0,1,1,1,10,0.050204,0.121379,5.4047415,5.648842,0.5362465000000001,0.576601,5.981633,6.202719
22,1,8,100,0,1,1,2,10,0.0552165,0.078486,5.6353825,7.888592,0.44680949999999997,0.818018,6.0582835,7.965456
23,1,16,100,0,1,1,0,10,0.0619015,0.093829,6.8534245,7.498947,0.4897125,0.85357,7.405244,7.836356
23,1,16,100,0,1,1,1,10,0.05424,0.077294,6.550628,7.569637,0.44074,0.731059,7.0871195,8.048684
23,1,16,100,0,1,1,2,10,0.0536345,0.064966,7.0765085,7.81906,0.5051205,0.621167,7.688452,8.448259
24,1,32,50,0,1,1,0,10,0.049483,0.079497,4.8836475,5.90145,0.479247,0.529672,5.4122455,6.431682
24,1,32,50,0,1,1,1,10,0.0446205,0.113388,5.198572,11.509086,0.47596249999999996,2.426552,5.812924000000001,12.024756
24,1,32,50,0,1,1,2,10,0.04825599999999999,0.052888,5.1312625,5.843935,0.489788,0.551134,5.6001305,6.271555
25,1,32,100,1,1,1,0,10,0.0761825,0.125796,13.537346,15.054799,0.5103185,0.564874,13.641765,15.634364
25,1,32,100,1,1,1,1,10,0.062476500000000004,0.134479,12.6333305,13.36548,0.4856625,0.573626,13.2591785,13.919037
25,1,32,100,1,1,1,2,10,0.117363,0.804998,18.345716000000003,42.66043,0.616986,2.820393,18.7963905,45.591166
26,1,32,100,2,1,1,0,10,0.07452500000000001,0.098525,16.8683605,23.963581,0.4834885,0.800692,17.532765,24.101525
26,1,32,100,2,1,1,1,10,0.07982800000000001,0.114099,17.8915805,21.30333,0.4910745,0.587346,18.2776,21.890286
26,1,32,100,2,1,1,2,10,0.128855,0.181458,34.821641,59.482267,0.6553869999999999,5.406259,36.4699145,65.010756
27,1,32,100,0,1,0,0,10,0.0246365,0.038107,0.584122,0.640725,0.495306,0.591443,1.1080005,1.183567
27,1,32,100,0,1,0,1,10,0.025367,0.05405,0.674801,1.711991,0.5768515000000001,1.442059,1.278627,2.386497
27,1,32,100,0,1,0,2,10,0.034491,0.067159,1.202429,2.752943,0.68422,2.606421,2.122518,3.787764
