frame,time,eye_x,eye_y,eye_z,target_x,target_y,target_z
0,0.00,8.2,6.8,10.5,0,1.55,0.3
1,0.25,7.1749997,6.2250004,9.5625,0,1.55,0.3
2,0.50,6.1499996,5.65,8.625,0,1.55,0.3
3,0.75,5.125,5.075,7.6875,0,1.55,0.3
4,1.00,4.1,4.5,6.75,0,1.55,0.3
5,1.25,3.0749998,3.925,5.8125,0,1.55,0.3
6,1.50,2.0500002,3.35,4.875,0,1.55,0.3
7,1.75,1.0250001,2.7749996,3.9375,0,1.55,0.3
8,2.00,0,2.1999998,3,0,1.55,0.3
9,2.25,-1.125,2.4,3.125,0,1.55,0.3
10,2.50,-2.25,2.6,3.25,0,1.55,0.3
11,2.75,-3.375,2.8,3.375,0,1.55,0.3
12,3.00,-4.5,3,3.5,0,1.55,0.3
13,3.25,-5.625,3.2,3.625,0,1.55,0.3
14,3.50,-6.75,3.4,3.75,0,1.55,0.3
15,3.75,-7.875,3.6,3.875,0,1.55,0.3
16,4.00,-9,3.8,4,0,1.55,0.3
17,4.25,-7.875,3.51875,4.7875,0,1.55,0.3
18,4.50,-6.75,3.2375,5.575,0,1.55,0.3
19,4.75,-5.625,2.95625,6.3625,0,1.55,0.3
20,5.00,-4.5,2.675,7.15,0,1.55,0.3
21,5.25,-3.375,2.39375,7.9375,0,1.55,0.3
22,5.50,-2.25,2.1125,8.725,0,1.55,0.3
23,5.75,-1.125,1.83125,9.512501,0,1.55,0.3
24,6.00,0,1.55,10.3,0,1.55,0.3
25,6.25,0,1.55,11.3,0,1.55,0.3
26,6.50,0,1.55,12.3,0,1.55,0.3
27,6.75,0,1.55,13.3,0,1.55,0.3
28,7.00,0,1.55,14.3,0,1.55,0.3
29,7.25,0,1.55,15.299999,0,1.55,0.3
30,7.50,0,1.55,16.3,0,1.55,0.3
31,7.75,0,1.55,17.3,0,1.55,0.3
32,8.00,0,1.55,18.3,0,1.55,0.3
33,8.25,0,1.55,19.3,0,1.55,0.3
34,8.50,0,1.55,20.3,0,1.55,0.3
35,8.75,0,1.55,21.3,0,1.55,0.3
36,9.00,0,1.55,22.3,0,1.55,0.3
37,9.25,0,1.55,23.3,0,1.55,0.3
38,9.50,0,1.55,24.3,0,1.55,0.3
39,9.75,0,1.55,25.3,0,1.55,0.3
40,10.00,0,1.55,26.3,0,1.55,0.3
41,10.25,0,1.55,25.3,0,1.55,0.3
42,10.50,0,1.55,24.3,0,1.55,0.3
43,10.75,0,1.55,23.3,0,1.55,0.3
44,11.00,0,1.55,22.3,0,1.55,0.3
45,11.25,0,1.55,21.3,0,1.55,0.3
46,11.50,0,1.55,20.3,0,1.55,0.3
47,11.75,0,1.55,19.3,0,1.55,0.3
48,12.00,0,1.55,18.3,0,1.55,0.3
49,12.25,0,1.55,17.3,0,1.55,0.3
50,12.50,0,1.55,16.3,0,1.55,0.3
51,12.75,0,1.55,15.3,0,1.55,0.3
52,13.00,0,1.55,14.3,0,1.55,0.3
53,13.25,0,1.55,13.3,0,1.55,0.3
54,13.50,0,1.55,12.3,0,1.55,0.3
55,13.75,0,1.55,11.3,0,1.55,0.3
56,14.00,0,1.55,10.3,0,1.55,0.3
57,14.25,0,1.55,10.545,0,1.55,0.3
58,14.50,0,1.55,10.79,0,1.55,0.3
59,14.75,0,1.55,11.035,0,1.55,0.3
60,15.00,0,1.55,11.280001,0,1.55,0.3
61,15.25,0,1.55,11.525001,0,1.55,0.3
62,15.50,0,1.55,11.77,0,1.55,0.3
63,15.75,0,1.55,12.015,0,1.55,0.3
64,16.00,0,1.55,12.26,0,1.55,0.3
65,16.25,0,1.55,12.3,0,1.55,0.3
66,16.50,0,1.55,12.34,0,1.55,0.3
67,16.75,0,1.55,12.3,0,1.55,0.3
68,17.00,0,1.55,12.26,0,1.55,0.3
69,17.25,0,1.55,12.3,0,1.55,0.3
70,17.50,0,1.55,12.34,0,1.55,0.3
71,17.75,0,1.55,12.3,0,1.55,0.3
72,18.00,0,1.55,12.26,0,1.55,0.3
73,18.25,0,1.55,12.3,0,1.55,0.3
74,18.50,0,1.55,12.34,0,1.55,0.3
75,18.75,0,1.55,12.3,0,1.55,0.3
76,19.00,0,1.55,12.26,0,1.55,0.3
77,19.25,0,1.55,12.3,0,1.55,0.3
78,19.50,0,1.55,12.34,0,1.55,0.3
79,19.75,0,1.55,12.3,0,1.55,0.3
80,20.00,0,1.55,12.26,0,1.55,0.3
