time,mode,repeat,sample,tested,visible,draws,triangles,lod0,lod1,lod2,cpu_frustum_ms,cpu_lod_selection_ms,cpu_encode_ms,cpu_submit_ms,native_queue_wait_ms,native_queue_completion_wall_ms,native_frame_interval_ms,gpu_ms
0.00,0,0,0,0,51,51,75550,51,0,0,0.000090,0.001813,0.047550,2.804610,0.663649,3.518743,,
0.00,0,0,1,0,51,51,75550,51,0,0,0.000080,0.001232,0.048040,2.977285,0.601177,3.629016,3.519174,
0.00,0,0,2,0,51,51,75550,51,0,0,0.000100,0.001332,0.052507,2.952758,0.558594,3.566203,3.629346,
0.00,0,0,3,0,51,51,75550,51,0,0,0.000100,0.001573,0.052658,2.815315,0.448722,3.319139,3.566453,
0.00,0,0,4,0,51,51,75550,51,0,0,0.000090,0.001192,0.048182,3.024563,0.501601,3.576419,3.319369,
0.00,0,0,5,0,51,51,75550,51,0,0,0.000100,0.001192,0.045447,3.236517,0.536362,3.820439,3.576639,
0.00,0,0,6,0,51,51,75550,51,0,0,0.000280,0.001212,0.047500,2.977104,0.539907,3.567165,3.820879,
0.00,0,0,7,0,51,51,75550,51,0,0,0.000210,0.001773,0.054981,2.898247,0.590232,3.546575,3.567775,
0.00,0,0,8,0,51,51,75550,51,0,0,0.000090,0.001733,0.046889,2.980129,0.491725,3.521537,3.546825,
0.00,0,0,9,0,51,51,75550,51,0,0,0.000101,0.001402,0.048041,2.936484,0.715246,3.702094,3.521808,
0.00,1,0,0,51,22,22,22190,22,0,0,0.001182,0.001041,0.043113,2.564441,0.542885,3.153654,,
0.00,1,0,1,51,22,22,22190,22,0,0,0.001151,0.001112,0.042493,2.511626,0.566617,3.123860,3.153875,
0.00,1,0,2,51,22,22,22190,22,0,0,0.001162,0.001362,0.044987,2.857347,0.549381,3.455881,3.124190,
0.00,1,0,3,51,22,22,22190,22,0,0,0.000991,0.001322,0.043014,2.523704,0.500880,3.070582,3.456101,
0.00,1,0,4,51,22,22,22190,22,0,0,0.001042,0.001141,0.042904,2.205194,0.565385,2.816477,3.070822,
0.00,1,0,5,51,22,22,22190,22,0,0,0.001162,0.001192,0.045607,2.268799,0.544774,2.862345,2.816727,
0.00,1,0,6,51,22,22,22190,22,0,0,0.001131,0.000992,0.042944,2.143212,0.481781,2.671552,2.862545,
0.00,1,0,7,51,22,22,22190,22,0,0,0.001041,0.001342,0.042522,2.607238,0.670740,3.323645,2.671893,
0.00,1,0,8,51,22,22,22190,22,0,0,0.001472,0.001222,0.052748,2.308372,0.759791,3.124697,3.323875,
0.00,1,0,9,51,22,22,22190,22,0,0,0.001072,0.001202,0.043955,2.231308,0.636469,2.914667,3.124927,
0.00,2,0,0,0,51,51,27050,20,16,15,0.000201,0.002223,0.045027,1.588594,0.491365,2.128251,,
0.00,2,0,1,0,51,51,27050,20,16,15,0.000090,0.001582,0.042964,1.794654,0.499296,2.339347,2.128472,
0.00,2,0,2,0,51,51,27050,20,16,15,0.000100,0.001622,0.054751,1.459043,0.724815,2.241002,2.339568,
0.00,2,0,3,0,51,51,27050,20,16,15,0.000090,0.001823,0.045157,1.672609,0.585464,2.305853,2.241213,
0.00,2,0,4,0,51,51,27050,20,16,15,0.000090,0.001712,0.046608,1.661598,0.635508,2.346198,2.306063,
0.00,2,0,5,0,51,51,27050,20,16,15,0.000100,0.001793,0.049853,1.948245,0.202449,2.203181,2.346438,
0.00,2,0,6,0,51,51,27050,20,16,15,0.000090,0.001302,0.044776,1.957449,0.550893,2.555472,2.203381,
0.00,2,0,7,0,51,51,27050,20,16,15,0.000080,0.001412,0.095000,1.713358,0.494891,2.305493,2.555682,
0.00,2,0,8,0,51,51,27050,20,16,15,0.000101,0.001662,0.044045,1.619380,0.603601,2.269549,2.305944,
0.00,2,0,9,0,51,51,27050,20,16,15,0.000090,0.001632,0.045668,1.576737,0.713228,2.338096,2.269970,
0.00,3,0,0,51,22,22,2330,10,3,9,0.001101,0.001242,0.039679,1.658297,0.523853,2.225975,,
0.00,3,0,1,51,22,22,2330,10,3,9,0.000912,0.000991,0.038477,1.295933,0.518615,1.855508,2.226186,
0.00,3,0,2,51,22,22,2330,10,3,9,0.000892,0.001071,0.041241,1.210031,0.608503,1.862378,1.855739,
0.00,3,0,3,51,22,22,2330,10,3,9,0.001402,0.001302,0.041712,1.318791,0.745050,2.108998,1.862879,
0.00,3,0,4,51,22,22,2330,10,3,9,0.001091,0.001212,0.043184,1.250305,0.624312,1.920775,2.109208,
0.00,3,0,5,51,22,22,2330,10,3,9,0.000931,0.001412,0.067549,1.264697,0.622318,1.957739,1.921045,
0.00,3,0,6,51,22,22,2330,10,3,9,0.000931,0.001092,0.039538,1.219650,0.490754,1.752836,1.957970,
0.00,3,0,7,51,22,22,2330,10,3,9,0.000911,0.001122,0.038707,1.376862,0.595469,2.013732,1.753157,
0.00,3,0,8,51,22,22,2330,10,3,9,0.000971,0.001242,0.038727,1.161765,0.460099,1.663435,2.013942,
0.00,3,0,9,51,22,22,2330,10,3,9,0.000882,0.001071,0.040800,1.474135,0.476604,1.994394,1.663655,
0.00,1,1,0,51,22,22,22190,22,0,0,0.001021,0.001022,0.043184,3.154385,0.599916,3.800780,,
0.00,1,1,1,51,22,22,22190,22,0,0,0.001212,0.000982,0.050765,2.543504,0.503122,3.100646,3.801020,
0.00,1,1,2,51,22,22,22190,22,0,0,0.001182,0.001302,0.045578,2.281346,0.592319,2.922417,3.100857,
0.00,1,1,3,51,22,22,22190,22,0,0,0.001121,0.001172,0.043414,2.169602,0.553963,2.769993,2.922638,
0.00,1,1,4,51,22,22,22190,22,0,0,0.001472,0.001372,0.043554,2.119468,0.539126,2.706004,2.770223,
0.00,1,1,5,51,22,22,22190,22,0,0,0.001112,0.001101,0.041331,2.439720,0.508341,2.992337,2.706354,
0.00,1,1,6,51,22,22,22190,22,0,0,0.001072,0.000981,0.040800,2.472164,0.434451,2.950880,2.993168,
0.00,1,1,7,51,22,22,22190,22,0,0,0.001342,0.000991,0.046830,2.054812,0.485036,2.590493,2.951101,
0.00,1,1,8,51,22,22,22190,22,0,0,0.001021,0.001272,0.044615,2.138076,0.641702,2.827939,2.590723,
0.00,1,1,9,51,22,22,22190,22,0,0,0.000931,0.000891,0.048021,2.191655,0.517714,2.759813,2.828149,
0.00,2,1,0,0,51,51,27050,20,16,15,0.000080,0.001823,0.047420,1.757929,0.525726,2.334010,,
0.00,2,1,1,0,51,51,27050,20,16,15,0.000100,0.002143,0.047480,1.480385,0.452918,1.983948,2.334460,
0.00,2,1,2,0,51,51,27050,20,16,15,0.000100,0.001702,0.048681,1.733148,0.527429,2.312633,1.984189,
0.00,2,1,3,0,51,51,27050,20,16,15,0.000221,0.002263,0.044416,1.409540,0.521300,1.978721,2.312913,
0.00,2,1,4,0,51,51,27050,20,16,15,0.000090,0.001642,0.044285,1.375585,0.441352,1.863746,1.978971,
0.00,2,1,5,0,51,51,27050,20,16,15,0.000100,0.001672,0.060689,1.613211,0.510604,2.187098,1.863936,
0.00,2,1,6,0,51,51,27050,20,16,15,0.000090,0.001612,0.040480,1.489669,0.529321,2.062354,2.187328,
0.00,2,1,7,0,51,51,27050,20,16,15,0.000101,0.001632,0.056303,1.838293,0.082622,1.980263,2.062584,
0.00,2,1,8,0,51,51,27050,20,16,15,0.000090,0.001623,0.047971,1.405093,0.481591,1.937339,1.980483,
0.00,2,1,9,0,51,51,27050,20,16,15,0.000100,0.001993,0.041901,1.412495,0.500509,1.957720,1.937559,
0.00,3,1,0,51,22,22,2330,10,3,9,0.000842,0.000971,0.037425,1.495658,0.073849,1.609556,,
0.00,3,1,1,51,22,22,2330,10,3,9,0.000791,0.001342,0.039559,1.529617,0.486548,2.058518,1.609806,
0.00,3,1,2,51,22,22,2330,10,3,9,0.000992,0.001071,0.039218,1.068036,0.472127,1.582495,2.058709,
0.00,3,1,3,51,22,22,2330,10,3,9,0.000921,0.001322,0.040150,1.112421,0.502832,1.658647,1.582726,
0.00,3,1,4,51,22,22,2330,10,3,9,0.000872,0.001282,0.036474,1.061867,0.480208,1.581373,1.658848,
0.00,3,1,5,51,22,22,2330,10,3,9,0.000812,0.009263,0.038978,1.070350,0.462592,1.582655,1.581624,
0.00,3,1,6,51,22,22,2330,10,3,9,0.000852,0.001131,0.039309,1.100464,0.552485,1.694881,1.582856,
0.00,3,1,7,51,22,22,2330,10,3,9,0.000651,0.000881,0.050074,1.121906,0.499227,1.673260,1.695081,
0.00,3,1,8,51,22,22,2330,10,3,9,0.000952,0.000941,0.037155,1.143327,0.640666,1.823702,1.673550,
0.00,3,1,9,51,22,22,2330,10,3,9,0.000911,0.000962,0.047720,1.125351,0.463835,1.639420,1.823922,
0.00,0,1,0,0,51,51,75550,51,0,0,0.000311,0.001362,0.072086,2.834344,0.670980,3.580024,,
0.00,0,1,1,0,51,51,75550,51,0,0,0.000100,0.001202,0.049783,3.109770,0.658711,3.820357,3.580345,
0.00,0,1,2,0,51,51,75550,51,0,0,0.000090,0.001733,0.060269,2.932658,0.447210,3.444443,3.820718,
0.00,0,1,3,0,51,51,75550,51,0,0,0.000100,0.001873,0.048341,2.810528,0.511535,3.373739,3.444884,
0.00,0,1,4,0,51,51,75550,51,0,0,0.000100,0.001613,0.047270,3.231038,0.453530,3.734221,3.373990,
0.00,0,1,5,0,51,51,75550,51,0,0,0.000100,0.001272,0.047410,3.980535,0.547087,4.577025,3.734471,
0.00,0,1,6,0,51,51,75550,51,0,0,0.000090,0.001392,0.049573,3.310025,0.503974,3.866156,4.577295,
0.00,0,1,7,0,51,51,75550,51,0,0,0.000090,0.001503,0.046449,3.282975,0.517413,3.849381,3.866927,
0.00,0,1,8,0,51,51,75550,51,0,0,0.000100,0.001092,0.047840,3.297127,0.508911,3.855861,3.849712,
0.00,0,1,9,0,51,51,75550,51,0,0,0.000090,0.001612,0.047420,3.391805,0.888461,4.330120,3.856261,
0.00,2,2,0,0,51,51,27050,20,16,15,0.000081,0.001332,0.033399,1.557849,0.599104,2.192335,,
0.00,2,2,1,0,51,51,27050,20,16,15,0.000100,0.001262,0.041992,1.469108,0.512086,2.025088,2.192516,
0.00,2,2,2,0,51,51,27050,20,16,15,0.000080,0.001242,0.033810,2.247106,0.477224,2.759883,2.025258,
0.00,2,2,3,0,51,51,27050,20,16,15,0.000080,0.001422,0.043965,1.454156,0.543663,2.044107,2.760124,
0.00,2,2,4,0,51,51,27050,20,16,15,0.000090,0.001823,0.044786,1.603576,0.520719,2.172166,2.044337,
0.00,2,2,5,0,51,51,27050,20,16,15,0.000121,0.001882,0.059638,1.490730,0.502842,2.056205,2.172406,
0.00,2,2,6,0,51,51,27050,20,16,15,0.000090,0.001693,0.041301,1.715091,0.714475,2.473351,2.056435,
0.00,2,2,7,0,51,51,27050,20,16,15,0.000090,0.001783,0.047971,1.592891,0.562980,2.206516,2.473591,
0.00,2,2,8,0,51,51,27050,20,16,15,0.000120,0.001913,0.053850,1.525040,0.485347,2.067001,2.223361,
0.00,2,2,9,0,51,51,27050,20,16,15,0.000110,0.001292,0.042613,1.555876,0.449544,2.050226,2.067211,
0.00,3,2,0,51,22,22,2330,10,3,9,0.000882,0.001071,0.039859,1.322642,0.482012,1.847096,,
0.00,3,2,1,51,22,22,2330,10,3,9,0.000911,0.001022,0.038196,1.179361,0.491125,1.711396,1.847316,
0.00,3,2,2,51,22,22,2330,10,3,9,0.000881,0.000962,0.047019,1.221142,0.432398,1.702993,1.711636,
0.00,3,2,3,51,22,22,2330,10,3,9,0.001141,0.001032,0.047140,1.298115,0.437536,1.785665,1.703444,
0.00,3,2,4,51,22,22,2330,10,3,9,0.000841,0.000901,0.045777,1.193572,0.431356,1.673329,1.786036,
0.00,3,2,5,51,22,22,2330,10,3,9,0.000981,0.000982,0.048882,1.649314,0.528771,2.229891,1.673540,
0.00,3,2,6,51,22,22,2330,10,3,9,0.000861,0.000992,0.040129,1.245148,0.466478,1.754339,2.230121,
0.00,3,2,7,51,22,22,2330,10,3,9,0.000881,0.001011,0.040499,1.215635,0.444305,1.703153,1.754690,
0.00,3,2,8,51,22,22,2330,10,3,9,0.000841,0.001031,0.039308,1.499704,0.484134,2.025779,1.703364,
0.00,3,2,9,51,22,22,2330,10,3,9,0.000841,0.000921,0.122231,1.200141,0.484635,1.809520,2.025990,
0.00,0,2,0,0,51,51,75550,51,0,0,0.000100,0.001663,0.067910,3.119113,0.546687,3.736514,,
0.00,0,2,1,0,51,51,75550,51,0,0,0.000091,0.001692,0.038938,3.086475,0.594893,3.722869,3.736855,
0.00,0,2,2,0,51,51,75550,51,0,0,0.000110,0.001683,0.062392,3.694152,0.002404,3.761992,3.723090,
0.00,0,2,3,0,51,51,75550,51,0,0,0.000571,0.001312,0.059058,3.365907,0.838067,4.266487,3.762292,
0.00,0,2,4,0,51,51,75550,51,0,0,0.000090,0.001843,0.048752,3.367099,0.558564,3.977369,4.267058,
0.00,0,2,5,0,51,51,75550,51,0,0,0.000091,0.001572,0.062002,2.953368,0.508751,3.526615,3.977569,
0.00,0,2,6,0,51,51,75550,51,0,0,0.000261,0.001302,0.065167,3.351997,0.480319,3.900297,3.527236,
0.00,0,2,7,0,51,51,75550,51,0,0,0.000090,0.001302,0.052157,2.944571,0.607276,3.606648,3.900647,
0.00,0,2,8,0,51,51,75550,51,0,0,0.000120,0.001542,0.052928,3.030307,0.412739,3.498979,3.607018,
0.00,0,2,9,0,51,51,75550,51,0,0,0.000080,0.002394,0.124513,6.195444,0.437696,6.762541,3.499810,
0.00,1,2,0,51,22,22,22190,22,0,0,0.001011,0.000942,0.046679,3.603458,0.618122,4.270963,,
0.00,1,2,1,51,22,22,22190,22,0,0,0.001262,0.000982,0.050885,2.904166,0.437997,3.396123,4.271293,
0.00,1,2,2,51,22,22,22190,22,0,0,0.001322,0.001242,0.061350,2.616061,0.537153,3.218280,3.396473,
0.00,1,2,3,51,22,22,22190,22,0,0,0.001322,0.001512,0.047531,2.729438,0.495211,3.275665,3.218510,
0.00,1,2,4,51,22,22,22190,22,0,0,0.001112,0.000901,0.047150,2.713169,0.560477,3.323600,3.275865,
0.00,1,2,5,51,22,22,22190,22,0,0,0.001392,0.001382,0.045527,2.661939,0.511304,3.222656,3.323850,
0.00,1,2,6,51,22,22,22190,22,0,0,0.001171,0.020030,0.047581,2.735547,0.490404,3.295714,3.223618,
0.00,1,2,7,51,22,22,22190,22,0,0,0.001031,0.001012,0.044206,2.826501,0.467490,3.341051,3.295964,
0.00,1,2,8,51,22,22,22190,22,0,0,0.000971,0.001392,0.042814,2.932608,0.521339,3.499895,3.341482,
0.00,1,2,9,51,22,22,22190,22,0,0,0.001182,0.001352,0.045888,2.698262,0.476513,3.224478,3.500136,
2.00,0,0,0,0,51,51,75550,51,0,0,0.000110,0.002214,0.052107,3.137340,0.502832,3.695924,,
2.00,0,0,1,0,51,51,75550,51,0,0,0.000111,0.001542,0.047831,3.293521,0.492747,3.836743,3.696415,
2.00,0,0,2,0,51,51,75550,51,0,0,0.000090,0.001232,0.176621,3.010884,0.479187,3.668915,3.836983,
2.00,0,0,3,0,51,51,75550,51,0,0,0.000100,0.001522,0.046989,3.486586,0.651601,4.187790,3.669135,
2.00,0,0,4,0,51,51,75550,51,0,0,0.000100,0.001472,0.066999,3.394149,0.529291,3.993083,4.188031,
2.00,0,0,5,0,51,51,75550,51,0,0,0.000110,0.001282,0.067560,3.219987,0.510033,3.800104,3.993333,
2.00,0,0,6,0,51,51,75550,51,0,0,0.000100,0.001372,0.051986,3.221355,0.484104,3.759669,3.800354,
2.00,0,0,7,0,51,51,75550,51,0,0,0.000100,0.001402,0.051426,3.426316,0.667365,4.147671,3.759919,
2.00,0,0,8,0,51,51,75550,51,0,0,0.000101,0.001542,0.050886,3.287632,0.607516,3.949138,4.147982,
2.00,0,0,9,0,51,51,75550,51,0,0,0.000100,0.001202,0.050916,3.056210,0.585539,3.695188,3.949369,
2.00,1,0,0,51,13,13,12942,13,0,0,0.000841,0.000761,0.041512,2.225845,0.467610,2.737450,,
2.00,1,0,1,51,13,13,12942,13,0,0,0.000961,0.000751,0.080990,2.466700,0.465608,3.015982,2.737770,
2.00,1,0,2,51,13,13,12942,13,0,0,0.000912,0.000991,0.058626,2.001213,0.447481,2.510105,3.016582,
2.00,1,0,3,51,13,13,12942,13,0,0,0.000861,0.000722,0.041922,2.183011,0.547068,2.774415,2.510315,
2.00,1,0,4,51,13,13,12942,13,0,0,0.001032,0.000901,0.042613,2.432551,0.841671,3.319579,2.774825,
2.00,1,0,5,51,13,13,12942,13,0,0,0.000891,0.000641,0.046910,2.885188,0.452658,3.387219,3.319790,
2.00,1,0,6,51,13,13,12942,13,0,0,0.000891,0.000791,0.066468,2.398310,0.567427,3.035460,3.387439,
2.00,1,0,7,51,13,13,12942,13,0,0,0.001162,0.001032,0.060449,2.415560,0.493869,2.972883,3.035670,
2.00,1,0,8,51,13,13,12942,13,0,0,0.001152,0.000901,0.063504,2.261672,0.476283,2.804233,2.973344,
2.00,1,0,9,51,13,13,12942,13,0,0,0.001782,0.001122,0.103212,3.916120,0.588779,4.613970,2.805244,
2.00,2,0,0,0,51,51,29350,18,33,0,0.000070,0.002083,0.050114,2.437407,0.541359,3.031895,,
2.00,2,0,1,0,51,51,29350,18,33,0,0.000080,0.002113,0.124514,2.620557,0.938626,3.687162,3.032326,
2.00,2,0,2,0,51,51,29350,18,33,0,0.000200,0.002203,0.047720,2.369978,0.574608,2.995811,3.687352,
2.00,2,0,3,0,51,51,29350,18,33,0,0.000080,0.001502,0.041371,2.363028,0.458927,2.865749,2.996012,
2.00,2,0,4,0,51,51,29350,18,33,0,0.000080,0.001963,0.038957,2.417348,0.513848,2.972707,2.865939,
2.00,2,0,5,0,51,51,29350,18,33,0,0.000201,0.001712,0.040580,2.477987,0.487074,3.008215,2.972897,
2.00,2,0,6,0,51,51,29350,18,33,0,0.000080,0.001802,0.044516,2.401264,0.498595,2.947219,3.008556,
2.00,2,0,7,0,51,51,29350,18,33,0,0.000090,0.001693,0.038427,2.477276,0.442863,2.961370,2.947530,
2.00,2,0,8,0,51,51,29350,18,33,0,0.000090,0.001812,0.041701,2.356658,0.501290,2.902523,2.961551,
2.00,2,0,9,0,51,51,29350,18,33,0,0.000090,0.001562,0.038597,2.300045,0.484395,2.825641,2.902703,
2.00,3,0,0,51,13,13,4542,7,6,0,0.000521,0.000681,0.038557,1.991819,0.466219,2.498718,,
2.00,3,0,1,51,13,13,4542,7,6,0,0.000471,0.000881,0.036324,2.020382,0.481390,2.540339,2.499539,
2.00,3,0,2,51,13,13,4542,7,6,0,0.000451,0.000851,0.034541,2.201669,0.530273,2.768166,2.540609,
2.00,3,0,3,51,13,13,4542,7,6,0,0.000601,0.001051,0.037966,1.965841,0.528610,2.534841,2.768366,
2.00,3,0,4,51,13,13,4542,7,6,0,0.000481,0.000661,0.032949,2.510715,0.488441,3.033727,2.535032,
2.00,3,0,5,51,13,13,4542,7,6,0,0.000601,0.000691,0.037275,2.049725,0.447130,2.536253,3.036341,
2.00,3,0,6,51,13,13,4542,7,6,0,0.000531,0.000621,0.051215,1.974093,0.550984,2.578045,2.536443,
2.00,3,0,7,51,13,13,4542,7,6,0,0.000460,0.000691,0.037535,1.988254,0.512697,2.540349,2.578215,
2.00,3,0,8,51,13,13,4542,7,6,0,0.000461,0.000831,0.032198,1.976296,0.432969,2.443125,2.540620,
2.00,3,0,9,51,13,13,4542,7,6,0,0.000451,0.000771,0.033139,1.981454,0.448512,2.464727,2.443306,
2.00,1,1,0,51,13,13,12942,13,0,0,0.000561,0.000541,0.034120,3.262575,0.488832,3.786989,,
2.00,1,1,1,51,13,13,12942,13,0,0,0.000771,0.000902,0.037545,3.689636,0.907779,4.637704,3.787169,
2.00,1,1,2,51,13,13,12942,13,0,0,0.001402,0.001312,0.077774,3.333090,0.845608,4.261119,4.638175,
2.00,1,1,3,51,13,13,12942,13,0,0,0.001522,0.000941,0.055692,3.298038,0.494860,3.852386,4.261469,
2.00,1,1,4,51,13,13,12942,13,0,0,0.001302,0.000711,0.070504,3.870303,0.557092,4.500693,3.852646,
2.00,1,1,5,51,13,13,12942,13,0,0,0.001142,0.000721,0.056724,3.360009,0.545284,3.965462,4.501053,
2.00,1,1,6,51,13,13,12942,13,0,0,0.001071,0.000982,0.052548,3.351777,0.549150,3.957210,3.965803,
2.00,1,1,7,51,13,13,12942,13,0,0,0.001031,0.000681,0.042463,3.114497,0.542060,3.701624,3.957450,
2.00,1,1,8,51,13,13,12942,13,0,0,0.000722,0.000590,0.034901,3.113565,1.094155,4.244384,3.701804,
2.00,1,1,9,51,13,13,12942,13,0,0,0.000861,0.000731,0.039539,3.153363,0.549822,3.744847,4.244554,
2.00,2,1,0,0,51,51,29350,18,33,0,0.000100,0.003915,0.136611,2.170824,0.523974,2.839912,,
2.00,2,1,1,0,51,51,29350,18,33,0,0.000090,0.002444,0.057064,2.098397,0.453880,2.613407,2.840142,
2.00,2,1,2,0,51,51,29350,18,33,0,0.000110,0.001953,0.049563,2.200307,0.508911,2.761716,2.613667,
2.00,2,1,3,0,51,51,29350,18,33,0,0.000091,0.002353,0.047159,2.115823,0.471216,2.637643,2.761937,
2.00,2,1,4,0,51,51,29350,18,33,0,0.000100,0.002053,0.046428,2.111586,0.528360,2.689429,2.638093,
2.00,2,1,5,0,51,51,29350,18,33,0,0.000110,0.002164,0.054791,2.023145,0.440611,2.521582,2.689649,
2.00,2,1,6,0,51,51,29350,18,33,0,0.000101,0.002463,0.045407,2.414413,0.581198,3.044704,2.521822,
2.00,2,1,7,0,51,51,29350,18,33,0,0.000080,0.001552,0.038276,2.170874,0.655488,2.867132,3.044874,
2.00,2,1,8,0,51,51,29350,18,33,0,0.000080,0.001342,0.037656,2.184484,0.532766,2.757189,2.867332,
2.00,2,1,9,0,51,51,29350,18,33,0,0.000080,0.001523,0.034491,2.294085,0.683820,3.014660,2.757369,
2.00,3,1,0,51,13,13,4542,7,6,0,0.001463,0.000811,0.063553,2.223562,0.481330,2.772311,,
2.00,3,1,1,51,13,13,4542,7,6,0,0.001101,0.001012,0.065907,2.158636,0.557112,2.784499,2.772552,
2.00,3,1,2,51,13,13,4542,7,6,0,0.000842,0.000781,0.044135,2.076495,0.512426,2.635419,2.784700,
2.00,3,1,3,51,13,13,4542,7,6,0,0.000901,0.000972,0.044105,2.183583,0.494810,2.724952,2.635909,
2.00,3,1,4,51,13,13,4542,7,6,0,0.000792,0.000821,0.044896,2.182341,0.513698,2.743339,2.725172,
2.00,3,1,5,51,13,13,4542,7,6,0,0.000801,0.000951,0.042903,2.165246,0.514670,2.725793,2.743560,
2.00,3,1,6,51,13,13,4542,7,6,0,0.000901,0.000991,0.045487,2.187969,0.525756,2.762237,2.726163,
2.00,3,1,7,51,13,13,4542,7,6,0,0.000942,0.000891,0.044616,2.743739,0.526437,3.317396,2.762547,
2.00,3,1,8,51,13,13,4542,7,6,0,0.000822,0.000851,0.043564,3.184029,0.477735,3.707882,3.317606,
2.00,3,1,9,51,13,13,4542,7,6,0,0.001092,0.001001,0.043174,2.477326,0.513729,3.037373,3.708093,
2.00,0,1,0,0,51,51,75550,51,0,0,0.000090,0.001762,0.059568,3.956569,0.722526,4.741468,,
2.00,0,1,1,0,51,51,75550,51,0,0,0.000121,0.001772,0.083734,4.498710,0.725110,5.310117,4.741829,
2.00,0,1,2,0,51,51,75550,51,0,0,0.000110,0.002624,0.067139,5.763586,0.636159,6.471551,5.310467,
2.00,0,1,3,0,51,51,75550,51,0,0,0.000100,0.001853,0.066217,3.481899,0.616009,4.168262,6.471921,
2.00,0,1,4,0,51,51,75550,51,0,0,0.000090,0.001492,0.063744,4.959175,0.529741,5.555163,4.168493,
2.00,0,1,5,0,51,51,75550,51,0,0,0.000090,0.002033,0.078626,5.211551,1.311085,6.605128,5.555764,
2.00,0,1,6,0,51,51,75550,51,0,0,0.000080,0.001592,0.055412,3.922369,0.497114,4.478209,6.605459,
2.00,0,1,7,0,51,51,75550,51,0,0,0.000070,0.000971,0.039449,4.516295,0.662548,5.219914,4.478379,
2.00,0,1,8,0,51,51,75550,51,0,0,0.000090,0.001693,0.076994,4.828866,0.557153,5.466458,5.220214,
2.00,0,1,9,0,51,51,75550,51,0,0,0.000090,0.001512,0.051676,4.247379,0.510493,4.812332,5.466668,
2.00,2,2,0,0,51,51,29350,18,33,0,0.000080,0.001602,0.038367,2.308607,0.463584,2.813072,,
2.00,2,2,1,0,51,51,29350,18,33,0,0.000090,0.001452,0.035703,2.364740,0.491716,2.894171,2.813333,
2.00,2,2,2,0,51,51,29350,18,33,0,0.000080,0.001502,0.035633,2.385801,0.960778,3.384295,2.894341,
2.00,2,2,3,0,51,51,29350,18,33,0,0.000090,0.001602,0.038267,3.168956,0.688567,3.898013,3.384495,
2.00,2,2,4,0,51,51,29350,18,33,0,0.000080,0.001703,0.046568,2.692995,0.558995,3.302134,3.898413,
2.00,2,2,5,0,51,51,29350,18,33,0,0.000080,0.001572,0.039558,2.374485,0.596240,3.012567,3.302424,
2.00,2,2,6,0,51,51,29350,18,33,0,0.000070,0.001462,0.050064,2.465599,0.461391,2.979097,3.012727,
2.00,2,2,7,0,51,51,29350,18,33,0,0.000080,0.001362,0.035663,2.735087,0.492586,3.265138,2.979247,
2.00,2,2,8,0,51,51,29350,18,33,0,0.000080,0.001142,0.036193,2.409807,0.460339,2.908402,3.265519,
2.00,2,2,9,0,51,51,29350,18,33,0,0.000080,0.001442,0.048601,2.375757,0.637280,3.064453,2.908572,
2.00,3,2,0,51,13,13,4542,7,6,0,0.000992,0.000651,0.037596,2.917575,0.463104,3.420678,,
2.00,3,2,1,51,13,13,4542,7,6,0,0.001271,0.000882,0.048752,2.111266,1.882298,4.045671,3.421008,
2.00,3,2,2,51,13,13,4542,7,6,0,0.001122,0.000781,0.044586,1.978901,0.535340,2.561420,4.045872,
2.00,3,2,3,51,13,13,4542,7,6,0,0.000701,0.000711,0.034761,1.979421,0.460500,2.476605,2.561590,
2.00,3,2,4,51,13,13,4542,7,6,0,0.000520,0.000631,0.032899,1.997638,0.457165,2.489274,2.476775,
2.00,3,2,5,51,13,13,4542,7,6,0,0.000521,0.000611,0.034701,2.621489,1.195074,3.853137,2.489444,
2.00,3,2,6,51,13,13,4542,7,6,0,0.001011,0.001042,0.055582,2.190493,0.554007,2.804238,3.853598,
2.00,3,2,7,51,13,13,4542,7,6,0,0.000941,0.000882,0.047210,2.221518,0.488832,2.760294,2.804589,
2.00,3,2,8,51,13,13,4542,7,6,0,0.000841,0.000842,0.049483,3.895208,0.632844,4.580119,2.760534,
2.00,3,2,9,51,13,13,4542,7,6,0,0.000762,0.000801,0.047079,2.070937,0.883664,3.004023,4.580360,
2.00,0,2,0,0,51,51,75550,51,0,0,0.000090,0.002083,0.056844,3.047668,0.611753,3.719579,,
2.00,0,2,1,0,51,51,75550,51,0,0,0.000100,0.001722,0.068551,2.972747,0.525546,3.570379,3.719790,
2.00,0,2,2,0,51,51,75550,51,0,0,0.000091,0.001502,0.050354,2.790939,0.605033,3.449030,3.570599,
2.00,0,2,3,0,51,51,75550,51,0,0,0.000090,0.001772,0.046548,3.164826,0.640816,3.854764,3.449631,
2.00,0,2,4,0,51,51,75550,51,0,0,0.000110,0.001442,0.049002,2.945287,0.454801,3.451864,3.855035,
2.00,0,2,5,0,51,51,75550,51,0,0,0.000101,0.002303,0.050345,2.904086,0.633875,3.591871,3.452205,
2.00,0,2,6,0,51,51,75550,51,0,0,0.000100,0.001863,0.050825,5.279141,0.768594,6.101684,3.592112,
2.00,0,2,7,0,51,51,75550,51,0,0,0.000110,0.002083,0.065367,2.905203,1.210356,4.185382,6.102265,
2.00,0,2,8,0,51,51,75550,51,0,0,0.000111,0.001772,0.055281,3.376994,0.011938,3.447258,4.185662,
2.00,0,2,9,0,51,51,75550,51,0,0,0.000090,0.001832,0.050715,2.941000,0.569160,3.563920,3.447468,
2.00,1,2,0,51,13,13,12942,13,0,0,0.001202,0.000821,0.045006,2.161029,0.800276,3.009837,,
2.00,1,2,1,51,13,13,12942,13,0,0,0.001272,0.001001,0.044746,2.250321,0.507740,2.806011,3.010168,
2.00,1,2,2,51,13,13,12942,13,0,0,0.000912,0.000821,0.045868,1.997298,0.466859,2.512709,2.806261,
2.00,1,2,3,51,13,13,12942,13,0,0,0.000851,0.000681,0.041742,2.023015,0.535210,2.602130,2.512929,
2.00,1,2,4,51,13,13,12942,13,0,0,0.001021,0.000742,0.040580,1.960233,0.578028,2.581585,2.602351,
2.00,1,2,5,51,13,13,12942,13,0,0,0.001332,0.000751,0.042233,2.552942,0.678612,3.276661,2.581795,
2.00,1,2,6,51,13,13,12942,13,0,0,0.001382,0.001122,0.047530,2.264477,0.451246,2.766668,3.276911,
2.00,1,2,7,51,13,13,12942,13,0,0,0.001032,0.000881,0.098416,2.168776,0.529121,2.799597,2.767029,
2.00,1,2,8,51,13,13,12942,13,0,0,0.001322,0.000812,0.044736,1.946062,0.498246,2.492179,2.799917,
2.00,1,2,9,51,13,13,12942,13,0,0,0.000841,0.000601,0.055973,1.835348,0.529962,2.423266,2.492499,
4.00,0,0,0,0,51,51,75550,51,0,0,0.000100,0.001222,0.055562,2.584374,0.429885,3.071764,,
4.00,0,0,1,0,51,51,75550,51,0,0,0.000110,0.001442,0.104234,2.477887,0.436825,3.021710,3.072294,
4.00,0,0,2,0,51,51,75550,51,0,0,0.000120,0.001372,0.076513,2.879850,0.651081,3.609997,3.022131,
4.00,0,0,3,0,51,51,75550,51,0,0,0.000090,0.001663,0.053249,2.630232,0.468641,3.155126,3.610408,
4.00,0,0,4,0,51,51,75550,51,0,0,0.000100,0.001212,0.043885,2.619816,0.522021,3.188085,3.155367,
4.00,0,0,5,0,51,51,75550,51,0,0,0.000090,0.001292,0.048361,2.630323,0.474840,3.156218,3.188315,
4.00,0,0,6,0,51,51,75550,51,0,0,0.000100,0.001181,0.046048,2.962812,0.458267,3.469230,3.156429,
4.00,0,0,7,0,51,51,75550,51,0,0,0.000100,0.001652,0.059488,2.646651,0.467299,3.176392,3.469440,
4.00,0,0,8,0,51,51,75550,51,0,0,0.000100,0.001693,0.045858,2.627628,0.493658,3.170078,3.176613,
4.00,0,0,9,0,51,51,75550,51,0,0,0.000110,0.001783,0.048822,2.648890,0.497063,3.198080,3.170318,
4.00,1,0,0,51,20,20,18510,20,0,0,0.001192,0.001211,0.047129,2.013036,0.482733,2.546714,,
4.00,1,0,1,51,20,20,18510,20,0,0,0.000931,0.001242,0.041191,2.024338,0.590161,2.658915,2.547074,
4.00,1,0,2,51,20,20,18510,20,0,0,0.000982,0.001071,0.042372,1.968796,0.518325,2.532708,2.659135,
4.00,1,0,3,51,20,20,18510,20,0,0,0.001312,0.001192,0.044706,1.862830,0.521519,2.432540,2.532948,
4.00,1,0,4,51,20,20,18510,20,0,0,0.001121,0.001172,0.039829,1.893345,0.563681,2.500039,2.432751,
4.00,1,0,5,51,20,20,18510,20,0,0,0.000681,0.000852,0.033009,2.258002,0.471556,2.764690,2.500230,
4.00,1,0,6,51,20,20,18510,20,0,0,0.001182,0.001091,0.041832,1.995314,0.481731,2.522262,2.764910,
4.00,1,0,7,51,20,20,18510,20,0,0,0.001042,0.001142,0.040780,1.904070,0.482713,2.430367,2.522473,
4.00,1,0,8,51,20,20,18510,20,0,0,0.000822,0.000911,0.038807,1.980183,0.499066,2.520550,2.430817,
4.00,1,0,9,51,20,20,18510,20,0,0,0.000811,0.000981,0.039538,2.039490,0.519326,2.600838,2.520861,
4.00,2,0,0,0,51,51,30830,21,22,8,0.000100,0.001893,0.048051,2.663511,0.619164,3.333570,,
4.00,2,0,1,0,51,51,30830,21,22,8,0.000080,0.001873,0.043735,1.815339,0.533707,2.395956,3.334020,
4.00,2,0,2,0,51,51,30830,21,22,8,0.000090,0.001743,0.047300,1.565550,0.494190,2.109583,2.396197,
4.00,2,0,3,0,51,51,30830,21,22,8,0.000100,0.001822,0.052647,1.609606,0.525856,2.190883,2.110174,
4.00,2,0,4,0,51,51,30830,21,22,8,0.000080,0.001522,0.036614,4.570665,0.763117,5.372600,2.191073,
4.00,2,0,5,0,51,51,30830,21,22,8,0.000080,0.011618,0.228017,3.793969,0.526367,4.561562,5.372941,
4.00,2,0,6,0,51,51,30830,21,22,8,0.000120,0.002484,0.076102,1.736793,0.539977,2.358681,4.561922,
4.00,2,0,7,0,51,51,30830,21,22,8,0.000090,0.001993,0.044265,1.796291,0.477414,2.320725,2.358901,
4.00,2,0,8,0,51,51,30830,21,22,8,0.000080,0.001503,0.037085,1.731906,0.947909,2.719063,2.320946,
4.00,2,0,9,0,51,51,30830,21,22,8,0.000100,0.002143,0.046249,2.470015,0.493018,3.012256,2.719283,
4.00,3,0,0,51,20,20,4210,11,4,5,0.000971,0.001152,0.040881,1.156727,0.431196,1.631818,,
4.00,3,0,1,51,20,20,4210,11,4,5,0.000831,0.001012,0.049453,1.924650,0.531645,2.508202,1.632048,
4.00,3,0,2,51,20,20,4210,11,4,5,0.000821,0.001212,0.041862,1.200782,0.907610,2.152978,2.508422,
4.00,3,0,3,51,20,20,4210,11,4,5,0.000951,0.001483,0.040309,1.138591,0.427861,1.609966,2.153208,
4.00,3,0,4,51,20,20,4210,11,4,5,0.000891,0.001192,0.048982,1.211769,0.445347,1.708932,1.610227,
4.00,3,0,5,51,20,20,4210,11,4,5,0.000851,0.001032,0.037375,1.155385,0.448783,1.644207,1.709112,
4.00,3,0,6,51,20,20,4210,11,4,5,0.000992,0.001141,0.040730,1.466679,0.611703,2.122147,1.644537,
4.00,3,0,7,51,20,20,4210,11,4,5,0.000951,0.001262,0.044896,1.527274,0.458827,2.034242,2.122487,
4.00,3,0,8,51,20,20,4210,11,4,5,0.008422,0.001262,0.041481,1.200351,0.548209,1.800927,2.034463,
4.00,3,0,9,51,20,20,4210,11,4,5,0.000861,0.001152,0.051887,1.324524,0.584513,1.963798,1.801138,
4.00,1,1,0,51,20,20,18510,20,0,0,0.000962,0.001242,0.041862,1.837332,0.531193,2.413862,,
4.00,1,1,1,51,20,20,18510,20,0,0,0.000891,0.001011,0.042112,1.842870,0.513868,2.401734,2.414073,
4.00,1,1,2,51,20,20,18510,20,0,0,0.000831,0.001092,0.040310,2.135958,1.010741,3.189883,2.402205,
4.00,1,1,3,51,20,20,18510,20,0,0,0.000991,0.001953,0.049153,2.054903,0.514739,2.622510,3.190184,
4.00,1,1,4,51,20,20,18510,20,0,0,0.000981,0.001252,0.046158,2.407003,0.001953,2.458078,2.622801,
4.00,1,1,5,51,20,20,18510,20,0,0,0.000881,0.000922,0.039619,2.210517,0.502000,2.755070,2.458288,
4.00,1,1,6,51,20,20,18510,20,0,0,0.001082,0.000981,0.042483,2.117384,0.616690,2.779952,2.755381,
4.00,1,1,7,51,20,20,18510,20,0,0,0.000891,0.000911,0.042233,1.936327,0.496784,2.506850,2.780163,
4.00,1,1,8,51,20,20,18510,20,0,0,0.000882,0.001732,0.040400,2.270501,0.878256,3.192742,2.507831,
4.00,1,1,9,51,20,20,18510,20,0,0,0.000882,0.001151,0.042042,2.228058,0.582705,2.855600,3.192962,
4.00,2,1,0,0,51,51,30830,21,22,8,0.000100,0.002023,0.063985,1.633931,0.483133,2.184123,,
4.00,2,1,1,0,51,51,30830,21,22,8,0.000090,0.001662,0.042713,2.311437,1.039564,3.396157,2.184364,
4.00,2,1,2,0,51,51,30830,21,22,8,0.000091,0.002473,0.050424,3.858028,0.524164,4.436112,3.396387,
4.00,2,1,3,0,51,51,30830,21,22,8,0.000100,0.001963,0.073779,3.389618,0.512086,3.978808,4.436322,
4.00,2,1,4,0,51,51,30830,21,22,8,0.000111,0.001942,0.068991,1.675423,0.522922,2.270551,3.979028,
4.00,2,1,5,0,51,51,30830,21,22,8,0.000101,0.001983,0.047360,1.630426,0.455272,2.136103,2.270821,
4.00,2,1,6,0,51,51,30830,21,22,8,0.000090,0.001883,0.048351,2.061743,0.669578,2.782567,2.136333,
4.00,2,1,7,0,51,51,30830,21,22,8,0.000211,0.003925,0.121459,2.347464,0.489863,2.966187,2.783689,
4.00,2,1,8,0,51,51,30830,21,22,8,0.000070,0.001643,0.038497,2.027182,0.479978,2.548231,2.966447,
4.00,2,1,9,0,51,51,30830,21,22,8,0.000090,0.001312,0.034601,2.212996,0.575619,2.825330,2.548391,
4.00,3,1,0,51,20,20,4210,11,4,5,0.000921,0.001001,0.035362,5.724007,0.917334,6.679137,,
4.00,3,1,1,51,20,20,4210,11,4,5,0.001372,0.001442,0.045647,2.124656,0.487609,2.662008,6.679368,
4.00,3,1,2,51,20,20,4210,11,4,5,0.000561,0.000901,0.033169,1.686899,0.453350,2.175521,2.662219,
4.00,3,1,3,51,20,20,4210,11,4,5,0.000560,0.000962,0.032528,1.658828,0.457846,2.151175,2.175881,
4.00,3,1,4,51,20,20,4210,11,4,5,0.000511,0.000921,0.031196,3.789072,0.649438,4.471729,2.151335,
4.00,3,1,5,51,20,20,4210,11,4,5,0.000521,0.001022,0.033649,1.571980,0.502342,2.109924,4.472100,
4.00,3,1,6,51,20,20,4210,11,4,5,0.000570,0.000872,0.032177,1.608995,1.177418,2.820423,2.110074,
4.00,3,1,7,51,20,20,4210,11,4,5,0.000541,0.000811,0.046318,1.923509,0.492817,2.464407,2.820583,
4.00,3,1,8,51,20,20,4210,11,4,5,0.000511,0.001102,0.032227,1.746738,0.429554,2.210772,2.464688,
4.00,3,1,9,51,20,20,4210,11,4,5,0.000771,0.001362,0.034431,1.698727,0.487800,2.224012,2.210943,
4.00,0,1,0,0,51,51,75550,51,0,0,0.000090,0.001983,0.052457,3.418255,0.545815,4.019762,,
4.00,0,1,1,0,51,51,75550,51,0,0,0.000080,0.002554,0.054210,6.079653,1.562786,7.700224,4.020023,
4.00,0,1,2,0,51,51,75550,51,0,0,0.000270,0.002263,0.073248,4.064188,1.186181,5.327883,7.700695,
4.00,0,1,3,0,51,51,75550,51,0,0,0.000110,0.002604,0.072457,3.856592,0.587282,4.521679,5.328243,
4.00,0,1,4,0,51,51,75550,51,0,0,0.000210,0.002574,0.067180,4.266872,0.680384,5.019193,4.522149,
4.00,0,1,5,0,51,51,75550,51,0,0,0.000090,0.002724,0.081330,6.739021,0.654786,7.480475,5.019754,
4.00,0,1,6,0,51,51,75550,51,0,0,0.000110,0.002904,0.104945,4.092880,0.834302,5.038016,7.481266,
4.00,0,1,7,0,51,51,75550,51,0,0,0.000090,0.002293,0.082481,5.363566,1.801609,7.252574,5.038496,
4.00,0,1,8,0,51,51,75550,51,0,0,0.000201,0.003335,0.151884,6.327769,1.363763,7.850626,7.253135,
4.00,0,1,9,0,51,51,75550,51,0,0,0.000230,0.003736,0.117233,7.929767,2.213928,10.271043,7.851177,
4.00,2,2,0,0,51,51,30830,21,22,8,0.000090,0.002153,0.058547,2.298357,0.610611,2.971390,,
4.00,2,2,1,0,51,51,30830,21,22,8,0.000100,0.002083,0.047560,1.819045,0.657115,2.527175,2.971621,
4.00,2,2,2,0,51,51,30830,21,22,8,0.000100,0.001632,0.038067,2.327519,0.620150,2.988089,2.527385,
4.00,2,2,3,0,51,51,30830,21,22,8,0.000090,0.001963,0.046399,3.681493,0.758064,4.489100,2.988300,
4.00,2,2,4,0,51,51,30830,21,22,8,0.000080,0.003195,0.096272,2.754665,0.616861,3.473917,4.489761,
4.00,2,2,5,0,51,51,30830,21,22,8,0.000090,0.002294,0.055021,3.213843,0.719222,3.991271,3.474127,
4.00,2,2,6,0,51,51,30830,21,22,8,0.000180,0.002494,0.061030,2.963349,1.032554,4.060869,3.991671,
4.00,2,2,7,0,51,51,30830,21,22,8,0.000091,0.002073,0.061801,2.494582,0.734834,3.294742,4.061670,
4.00,2,2,8,0,51,51,30830,21,22,8,0.000090,0.002584,0.073569,2.532027,0.835182,3.445064,3.295113,
4.00,2,2,9,0,51,51,30830,21,22,8,0.000110,0.002274,0.056804,2.490936,0.977128,3.528884,3.445294,
4.00,3,2,0,51,20,20,4210,11,4,5,0.000941,0.001342,0.051877,1.961695,0.959792,2.976829,,
4.00,3,2,1,51,20,20,4210,11,4,5,0.000992,0.001782,0.051556,4.036617,1.951470,6.043829,2.977440,
4.00,3,2,2,51,20,20,4210,11,4,5,0.001742,0.001723,0.106798,5.269477,5.910748,11.293963,6.044640,
4.00,3,2,3,51,20,20,4210,11,4,5,0.002224,0.002764,0.137292,6.629905,6.815208,13.590798,11.294774,
4.00,3,2,4,51,20,20,4210,11,4,5,0.001973,0.002734,0.130432,2.797298,5.492311,8.428083,13.805926,
4.00,3,2,5,51,20,20,4210,11,4,5,0.002002,0.002204,0.151283,3.530771,4.872431,8.562087,8.428784,
4.00,3,2,6,51,20,20,4210,11,4,5,0.002154,0.003294,0.130823,9.171466,1.110864,10.422496,8.563329,
4.00,3,2,7,51,20,20,4210,11,4,5,0.001923,0.002344,0.133127,7.060891,1.332686,8.534355,10.423548,
4.00,3,2,8,51,20,20,4210,11,4,5,0.001572,0.001953,0.105906,5.799239,1.766968,7.678833,8.534926,
4.00,3,2,9,51,20,20,4210,11,4,5,0.002463,0.002724,0.154188,11.329921,2.124996,13.618599,7.679654,
4.00,0,2,0,0,51,51,75550,51,0,0,0.000100,0.002764,0.104434,3.699771,1.840907,5.650941,,
4.00,0,2,1,0,51,51,75550,51,0,0,0.000100,0.002304,0.094579,3.332709,1.042519,4.474685,5.651521,
4.00,0,2,2,0,51,51,75550,51,0,0,0.000110,0.002264,0.074130,5.184261,0.789626,6.053485,4.475285,
4.00,0,2,3,0,51,51,75550,51,0,0,0.000100,0.002674,0.097744,4.635502,0.142380,4.881645,6.054476,
4.00,0,2,4,0,51,51,75550,51,0,0,0.000080,0.002363,0.092076,4.131137,0.660014,4.888214,4.882506,
4.00,0,2,5,0,51,51,75550,51,0,0,0.000110,0.002494,0.071105,3.341302,0.657680,4.075995,4.888755,
4.00,0,2,6,0,51,51,75550,51,0,0,0.000120,0.002374,0.064134,5.740928,0.816305,6.626325,4.076616,
4.00,0,2,7,0,51,51,75550,51,0,0,0.000080,0.002184,0.080929,5.296417,0.096042,5.478376,6.626715,
4.00,0,2,8,0,51,51,75550,51,0,0,0.000200,0.003024,0.107549,4.469366,1.330884,5.914238,5.479037,
4.00,0,2,9,0,51,51,75550,51,0,0,0.000080,0.001772,0.089142,4.381626,0.778639,5.253193,5.915109,
4.00,1,2,0,51,20,20,18510,20,0,0,0.001131,0.001042,0.068911,3.468219,1.043480,4.584826,,
4.00,1,2,1,51,20,20,18510,20,0,0,0.001031,0.001112,0.050124,3.508719,0.756266,4.318994,4.585157,
4.00,1,2,2,51,20,20,18510,20,0,0,0.001071,0.000992,0.057195,4.853192,0.805028,5.718790,4.319264,
4.00,1,2,3,51,20,20,18510,20,0,0,0.001483,0.001682,0.085646,6.187998,1.586281,7.865353,5.719261,
4.00,1,2,4,51,20,20,18510,20,0,0,0.001893,0.001812,0.201137,6.742551,1.034937,7.985254,7.866445,
4.00,1,2,5,51,20,20,18510,20,0,0,0.001863,0.001132,0.077565,4.291403,0.017937,4.391622,7.985835,
4.00,1,2,6,51,20,20,18510,20,0,0,0.001142,0.001052,0.041191,2.708437,0.814192,3.567035,4.392022,
4.00,1,2,7,51,20,20,18510,20,0,0,0.000601,0.000901,0.034310,3.267232,1.009330,4.313276,3.567295,
4.00,1,2,8,51,20,20,18510,20,0,0,0.000601,0.001472,0.045246,5.328615,0.814021,6.191147,4.313466,
4.00,1,2,9,51,20,20,18510,20,0,0,0.001041,0.001282,0.050975,3.628545,0.867461,4.550657,6.191337,
8.00,0,0,0,0,51,51,75550,51,0,0,0.000080,0.001762,0.060529,13.246780,0.678892,13.989466,,
8.00,0,0,1,0,51,51,75550,51,0,0,0.000080,0.002594,0.106858,6.477470,0.600206,7.190092,13.990127,
8.00,0,0,2,0,51,51,75550,51,0,0,0.000160,0.001853,0.087789,4.978688,0.597501,5.668505,7.191013,
8.00,0,0,3,0,51,51,75550,51,0,0,0.000081,0.003114,0.092095,9.461589,1.923869,11.483793,5.669136,
8.00,0,0,4,0,51,51,75550,51,0,0,0.000091,0.002103,0.119316,7.316989,1.466704,8.908277,11.484685,
8.00,0,0,5,0,51,51,75550,51,0,0,0.000070,0.002064,0.092276,8.849511,1.267756,10.214340,8.908838,
8.00,0,0,6,0,51,51,75550,51,0,0,0.000170,0.003666,0.187216,6.845463,1.247171,8.286941,10.215291,
8.00,0,0,7,0,51,51,75550,51,0,0,0.000160,0.003445,0.135520,4.144436,1.081306,5.368673,8.287742,
8.00,0,0,8,0,51,51,75550,51,0,0,0.000210,0.002584,0.095020,3.603178,0.980618,4.684354,5.369284,
8.00,0,0,9,0,51,51,75550,51,0,0,0.000210,0.001883,0.082181,6.870625,1.615840,8.572702,4.684704,
8.00,1,0,0,51,25,25,27710,25,0,0,0.001191,0.001483,0.212083,3.722665,0.751379,4.691615,,
8.00,1,0,1,51,25,25,27710,25,0,0,0.001863,0.001622,0.080859,4.346871,0.636008,5.070699,4.692726,
8.00,1,0,2,51,25,25,27710,25,0,0,0.002133,0.001702,0.100708,2.878598,0.722867,3.709304,5.071240,
8.00,1,0,3,51,25,25,27710,25,0,0,0.001793,0.001973,0.092606,2.662871,0.824877,3.586824,3.710095,
8.00,1,0,4,51,25,25,27710,25,0,0,0.001833,0.001272,0.074339,5.785283,1.122708,6.987778,3.587265,
8.00,1,0,5,51,25,25,27710,25,0,0,0.002153,0.002364,0.118255,9.496975,9.819312,19.442754,6.988539,
8.00,1,0,6,51,25,25,27710,25,0,0,0.001993,0.002644,0.164202,7.481923,1.267100,8.921597,19.443996,
8.00,1,0,7,51,25,25,27710,25,0,0,0.001582,0.002444,0.134478,9.504016,0.755826,10.401611,8.922528,
8.00,1,0,8,51,25,25,27710,25,0,0,0.001983,0.002023,0.121239,2.448403,0.565134,3.142217,10.402392,
8.00,1,0,9,51,25,25,27710,25,0,0,0.001182,0.001161,0.064155,2.086579,0.621167,2.775977,3.142548,
8.00,2,0,0,0,51,51,23230,18,15,18,0.000110,0.002534,0.052017,2.776718,1.122677,3.955067,,
8.00,2,0,1,0,51,51,23230,18,15,18,0.000100,0.002373,0.071836,5.618677,0.975520,6.670410,3.955537,
8.00,2,0,2,0,51,51,23230,18,15,18,0.000211,0.003956,0.351759,2.454212,0.965230,3.779153,6.671081,
8.00,2,0,3,0,51,51,23230,18,15,18,0.000091,0.002463,0.087279,5.166625,0.920378,6.179930,3.779724,
8.00,2,0,4,0,51,51,23230,18,15,18,0.000111,0.002133,0.081150,5.407791,0.888061,6.381498,6.180471,
8.00,2,0,5,0,51,51,23230,18,15,18,0.000421,0.002764,0.150913,1.422880,0.664621,2.245264,6.382119,
8.00,2,0,6,0,51,51,23230,18,15,18,0.000110,0.003475,0.068712,1.288141,0.576731,1.939422,2.246135,
8.00,2,0,7,0,51,51,23230,18,15,18,0.000110,0.002254,0.049713,1.294400,1.127154,2.475083,1.940003,
8.00,2,0,8,0,51,51,23230,18,15,18,0.000080,0.001813,0.040100,1.877831,0.646724,2.567429,2.475433,
8.00,2,0,9,0,51,51,23230,18,15,18,0.000100,0.002153,0.048522,1.537259,0.568008,2.157043,2.567650,
8.00,3,0,0,51,25,25,5430,12,1,12,0.001643,0.001472,0.081961,1.219660,0.603411,1.910450,,
8.00,3,0,1,51,25,25,5430,12,1,12,0.001372,0.001322,0.049633,3.598756,3.673602,7.325897,1.910700,
8.00,3,0,2,51,25,25,5430,12,1,12,0.002253,0.002083,0.152245,4.518764,2.329804,7.008684,7.327149,
8.00,3,0,3,51,25,25,5430,12,1,12,0.002143,0.002564,0.127308,6.195373,0.641157,6.971429,7.009605,
8.00,3,0,4,51,25,25,5430,12,1,12,0.001682,0.001913,0.085756,3.406858,0.761444,4.260338,6.971999,
8.00,3,0,5,51,25,25,5430,12,1,12,0.001682,0.001883,0.070153,1.866895,1.520815,3.463572,4.260698,
8.00,3,0,6,51,25,25,5430,12,1,12,0.001322,0.001151,0.073198,1.691887,0.608398,2.378020,3.463902,
8.00,3,0,7,51,25,25,5430,12,1,12,0.001512,0.001202,0.057405,1.373767,0.609700,2.044588,2.378240,
8.00,3,0,8,51,25,25,5430,12,1,12,0.001031,0.001583,0.044956,1.260310,0.604302,1.913214,2.044808,
8.00,3,0,9,51,25,25,5430,12,1,12,0.001012,0.001172,0.052858,1.367238,1.026835,2.449966,1.913424,
8.00,1,1,0,51,25,25,27710,25,0,0,0.001642,0.001583,0.078526,8.222034,1.360823,9.667392,,
8.00,1,1,1,51,25,25,27710,25,0,0,0.004146,0.001752,0.202129,4.171787,3.121992,7.505482,9.668133,
8.00,1,1,2,51,25,25,27710,25,0,0,0.002113,0.002013,0.116883,4.736400,1.538746,6.399930,7.506374,
8.00,1,1,3,51,25,25,27710,25,0,0,0.001212,0.001592,0.061861,4.880844,0.653554,5.601347,6.400350,
8.00,1,1,4,51,25,25,27710,25,0,0,0.001182,0.001302,0.064696,3.407399,0.612934,4.089385,5.601788,
8.00,1,1,5,51,25,25,27710,25,0,0,0.001342,0.000901,0.052447,6.340337,0.631988,7.028217,4.089756,
8.00,1,1,6,51,25,25,27710,25,0,0,0.001091,0.001142,0.048431,4.493602,0.628197,5.174456,7.028548,
8.00,1,1,7,51,25,25,27710,25,0,0,0.001182,0.001221,0.047320,4.980190,0.755915,5.787050,5.174787,
8.00,1,1,8,51,25,25,27710,25,0,0,0.000992,0.001011,0.055842,3.774651,0.689432,4.523220,5.787872,
8.00,1,1,9,51,25,25,27710,25,0,0,0.000822,0.000841,0.046008,4.987371,3.486986,8.523229,4.523631,
8.00,2,1,0,0,51,51,23230,18,15,18,0.000091,0.002133,0.070014,2.110715,1.199560,3.384074,,
8.00,2,1,1,0,51,51,23230,18,15,18,0.000080,0.002364,0.071255,2.825930,0.783727,3.685469,3.384405,
8.00,2,1,2,0,51,51,23230,18,15,18,0.000120,0.002434,0.053028,1.826175,0.792931,2.675870,3.685719,
8.00,2,1,3,0,51,51,23230,18,15,18,0.000100,0.001853,0.067650,2.201659,1.636145,3.909019,2.676110,
8.00,2,1,4,0,51,51,23230,18,15,18,0.000080,0.002354,0.068441,2.167679,0.727153,2.967920,3.909570,
8.00,2,1,5,0,51,51,23230,18,15,18,0.000100,0.001833,0.053579,1.877421,0.911676,2.845941,2.968190,
8.00,2,1,6,0,51,51,23230,18,15,18,0.000090,0.002263,0.049903,2.543985,0.652463,3.249526,2.846281,
8.00,2,1,7,0,51,51,23230,18,15,18,0.000110,0.002033,0.070684,1.751585,0.645693,2.470927,3.249746,
8.00,2,1,8,0,51,51,23230,18,15,18,0.000091,0.001582,0.044476,1.790863,0.651331,2.489033,2.471288,
8.00,2,1,9,0,51,51,23230,18,15,18,0.000110,0.001813,0.045827,2.686184,0.820081,3.554967,2.489303,
8.00,3,1,0,51,25,25,5430,12,1,12,0.000601,0.001161,0.031046,1.378109,2.599566,4.011025,,
8.00,3,1,1,51,25,25,5430,12,1,12,0.001282,0.001642,0.049192,3.046236,1.602415,4.702069,4.011566,
8.00,3,1,2,51,25,25,5430,12,1,12,0.001132,0.001161,0.069212,1.488347,0.588728,2.149842,4.702420,
8.00,3,1,3,51,25,25,5430,12,1,12,0.001132,0.001432,0.047150,1.583116,0.653535,2.287366,2.150163,
8.00,3,1,4,51,25,25,5430,12,1,12,0.000801,0.001242,0.038647,1.265488,1.019585,2.326344,2.287696,
8.00,3,1,5,51,25,25,5430,12,1,12,0.000792,0.001071,0.050765,1.558289,0.753903,2.366092,2.326574,
8.00,3,1,6,51,25,25,5430,12,1,12,0.001042,0.001182,0.042663,2.678012,0.655116,3.378646,2.366312,
8.00,3,1,7,51,25,25,5430,12,1,12,0.000882,0.001121,0.046519,1.564108,0.861692,2.475343,3.378947,
8.00,3,1,8,51,25,25,5430,12,1,12,0.000981,0.001503,0.047791,1.902568,0.652212,2.606497,2.475583,
8.00,3,1,9,51,25,25,5430,12,1,12,0.000901,0.001172,0.044916,1.291276,0.704370,2.043346,2.606878,
8.00,0,1,0,0,51,51,75550,51,0,0,0.000190,0.003024,0.110644,5.829844,0.736096,6.683063,,
8.00,0,1,1,0,51,51,75550,51,0,0,0.000150,0.003025,0.101570,4.295810,0.655868,5.059367,6.684025,
8.00,0,1,2,0,51,51,75550,51,0,0,0.000121,0.002103,0.067870,3.541116,0.661156,4.274088,5.059817,
8.00,0,1,3,0,51,51,75550,51,0,0,0.000090,0.002303,0.058376,3.643878,1.440716,5.146766,4.274588,
8.00,0,1,4,0,51,51,75550,51,0,0,0.000160,0.002444,0.069263,3.009501,0.597963,3.681103,5.147097,
8.00,0,1,5,0,51,51,75550,51,0,0,0.000180,0.001893,0.058566,3.805777,0.989841,4.857960,3.681473,
8.00,0,1,6,0,51,51,75550,51,0,0,0.000080,0.001713,0.059007,5.895181,0.820791,6.778344,4.858410,
8.00,0,1,7,0,51,51,75550,51,0,0,0.000230,0.002173,0.066478,5.354012,1.145230,6.569916,6.778645,
8.00,0,1,8,0,51,51,75550,51,0,0,0.000080,0.001722,0.060399,6.181743,2.278082,8.522948,6.570247,
8.00,0,1,9,0,51,51,75550,51,0,0,0.000080,0.002433,1.849199,7.658533,0.066548,9.578707,8.523278,
8.00,2,2,0,0,51,51,23230,18,15,18,0.000080,0.001963,0.054710,2.291012,1.402980,3.752939,,
8.00,2,2,1,0,51,51,23230,18,15,18,0.000191,0.002243,0.082682,2.395881,1.565881,4.049642,3.753740,
8.00,2,2,2,0,51,51,23230,18,15,18,0.000070,0.003215,0.079798,4.174256,0.922802,5.182264,4.050052,
8.00,2,2,3,0,51,51,23230,18,15,18,0.000090,0.002694,0.108290,2.079409,0.746592,2.940069,5.182905,
8.00,2,2,4,0,51,51,23230,18,15,18,0.000070,0.001873,0.060820,1.915166,0.605584,2.585105,2.940439,
8.00,2,2,5,0,51,51,23230,18,15,18,0.000090,0.001622,0.052978,2.054633,0.560297,2.671473,2.585496,
8.00,2,2,6,0,51,51,23230,18,15,18,0.000070,0.002444,0.056614,1.861808,0.642157,2.564164,2.671723,
8.00,2,2,7,0,51,51,23230,18,15,18,0.000090,0.001852,0.041411,1.903394,0.824347,2.772016,2.564315,
8.00,2,2,8,0,51,51,23230,18,15,18,0.000091,0.002423,0.084555,1.523018,0.632604,2.245294,2.772767,
8.00,2,2,9,0,51,51,23230,18,15,18,0.000090,0.001562,0.037936,1.460085,0.731049,2.231513,2.245494,
8.00,3,2,0,51,25,25,5430,12,1,12,0.000741,0.001232,0.040640,1.401308,0.582871,2.027433,,
8.00,3,2,1,51,25,25,5430,12,1,12,0.000711,0.001352,0.033569,1.204818,0.595800,1.836771,2.027623,
8.00,3,2,2,51,25,25,5430,12,1,12,0.000611,0.000911,0.031336,1.110599,0.575370,1.719308,1.836951,
8.00,3,2,3,51,25,25,5430,12,1,12,0.000832,0.001111,0.032718,1.318516,0.678611,2.032449,1.719518,
8.00,3,2,4,51,25,25,5430,12,1,12,0.000781,0.001112,0.039809,1.468787,0.600837,2.112287,2.032650,
8.00,3,2,5,51,25,25,5430,12,1,12,0.000591,0.001021,0.058317,1.725576,3.265339,5.051495,2.112507,
8.00,3,2,6,51,25,25,5430,12,1,12,0.001102,0.001091,0.042673,2.948477,1.085452,4.079687,5.051956,
8.00,3,2,7,51,25,25,5430,12,1,12,0.001703,0.001232,0.049333,2.301206,0.718100,3.072345,4.080137,
8.00,3,2,8,51,25,25,5430,12,1,12,0.001392,0.001362,0.050234,2.020282,0.581909,2.656561,3.072715,
8.00,3,2,9,51,25,25,5430,12,1,12,0.000791,0.001012,0.035532,1.310524,0.588188,1.936918,2.656751,
8.00,0,2,0,0,51,51,75550,51,0,0,0.000080,0.001482,0.041331,4.720316,0.866900,5.630921,,
8.00,0,2,1,0,51,51,75550,51,0,0,0.000080,0.001412,0.044055,3.588116,0.673013,4.307347,5.631331,
8.00,0,2,2,0,51,51,75550,51,0,0,0.000090,0.001762,0.052718,6.683262,0.657491,7.396195,4.307638,
8.00,0,2,3,0,51,51,75550,51,0,0,0.000391,0.002523,0.087960,4.379704,0.541909,5.015181,7.396706,
8.00,0,2,4,0,51,51,75550,51,0,0,0.000361,0.003285,0.079077,7.117454,0.796615,7.998985,5.015862,
8.00,0,2,5,0,51,51,75550,51,0,0,0.000221,0.001963,0.092166,4.279566,3.148587,7.524265,7.999676,
8.00,0,2,6,0,51,51,75550,51,0,0,0.000110,0.002624,0.071515,4.358222,0.902863,5.337838,7.524846,
8.00,0,2,7,0,51,51,75550,51,0,0,0.000090,0.002253,0.091365,3.465955,0.789946,4.352434,5.338288,
8.00,0,2,8,0,51,51,75550,51,0,0,0.000111,0.002253,0.064355,4.423278,0.737538,5.239553,4.352774,
8.00,0,2,9,0,51,51,75550,51,0,0,0.000251,0.002203,0.061191,3.511712,0.570602,4.148612,5.239924,
8.00,1,2,0,51,25,25,27710,25,0,0,0.001111,0.001192,0.048211,2.472980,0.480189,3.004444,,
8.00,1,2,1,51,25,25,27710,25,0,0,0.001071,0.001222,0.044516,2.472659,0.491445,3.011594,3.004654,
8.00,1,2,2,51,25,25,27710,25,0,0,0.001282,0.001151,0.044576,2.711331,0.534379,3.293611,3.011855,
8.00,1,2,3,51,25,25,27710,25,0,0,0.001282,0.001502,0.043514,2.470726,1.135596,3.653472,3.293851,
8.00,1,2,4,51,25,25,27710,25,0,0,0.001132,0.000971,0.043674,3.995437,0.641712,4.683587,3.653703,
8.00,1,2,5,51,25,25,27710,25,0,0,0.001242,0.001392,0.045137,3.027227,0.492567,3.568416,4.684358,
8.00,1,2,6,51,25,25,27710,25,0,0,0.001071,0.001352,0.080579,3.311642,0.445628,3.841344,3.568717,
8.00,1,2,7,51,25,25,27710,25,0,0,0.001051,0.001392,0.043775,3.744476,0.433420,4.225086,3.841624,
8.00,1,2,8,51,25,25,27710,25,0,0,0.001262,0.000982,0.044085,3.734332,0.491074,4.273437,4.225326,
8.00,1,2,9,51,25,25,27710,25,0,0,0.001051,0.001062,0.043504,3.777545,0.448011,4.271924,4.273688,
10.00,0,0,0,0,51,51,75550,51,0,0,0.000070,0.002063,0.096343,11.295840,0.615959,12.012939,,
10.00,0,0,1,0,51,51,75550,51,0,0,0.000220,0.002114,0.077254,7.174980,0.444095,7.701016,12.013610,
10.00,0,0,2,0,51,51,75550,51,0,0,0.000080,0.002113,0.074190,4.512530,0.476803,5.067979,7.701437,
10.00,0,0,3,0,51,51,75550,51,0,0,0.000090,0.001252,0.061661,7.264641,0.536822,7.865117,5.068170,
10.00,0,0,4,0,51,51,75550,51,0,0,0.000100,0.002173,0.088140,5.404206,0.478436,5.975349,7.865768,
10.00,0,0,5,0,51,51,75550,51,0,0,0.000200,0.001983,0.048742,4.561212,0.494600,5.107919,5.975669,
10.00,0,0,6,0,51,51,75550,51,0,0,0.000081,0.001672,0.051446,39.025880,0.706343,39.786774,5.108199,
10.00,0,0,7,0,51,51,75550,51,0,0,0.000080,0.002063,0.108290,4.451920,0.581699,5.146616,39.787555,
10.00,0,0,8,0,51,51,75550,51,0,0,0.000090,0.001272,0.050895,6.076237,0.571744,6.701590,5.147247,
10.00,0,0,9,0,51,51,75550,51,0,0,0.000080,0.001663,0.056434,8.211829,0.571704,8.843271,6.702141,
10.00,1,0,0,51,36,36,47950,36,0,0,0.001952,0.002664,0.082302,6.661250,0.600507,7.351590,,
10.00,1,0,1,51,36,36,47950,36,0,0,0.001673,0.002674,0.067099,5.327102,0.522071,5.922331,7.352160,
10.00,1,0,2,51,36,36,47950,36,0,0,0.001812,0.001983,0.081010,6.534093,0.495421,7.116703,5.923052,
10.00,1,0,3,51,36,36,47950,36,0,0,0.001903,0.001993,0.072687,6.114685,0.496673,6.690344,7.117184,
10.00,1,0,4,51,36,36,47950,36,0,0,0.001903,0.002153,0.064525,12.779030,0.503343,13.353258,6.690804,
10.00,1,0,5,51,36,36,47950,36,0,0,0.001953,0.002643,0.130864,6.330823,0.570702,7.040120,13.354169,
10.00,1,0,6,51,36,36,47950,36,0,0,0.048913,0.002613,0.123892,5.307894,0.592053,6.079411,7.040952,
10.00,1,0,7,51,36,36,47950,36,0,0,0.001612,0.001993,0.056233,5.527077,0.672473,6.261261,6.079652,
10.00,1,0,8,51,36,36,47950,36,0,0,0.001162,0.001943,0.066959,5.787622,0.521119,6.380998,6.261691,
10.00,1,0,9,51,36,36,47950,36,0,0,0.002424,0.002163,0.088791,5.446869,0.470404,6.013665,6.381699,
10.00,2,0,0,0,51,51,11050,11,15,25,0.000070,0.001352,0.036334,1.929117,0.498836,2.466690,,
10.00,2,0,1,0,51,51,11050,11,15,25,0.000080,0.001453,0.037685,1.837933,0.482833,2.360775,2.466920,
10.00,2,0,2,0,51,51,11050,11,15,25,0.000090,0.001583,0.046669,1.803221,0.472197,2.324160,2.360945,
10.00,2,0,3,0,51,51,11050,11,15,25,0.000080,0.001362,0.033720,1.755551,0.475472,2.266716,2.324450,
10.00,2,0,4,0,51,51,11050,11,15,25,0.000090,0.001081,0.031247,1.742281,0.549931,2.325041,2.266866,
10.00,2,0,5,0,51,51,11050,11,15,25,0.000080,0.001873,0.049263,2.113559,0.484796,2.650782,2.325332,
10.00,2,0,6,0,51,51,11050,11,15,25,0.000090,0.001683,0.047971,1.678507,0.559807,2.288939,2.651222,
10.00,2,0,7,0,51,51,11050,11,15,25,0.000080,0.001813,0.044416,1.888377,0.514419,2.450136,2.289299,
10.00,2,0,8,0,51,51,11050,11,15,25,0.000090,0.001272,0.035372,1.820327,0.521589,2.379612,2.450306,
10.00,2,0,9,0,51,51,11050,11,15,25,0.000090,0.001172,0.043554,1.760599,0.508430,2.314275,2.379773,
10.00,3,0,0,51,36,36,6490,11,6,19,0.000761,0.001633,0.043254,1.837622,0.565915,2.450206,,
10.00,3,0,1,51,36,36,6490,11,6,19,0.000631,0.001302,0.036264,1.818053,0.589721,2.446782,2.450356,
10.00,3,0,2,51,36,36,6490,11,6,19,0.000671,0.001412,0.036925,1.589816,0.524164,2.153759,2.446952,
10.00,3,0,3,51,36,36,6490,11,6,19,0.000661,0.001192,0.033960,1.809201,0.491735,2.337249,2.153979,
10.00,3,0,4,51,36,36,6490,11,6,19,0.000651,0.001602,0.031356,1.582525,0.499477,2.116153,2.337399,
10.00,3,0,5,51,36,36,6490,11,6,19,0.000651,0.001002,0.030885,1.777994,0.584563,2.395585,2.116314,
10.00,3,0,6,51,36,36,6490,11,6,19,0.000621,0.001031,0.030475,1.756822,0.542701,2.332252,2.395755,
10.00,3,0,7,51,36,36,6490,11,6,19,0.000931,0.001402,0.043435,1.790522,0.581939,2.419571,2.332663,
10.00,3,0,8,51,36,36,6490,11,6,19,0.000651,0.001362,0.035262,1.526373,0.576491,2.140840,2.419751,
10.00,3,0,9,51,36,36,6490,11,6,19,0.000671,0.001172,0.033069,1.548355,0.602319,2.186347,2.141000,
10.00,1,1,0,51,36,36,47950,36,0,0,0.002403,0.002855,0.108701,9.572527,6.462087,16.151236,,
10.00,1,1,1,51,36,36,47950,36,0,0,0.002063,0.002684,0.116332,3.707992,0.455332,4.287688,16.152057,
10.00,1,1,2,51,36,36,47950,36,0,0,0.001782,0.002234,0.086969,6.518710,0.680299,7.292237,4.288049,
10.00,1,1,3,51,36,36,47950,36,0,0,0.002493,0.003085,0.377638,6.186686,0.509917,7.083685,7.293258,
10.00,1,1,4,51,36,36,47950,36,0,0,0.002303,0.002885,0.110002,3.491753,0.391348,4.001986,7.084406,
10.00,1,1,5,51,36,36,47950,36,0,0,0.001582,0.001762,0.059378,3.232235,0.472377,3.769318,4.002216,
10.00,1,1,6,51,36,36,47950,36,0,0,0.002253,0.002564,0.081981,10.074083,3.316384,13.480079,3.769619,
10.00,1,1,7,51,36,36,47950,36,0,0,0.002654,0.002574,0.119947,3.990659,0.503218,4.623348,13.481011,
10.00,1,1,8,51,36,36,47950,36,0,0,0.002073,0.002444,0.148068,6.885322,0.607787,7.651172,4.624079,
10.00,1,1,9,51,36,36,47950,36,0,0,0.002554,0.003065,0.099647,6.459925,0.643179,7.211824,7.651983,
10.00,2,1,0,0,51,51,11050,11,15,25,0.000080,0.001993,0.046839,1.237537,0.456053,1.743213,,
10.00,2,1,1,0,51,51,11050,11,15,25,0.000191,0.025427,0.066838,1.222755,0.460795,1.777238,1.744104,
10.00,2,1,2,0,51,51,11050,11,15,25,0.000090,0.001292,0.039188,1.225664,0.505236,1.772191,1.777478,
10.00,2,1,3,0,51,51,11050,11,15,25,0.000090,0.001732,0.045968,3.226221,0.554849,3.829652,1.772421,
10.00,2,1,4,0,51,51,11050,11,15,25,0.000090,0.002233,0.153376,1.357178,0.890724,2.405735,3.830393,
10.00,2,1,5,0,51,51,11050,11,15,25,0.000190,0.002984,0.078535,1.897981,0.579641,2.561255,2.406156,
10.00,2,1,6,0,51,51,11050,11,15,25,0.000080,0.001713,0.049994,1.558986,2.196962,3.809146,2.561596,
10.00,2,1,7,0,51,51,11050,11,15,25,0.000091,0.001862,0.042763,1.504525,0.797057,2.347089,3.809457,
10.00,2,1,8,0,51,51,11050,11,15,25,0.000101,0.002313,0.050835,1.319208,0.518375,1.891883,2.347469,
10.00,2,1,9,0,51,51,11050,11,15,25,0.000100,0.002213,0.047911,1.330334,0.671100,2.052800,1.892303,
10.00,3,1,0,51,36,36,6490,11,6,19,0.000761,0.001372,0.049523,3.504207,0.461931,4.018866,,
10.00,3,1,1,51,36,36,6490,11,6,19,0.001001,0.001452,0.043524,2.361731,0.616259,3.024789,4.019187,
10.00,3,1,2,51,36,36,6490,11,6,19,0.001562,0.002374,0.050535,13.031177,3.184008,16.270757,3.025220,
10.00,3,1,3,51,36,36,6490,11,6,19,0.002354,0.003164,0.136482,6.575194,0.577232,7.297711,16.272099,
10.00,3,1,4,51,36,36,6490,11,6,19,0.002073,0.002364,0.099176,2.746208,0.064766,2.917691,7.298382,
10.00,3,1,5,51,36,36,6490,11,6,19,0.001883,0.002464,0.722336,1.131610,0.410145,2.271152,2.918492,
10.00,3,1,6,51,36,36,6490,11,6,19,0.001052,0.001462,0.072277,5.218581,0.060269,5.354922,2.271473,
10.00,3,1,7,51,36,36,6490,11,6,19,0.001582,0.002424,0.178513,6.870821,0.548449,7.604533,5.355363,
10.00,3,1,8,51,36,36,6490,11,6,19,0.001792,0.008433,0.098085,1.369391,1.065783,2.546899,7.605084,
10.00,3,1,9,51,36,36,6490,11,6,19,0.001402,0.001772,0.061791,1.887846,0.463444,2.417978,2.547490,
10.00,0,1,0,0,51,51,75550,51,0,0,0.000090,0.003095,0.105146,4.330270,0.526678,4.968253,,
10.00,0,1,1,0,51,51,75550,51,0,0,0.000101,0.003274,0.098615,5.277179,0.091365,5.473469,4.968803,
10.00,0,1,2,0,51,51,75550,51,0,0,0.000100,0.003144,0.108760,16.065951,0.866359,17.047660,5.474380,
10.00,0,1,3,0,51,51,75550,51,0,0,0.000170,0.003515,0.114379,3.853607,0.494189,4.469746,17.048321,
10.00,0,1,4,0,51,51,75550,51,0,0,0.000090,0.002644,0.089892,3.419236,0.488962,4.003669,4.470537,
10.00,0,1,5,0,51,51,75550,51,0,0,0.000220,0.003045,0.073117,4.237785,0.541259,4.858311,4.003969,
10.00,0,1,6,0,51,51,75550,51,0,0,0.000100,0.002273,0.090553,5.560326,0.457445,6.113201,4.858872,
10.00,0,1,7,0,51,51,75550,51,0,0,0.000101,0.003204,0.113317,3.923140,0.487660,4.530456,6.114143,
10.00,0,1,8,0,51,51,75550,51,0,0,0.000101,0.002824,0.090633,3.455200,0.459878,4.011420,4.531107,
10.00,0,1,9,0,51,51,75550,51,0,0,0.000110,0.002644,0.080248,3.803463,0.496433,4.384972,4.012081,
10.00,2,2,0,0,51,51,11050,11,15,25,0.000090,0.001382,0.037425,1.083630,0.510423,1.633541,,
10.00,2,2,1,0,51,51,11050,11,15,25,0.000080,0.001352,0.033359,1.078702,0.565265,1.679269,1.633711,
10.00,2,2,2,0,51,51,11050,11,15,25,0.000080,0.001582,0.036064,1.049529,0.483764,1.571730,1.679469,
10.00,2,2,3,0,51,51,11050,11,15,25,0.000081,0.001271,0.032568,1.094611,0.601347,1.730369,1.571910,
10.00,2,2,4,0,51,51,11050,11,15,25,0.000101,0.001982,0.045537,1.188424,0.528570,1.765706,1.730589,
10.00,2,2,5,0,51,51,11050,11,15,25,0.000120,0.002013,0.042753,1.100834,0.554498,1.701510,1.765907,
10.00,2,2,6,0,51,51,11050,11,15,25,0.000120,0.001863,0.042543,1.171499,0.531164,1.748050,1.702011,
10.00,2,2,7,0,51,51,11050,11,15,25,0.000110,0.001803,0.044696,1.137749,0.584283,1.769392,1.748290,
10.00,2,2,8,0,51,51,11050,11,15,25,0.000090,0.001452,0.045497,1.172060,0.514850,1.734580,1.769642,
10.00,2,2,9,0,51,51,11050,11,15,25,0.000100,0.001783,0.043775,1.119552,0.695196,1.861117,1.734790,
10.00,3,2,0,51,36,36,6490,11,6,19,0.001061,0.001432,0.041120,1.233741,0.514610,1.793047,,
10.00,3,2,1,51,36,36,6490,11,6,19,0.001001,0.001453,0.040800,1.056108,0.527409,1.627502,1.793397,
10.00,3,2,2,51,36,36,6490,11,6,19,0.001032,0.001462,0.042212,1.205319,0.510494,1.761881,1.627752,
10.00,3,2,3,51,36,36,6490,11,6,19,0.001012,0.001562,0.040630,1.086514,0.555600,1.686289,1.762131,
10.00,3,2,4,51,36,36,6490,11,6,19,0.001001,0.001282,0.041992,1.078031,0.688506,1.811473,1.686479,
10.00,3,2,5,51,36,36,6490,11,6,19,0.001011,0.001272,0.043475,1.042849,0.537613,1.627011,1.811724,
10.00,3,2,6,51,36,36,6490,11,6,19,0.001001,0.001392,0.041130,1.124310,0.515901,1.684987,1.627211,
10.00,3,2,7,51,36,36,6490,11,6,19,0.001021,0.001883,0.041071,1.059734,0.527488,1.632098,1.685228,
10.00,3,2,8,51,36,36,6490,11,6,19,0.001432,0.001723,0.040570,1.123548,0.494940,1.663214,1.632339,
10.00,3,2,9,51,36,36,6490,11,6,19,0.001151,0.001543,0.062963,1.060254,0.531815,1.658457,1.663445,
10.00,0,2,0,0,51,51,75550,51,0,0,0.000140,0.002494,0.070764,3.463121,0.514850,4.054083,,
10.00,0,2,1,0,51,51,75550,51,0,0,0.000100,0.002373,0.053869,3.456902,0.496333,4.011601,4.054694,
10.00,0,2,2,0,51,51,75550,51,0,0,0.000100,0.001713,0.052157,3.280682,0.514089,3.849752,4.011941,
10.00,0,2,3,0,51,51,75550,51,0,0,0.000200,0.002845,0.060550,3.509329,0.540627,4.115814,3.850102,
10.00,0,2,4,0,51,51,75550,51,0,0,0.000120,0.002304,0.067690,3.436712,0.505166,4.014305,4.116305,
10.00,0,2,5,0,51,51,75550,51,0,0,0.000100,0.002594,0.062492,10.460693,0.617221,11.144703,4.014805,
10.00,0,2,6,0,51,51,75550,51,0,0,0.000150,0.002453,0.105215,7.074811,0.644832,7.830266,11.145374,
10.00,0,2,7,0,51,51,75550,51,0,0,0.000080,0.002313,0.088391,3.567740,0.497805,4.159043,7.830817,
10.00,0,2,8,0,51,51,75550,51,0,0,0.000091,0.001692,0.058887,5.578493,0.550782,6.191667,4.159554,
10.00,0,2,9,0,51,51,75550,51,0,0,0.000090,0.002694,0.117283,3.945523,0.579615,4.648270,6.192629,
10.00,1,2,0,51,36,36,47950,36,0,0,0.001482,0.001963,0.056844,3.200003,0.621592,3.883907,,
10.00,1,2,1,51,36,36,47950,36,0,0,0.001382,0.001953,0.065697,3.544280,1.174163,4.789558,3.884328,
10.00,1,2,2,51,36,36,47950,36,0,0,0.001863,0.002243,0.077664,4.361407,0.495892,4.941433,4.789999,
10.00,1,2,3,51,36,36,47950,36,0,0,0.002002,0.002114,0.079257,3.302094,0.409444,3.797805,4.942054,
10.00,1,2,4,51,36,36,47950,36,0,0,0.001432,0.001562,0.059858,3.389913,0.459859,3.914437,3.798386,
10.00,1,2,5,51,36,36,47950,36,0,0,0.003445,0.002133,0.115751,5.572184,0.386280,6.081496,3.915047,
10.00,1,2,6,51,36,36,47950,36,0,0,0.001973,0.002253,0.134328,3.128047,0.425077,3.694562,6.081967,
10.00,1,2,7,51,36,36,47950,36,0,0,0.001652,0.001753,0.068742,3.130710,0.432778,3.638439,3.694863,
10.00,1,2,8,51,36,36,47950,36,0,0,0.001592,0.001963,0.068892,2.992706,0.404357,3.471503,3.638770,
10.00,1,2,9,51,36,36,47950,36,0,0,0.001422,0.001913,0.068070,3.294983,2.024288,5.392218,3.471824,
12.00,0,0,0,0,51,51,75550,51,0,0,0.000080,0.001542,0.078135,2.621529,0.481230,3.184049,,
12.00,0,0,1,0,51,51,75550,51,0,0,0.000080,0.001633,0.056664,2.532798,0.454951,3.047698,3.184750,
12.00,0,0,2,0,51,51,75550,51,0,0,0.000090,0.001463,0.052998,2.638845,0.415033,3.109930,3.047919,
12.00,0,0,3,0,51,51,75550,51,0,0,0.000100,0.001823,0.052117,2.630872,0.438277,3.124551,3.110150,
12.00,0,0,4,0,51,51,75550,51,0,0,0.000081,0.001612,0.094519,3.524041,0.406140,4.027765,3.124751,
12.00,0,0,5,0,51,51,75550,51,0,0,0.000100,0.001823,0.055051,2.577605,0.377787,3.013958,4.028005,
12.00,0,0,6,0,51,51,75550,51,0,0,0.000110,0.001392,0.053178,2.471888,0.380832,2.908352,3.014489,
12.00,0,0,7,0,51,51,75550,51,0,0,0.000101,0.002343,0.052618,2.534441,0.401071,2.991495,2.909023,
12.00,0,0,8,0,51,51,75550,51,0,0,0.000100,0.002003,0.052107,2.570724,0.393231,3.019156,2.991766,
12.00,0,0,9,0,51,51,75550,51,0,0,0.000100,0.001392,0.052988,2.696760,0.405338,3.157940,3.019446,
12.00,1,0,0,51,25,25,27710,25,0,0,0.000691,0.000902,0.035142,2.002825,0.541570,2.581640,,
12.00,1,0,1,51,25,25,27710,25,0,0,0.000811,0.000921,0.034430,2.004438,0.470385,2.511727,2.581830,
12.00,1,0,2,51,25,25,27710,25,0,0,0.000681,0.000691,0.034791,1.975335,0.426910,2.438949,2.511917,
12.00,1,0,3,51,25,25,27710,25,0,0,0.000691,0.000882,0.033469,2.168911,0.386190,2.590773,2.439150,
12.00,1,0,4,51,25,25,27710,25,0,0,0.001042,0.001262,0.048301,3.194791,0.472928,3.720136,2.591224,
12.00,1,0,5,51,25,25,27710,25,0,0,0.001192,0.001041,0.045116,2.201279,0.542926,2.793007,3.720586,
12.00,1,0,6,51,25,25,27710,25,0,0,0.001122,0.000781,0.038426,3.664118,0.493598,4.199487,2.793228,
12.00,1,0,7,51,25,25,27710,25,0,0,0.000941,0.001152,0.035562,1.960914,0.448051,2.447452,4.199647,
12.00,1,0,8,51,25,25,27710,25,0,0,0.000591,0.000761,0.034231,2.204003,0.455332,2.695458,2.447623,
12.00,1,0,9,51,25,25,27710,25,0,0,0.000661,0.000801,0.037596,2.722888,0.780722,3.543259,2.695638,
12.00,2,0,0,0,51,51,23230,18,15,18,0.000100,0.002063,0.049473,2.000242,0.423234,2.476615,,
12.00,2,0,1,0,51,51,23230,18,15,18,0.000100,0.002083,0.046188,1.252208,0.428943,1.731295,2.476976,
12.00,2,0,2,0,51,51,23230,18,15,18,0.000080,0.001433,0.046018,1.494546,0.452768,1.995876,1.731495,
12.00,2,0,3,0,51,51,23230,18,15,18,0.000100,0.001963,0.045087,2.279043,0.532646,2.859900,1.996227,
12.00,2,0,4,0,51,51,23230,18,15,18,0.000090,0.001702,0.053629,1.392440,0.494179,1.943082,2.860211,
12.00,2,0,5,0,51,51,23230,18,15,18,0.000100,0.002483,0.050615,1.321340,0.664976,2.041167,1.943323,
12.00,2,0,6,0,51,51,23230,18,15,18,0.000080,0.001833,0.046268,1.573512,1.990518,3.613813,2.041508,
12.00,2,0,7,0,51,51,23230,18,15,18,0.000100,0.002564,0.052818,1.461036,0.536862,2.055072,3.614204,
12.00,2,0,8,0,51,51,23230,18,15,18,0.000100,0.002073,0.050184,1.405375,0.558864,2.017687,2.055293,
12.00,2,0,9,0,51,51,23230,18,15,18,0.000090,0.001903,0.046168,1.286359,0.550727,1.886118,2.017958,
12.00,3,0,0,51,25,25,5430,12,1,12,0.001081,0.001873,2.299574,1.955837,0.484324,4.744051,,
12.00,3,0,1,51,25,25,5430,12,1,12,0.001892,0.001563,0.050204,1.011623,0.470444,1.537058,4.744352,
12.00,3,0,2,51,25,25,5430,12,1,12,0.001142,0.001062,0.065687,0.997442,0.465677,1.532942,1.537339,
12.00,3,0,3,51,25,25,5430,12,1,12,0.000972,0.001262,0.040630,1.021077,0.437786,1.502377,1.533133,
12.00,3,0,4,51,25,25,5430,12,1,12,0.000871,0.001002,0.056483,1.020757,0.459508,1.539262,1.502577,
12.00,3,0,5,51,25,25,5430,12,1,12,0.000921,0.001052,0.039448,1.002500,0.475221,1.519913,1.539452,
12.00,3,0,6,51,25,25,5430,12,1,12,0.000912,0.001131,0.041110,0.985605,0.461401,1.490931,1.520133,
12.00,3,0,7,51,25,25,5430,12,1,12,0.001252,0.001402,0.042112,1.033365,0.508891,1.587653,1.491151,
12.00,3,0,8,51,25,25,5430,12,1,12,0.000871,0.001212,0.039869,0.921390,0.483974,1.447957,1.587833,
12.00,3,0,9,51,25,25,5430,12,1,12,0.000852,0.001181,0.041721,1.014447,0.526958,1.585780,1.448198,
12.00,1,1,0,51,25,25,27710,25,0,0,0.000751,0.000821,0.035402,2.182771,0.433570,2.653806,,
12.00,1,1,1,51,25,25,27710,25,0,0,0.000981,0.001162,0.044606,2.057727,0.459999,2.565426,2.654037,
12.00,1,1,2,51,25,25,27710,25,0,0,0.001012,0.001151,0.043394,1.869689,0.835648,2.751706,2.565676,
12.00,1,1,3,51,25,25,27710,25,0,0,0.001212,0.001302,0.038327,1.938110,0.426600,2.406172,2.751916,
12.00,1,1,4,51,25,25,27710,25,0,0,0.001051,0.001212,0.036284,1.946913,0.443355,2.429506,2.406352,
12.00,1,1,5,51,25,25,27710,25,0,0,0.000831,0.000881,0.033410,1.936828,0.441201,2.413762,2.429656,
12.00,1,1,6,51,25,25,27710,25,0,0,0.000761,0.000761,0.035081,1.771114,0.430636,2.239185,2.413922,
12.00,1,1,7,51,25,25,27710,25,0,0,0.000681,0.000842,0.034000,1.898111,0.440561,2.374605,2.239335,
12.00,1,1,8,51,25,25,27710,25,0,0,0.000671,0.000952,0.037455,1.851954,0.463844,2.355466,2.374775,
12.00,1,1,9,51,25,25,27710,25,0,0,0.000681,0.000741,0.032348,1.786136,0.412920,2.233397,2.355626,
12.00,2,1,0,0,51,51,23230,18,15,18,0.000080,0.001493,0.032108,1.270104,0.418408,1.723063,,
12.00,2,1,1,0,51,51,23230,18,15,18,0.000080,0.001302,0.035192,1.115286,0.441982,1.594613,1.723253,
12.00,2,1,2,0,51,51,23230,18,15,18,0.000081,0.001462,0.041051,1.192655,0.411598,1.647527,1.594934,
12.00,2,1,3,0,51,51,23230,18,15,18,0.000090,0.001702,0.045306,1.323594,0.590201,1.961585,1.647757,
12.00,2,1,4,0,51,51,23230,18,15,18,0.000090,0.001492,0.045337,1.177207,0.428593,1.653421,1.961785,
12.00,2,1,5,0,51,51,23230,18,15,18,0.000080,0.002153,0.043294,1.260250,0.391208,1.697696,1.653661,
12.00,2,1,6,0,51,51,23230,18,15,18,0.000110,0.001502,0.043615,1.266609,0.410396,1.722903,1.697896,
12.00,2,1,7,0,51,51,23230,18,15,18,0.000110,0.001813,0.044326,1.165700,0.438267,1.651097,1.723273,
12.00,2,1,8,0,51,51,23230,18,15,18,0.000090,0.001392,0.043223,1.164038,0.425649,1.635624,1.651568,
12.00,2,1,9,0,51,51,23230,18,15,18,0.000090,0.001843,0.042122,1.287380,0.407732,1.739998,1.635854,
12.00,3,1,0,51,25,25,5430,12,1,12,0.000862,0.001282,0.041521,0.947348,0.429284,1.421098,,
12.00,3,1,1,51,25,25,5430,12,1,12,0.000841,0.001022,0.038166,0.913338,0.428072,1.382060,1.421298,
12.00,3,1,2,51,25,25,5430,12,1,12,0.000862,0.001352,0.036614,1.009450,0.428292,1.477391,1.382410,
12.00,3,1,3,51,25,25,5430,12,1,12,0.001052,0.000961,0.037856,0.884215,0.427942,1.352767,1.477611,
12.00,3,1,4,51,25,25,5430,12,1,12,0.000962,0.000951,0.037095,0.932546,0.431046,1.403461,1.353007,
12.00,3,1,5,51,25,25,5430,12,1,12,0.000852,0.001021,0.039118,0.937764,0.415814,1.395189,1.403682,
12.00,3,1,6,51,25,25,5430,12,1,12,0.001062,0.001202,0.037235,0.953056,0.419980,1.413416,1.395499,
12.00,3,1,7,51,25,25,5430,12,1,12,0.000851,0.001162,0.036714,0.900148,0.364288,1.303984,1.413777,
12.00,3,1,8,51,25,25,5430,12,1,12,0.000842,0.001051,0.038617,0.889954,0.356956,1.288271,1.304184,
12.00,3,1,9,51,25,25,5430,12,1,12,0.000851,0.001091,0.040419,0.903023,0.421542,1.367588,1.288452,
12.00,0,1,0,0,51,51,75550,51,0,0,0.000081,0.001382,0.056924,2.461968,0.370968,2.892424,,
12.00,0,1,1,0,51,51,75550,51,0,0,0.000091,0.001882,0.050875,2.386212,0.429393,2.869505,2.892654,
12.00,0,1,2,0,51,51,75550,51,0,0,0.000110,0.001432,0.051806,2.381335,0.381523,2.817318,2.869716,
12.00,0,1,3,0,51,51,75550,51,0,0,0.000100,0.001723,0.075982,2.593428,0.462282,3.134336,2.817698,
12.00,0,1,4,0,51,51,75550,51,0,0,0.000090,0.002113,0.045747,2.507961,0.439689,2.996472,3.134586,
12.00,0,1,5,0,51,51,75550,51,0,0,0.000110,0.001412,0.047020,2.445038,0.345600,2.840161,2.996673,
12.00,0,1,6,0,51,51,75550,51,0,0,0.000120,0.001853,0.045748,2.422515,0.416024,2.887231,2.840412,
12.00,0,1,7,0,51,51,75550,51,0,0,0.000100,0.001352,0.046969,2.648449,0.386901,3.084443,2.887481,
12.00,0,1,8,0,51,51,75550,51,0,0,0.000100,0.001613,0.050915,2.516894,0.357528,2.928031,3.084653,
12.00,0,1,9,0,51,51,75550,51,0,0,0.000331,0.001442,0.049834,2.588971,0.352930,2.994629,2.928652,
12.00,2,2,0,0,51,51,23230,18,15,18,0.000091,0.001782,0.046248,1.388509,0.379871,1.817302,,
12.00,2,2,1,0,51,51,23230,18,15,18,0.000090,0.001412,0.045497,1.124800,0.396215,1.568826,1.817522,
12.00,2,2,2,0,51,51,23230,18,15,18,0.000090,0.001422,0.045037,1.093513,0.432118,1.572821,1.569076,
12.00,2,2,3,0,51,51,23230,18,15,18,0.000090,0.001833,0.044887,1.088977,0.387872,1.524370,1.573021,
12.00,2,2,4,0,51,51,23230,18,15,18,0.000100,0.001752,0.045878,1.117469,0.429534,1.596145,1.524741,
12.00,2,2,5,0,51,51,23230,18,15,18,0.000110,0.001983,0.044936,1.149577,0.377597,1.575195,1.596385,
12.00,2,2,6,0,51,51,23230,18,15,18,0.000100,0.001392,0.074460,1.079263,0.371628,1.527635,1.575415,
12.00,2,2,7,0,51,51,23230,18,15,18,0.000100,0.001683,0.043504,1.127685,0.489522,1.663355,1.527855,
12.00,2,2,8,0,51,51,23230,18,15,18,0.000080,0.001402,0.042513,1.165961,0.414491,1.625278,1.663566,
12.00,2,2,9,0,51,51,23230,18,15,18,0.000110,0.001472,0.042632,1.155035,0.435793,1.635874,1.625749,
12.00,3,2,0,51,25,25,5430,12,1,12,0.001031,0.001703,0.040590,0.872387,0.429484,1.346126,,
12.00,3,2,1,51,25,25,5430,12,1,12,0.000882,0.001682,0.037496,0.910203,0.453018,1.404002,1.346316,
12.00,3,2,2,51,25,25,5430,12,1,12,0.000971,0.001352,0.039539,0.922511,0.371408,1.336472,1.404213,
12.00,3,2,3,51,25,25,5430,12,1,12,0.000891,0.001052,0.038838,0.877815,0.410636,1.329863,1.336672,
12.00,3,2,4,51,25,25,5430,12,1,12,0.001012,0.001182,0.043164,0.964733,0.399079,1.409850,1.330184,
12.00,3,2,5,51,25,25,5430,12,1,12,0.001021,0.001102,0.038117,0.925706,0.363176,1.330213,1.410051,
12.00,3,2,6,51,25,25,5430,12,1,12,0.001222,0.001252,0.040510,0.905316,0.419479,1.368690,1.330383,
12.00,3,2,7,51,25,25,5430,12,1,12,0.000882,0.001131,0.036965,0.863705,0.376295,1.279619,1.368880,
12.00,3,2,8,51,25,25,5430,12,1,12,0.000861,0.001092,0.039459,1.000827,0.430195,1.473155,1.279809,
12.00,3,2,9,51,25,25,5430,12,1,12,0.001212,0.001232,0.043795,0.868471,0.371759,1.287310,1.473565,
12.00,0,2,0,0,51,51,75550,51,0,0,0.000090,0.001462,0.044896,2.498988,0.405399,2.951827,,
12.00,0,2,1,0,51,51,75550,51,0,0,0.000100,0.001752,0.045807,2.454062,0.395374,2.898318,2.952137,
12.00,0,2,2,0,51,51,75550,51,0,0,0.000280,0.002033,0.045988,2.418640,0.402433,2.870145,2.898528,
12.00,0,2,3,0,51,51,75550,51,0,0,0.000090,0.001252,0.043805,2.944726,0.389855,3.380619,2.870366,
12.00,0,2,4,0,51,51,75550,51,0,0,0.000090,0.001463,0.038326,2.534181,0.401532,2.976333,3.380909,
12.00,0,2,5,0,51,51,75550,51,0,0,0.000091,0.001332,0.033589,2.421905,0.450304,2.908012,2.976533,
12.00,0,2,6,0,51,51,75550,51,0,0,0.000080,0.001102,0.038186,2.349718,0.410546,2.800573,2.908233,
12.00,0,2,7,0,51,51,75550,51,0,0,0.000091,0.000951,0.033950,2.488493,0.411918,2.936073,2.800743,
12.00,0,2,8,0,51,51,75550,51,0,0,0.000080,0.000931,0.042833,2.605715,0.455948,3.106049,2.936273,
12.00,0,2,9,0,51,51,75550,51,0,0,0.000191,0.001442,0.048772,2.735287,0.431988,3.218631,3.106249,
12.00,1,2,0,51,25,25,27710,25,0,0,0.000902,0.000961,0.044025,1.805275,0.435132,2.286865,,
12.00,1,2,1,51,25,25,27710,25,0,0,0.000891,0.001022,0.040460,1.869419,0.408713,2.321216,2.287085,
12.00,1,2,2,51,25,25,27710,25,0,0,0.001232,0.000881,0.040100,1.847246,0.391257,2.281327,2.321436,
12.00,1,2,3,51,25,25,27710,25,0,0,0.001612,0.000982,0.043213,1.836401,0.366441,2.249430,2.281538,
12.00,1,2,4,51,25,25,27710,25,0,0,0.001032,0.000821,0.058076,1.874346,0.384718,2.319984,2.249690,
12.00,1,2,5,51,25,25,27710,25,0,0,0.000731,0.000931,0.033039,1.715371,0.470415,2.220988,2.320174,
12.00,1,2,6,51,25,25,27710,25,0,0,0.001082,0.001312,0.134679,1.955656,0.361904,2.455594,2.221258,
12.00,1,2,7,51,25,25,27710,25,0,0,0.000942,0.001172,0.057976,1.785164,0.388664,2.235209,2.456125,
12.00,1,2,8,51,25,25,27710,25,0,0,0.000881,0.001202,0.043234,1.863310,0.360232,2.269560,2.235469,
12.00,1,2,9,51,25,25,27710,25,0,0,0.000941,0.001222,0.039489,1.852754,0.355365,2.250532,2.269790,
16.00,0,0,0,0,51,51,75550,51,0,0,0.000090,0.001462,0.044185,2.209331,0.428923,2.685103,,
16.00,0,0,1,0,51,51,75550,51,0,0,0.000100,0.001493,0.042653,2.394679,0.427381,2.867026,2.685314,
16.00,0,0,2,0,51,51,75550,51,0,0,0.000100,0.001011,0.037275,2.201218,0.379951,2.620207,2.867346,
16.00,0,0,3,0,51,51,75550,51,0,0,0.000090,0.001172,0.034511,2.176432,0.592104,2.804870,2.620397,
16.00,0,0,4,0,51,51,75550,51,0,0,0.000090,0.000992,0.034651,2.279254,0.398848,2.714596,2.805060,
16.00,0,0,5,0,51,51,75550,51,0,0,0.000091,0.000871,0.034381,2.112768,0.423886,2.572868,2.714806,
16.00,0,0,6,0,51,51,75550,51,0,0,0.000100,0.000931,0.034111,2.147770,0.424000,2.607443,2.573068,
16.00,0,0,7,0,51,51,75550,51,0,0,0.000080,0.001132,0.037976,2.228529,0.414262,2.682589,2.607684,
16.00,0,0,8,0,51,51,75550,51,0,0,0.000070,0.000911,0.034210,2.198885,0.379410,2.614248,2.682759,
16.00,0,0,9,0,51,51,75550,51,0,0,0.000081,0.001161,0.032467,2.227763,0.426119,2.688312,2.614379,
16.00,1,0,0,51,21,21,20350,21,0,0,0.000571,0.000751,0.031837,1.595871,0.429493,2.058993,,
16.00,1,0,1,51,21,21,20350,21,0,0,0.001052,0.000891,0.033839,1.475738,0.415494,1.927675,2.059194,
16.00,1,0,2,51,21,21,20350,21,0,0,0.000721,0.000771,0.043765,1.590898,0.528149,2.164935,1.927955,
16.00,1,0,3,51,21,21,20350,21,0,0,0.000591,0.000921,0.029754,1.461016,0.424206,1.917029,2.165105,
16.00,1,0,4,51,21,21,20350,21,0,0,0.000511,0.000891,0.027821,1.510849,0.404367,1.944980,1.917190,
16.00,1,0,5,51,21,21,20350,21,0,0,0.000551,0.000751,0.028873,1.386716,0.405499,1.822951,1.945160,
16.00,1,0,6,51,21,21,20350,21,0,0,0.000610,0.000752,0.031988,1.479623,0.427541,1.941415,1.823141,
16.00,1,0,7,51,21,21,20350,21,0,0,0.000581,0.000801,0.262708,1.494476,0.404642,2.163698,1.941616,
16.00,1,0,8,51,21,21,20350,21,0,0,0.000771,0.000992,0.035683,1.542401,0.404196,1.984714,2.163918,
16.00,1,0,9,51,21,21,20350,21,0,0,0.000741,0.000671,0.032588,1.460085,0.409494,1.904270,1.984905,
16.00,2,0,0,0,51,51,29810,21,19,11,0.000100,0.001402,0.032418,1.367944,0.556471,1.958816,,
16.00,2,0,1,0,51,51,29810,21,19,11,0.000080,0.001663,0.037175,1.367108,0.420150,1.826807,1.959016,
16.00,2,0,2,0,51,51,29810,21,19,11,0.000080,0.001342,0.036554,1.176547,0.469422,1.685167,1.827307,
16.00,2,0,3,0,51,51,29810,21,19,11,0.000090,0.001172,0.034431,1.320800,0.394121,1.751184,1.685318,
16.00,2,0,4,0,51,51,29810,21,19,11,0.000090,0.001242,0.035022,1.389200,0.408403,1.834598,1.751354,
16.00,2,0,5,0,51,51,29810,21,19,11,0.000091,0.001362,0.030605,1.208754,1.020326,2.261538,1.834768,
16.00,2,0,6,0,51,51,29810,21,19,11,0.000090,0.001712,0.044015,1.341820,0.400030,1.788369,2.261768,
16.00,2,0,7,0,51,51,29810,21,19,11,0.000081,0.001993,0.046498,1.284106,0.441231,1.774699,1.788570,
16.00,2,0,8,0,51,51,29810,21,19,11,0.000090,0.001642,0.044205,6.912422,0.491685,7.451237,1.774969,
16.00,2,0,9,0,51,51,29810,21,19,11,0.000200,0.001983,0.055682,1.412194,0.456544,1.928156,7.451678,
16.00,3,0,0,51,21,21,3970,11,3,7,0.000611,0.000952,0.032758,0.922852,3.828641,4.786324,,
16.00,3,0,1,51,21,21,3970,11,3,7,0.001062,0.001252,0.047680,0.940278,0.608899,1.600823,4.786554,
16.00,3,0,2,51,21,21,3970,11,3,7,0.000520,0.000982,0.030335,2.005700,0.562941,2.600929,1.600983,
16.00,3,0,3,51,21,21,3970,11,3,7,0.001001,0.001062,0.050244,1.045924,0.494950,1.593972,2.601159,
16.00,3,0,4,51,21,21,3970,11,3,7,0.000842,0.001081,0.040841,0.949030,0.429033,1.421487,1.594193,
16.00,3,0,5,51,21,21,3970,11,3,7,0.001042,0.001072,0.037455,1.408489,2.811779,4.260417,1.421698,
16.00,3,0,6,51,21,21,3970,11,3,7,0.000772,0.001432,0.041501,2.089895,0.570192,2.705073,4.260618,
16.00,3,0,7,51,21,21,3970,11,3,7,0.001031,0.001102,0.043805,0.861181,0.404527,1.312778,2.705633,
16.00,3,0,8,51,21,21,3970,11,3,7,0.000881,0.001102,0.038717,0.915471,0.381894,1.339207,1.313028,
16.00,3,0,9,51,21,21,3970,11,3,7,0.001252,0.001382,0.056954,0.842023,0.406630,1.308972,1.339487,
16.00,1,1,0,51,21,21,20350,21,0,0,0.000831,0.000942,0.038517,1.443040,0.444506,1.928677,,
16.00,1,1,1,51,21,21,20350,21,0,0,0.000831,0.001042,0.039438,1.450752,0.419318,1.912222,1.928897,
16.00,1,1,2,51,21,21,20350,21,0,0,0.001021,0.001012,0.039028,1.472944,0.434241,1.949057,1.912653,
16.00,1,1,3,51,21,21,20350,21,0,0,0.000891,0.001102,0.039408,1.704306,0.458556,2.205144,1.949287,
16.00,1,1,4,51,21,21,20350,21,0,0,0.000891,0.001102,0.041852,1.754149,0.495396,2.294421,2.205385,
16.00,1,1,5,51,21,21,20350,21,0,0,0.000901,0.000881,0.091184,1.544615,0.439859,2.078082,2.294641,
16.00,1,1,6,51,21,21,20350,21,0,0,0.000922,0.000891,0.040821,1.646540,0.424166,2.114311,2.078312,
16.00,1,1,7,51,21,21,20350,21,0,0,0.000861,0.001061,0.038306,1.521235,0.409925,1.971980,2.114531,
16.00,1,1,8,51,21,21,20350,21,0,0,0.001111,0.001292,0.038517,1.545351,0.436554,2.023486,1.972211,
16.00,1,1,9,51,21,21,20350,21,0,0,0.001032,0.000901,0.042533,1.707751,0.529261,2.282239,2.023686,
16.00,2,1,0,0,51,51,29810,21,19,11,0.000080,0.001543,0.037515,1.218238,2.084136,3.342172,,
16.00,2,1,1,0,51,51,29810,21,19,11,0.000080,0.001402,0.033950,1.322912,0.469073,1.828058,3.342423,
16.00,2,1,2,0,51,51,29810,21,19,11,0.000091,0.001352,0.032257,1.260150,0.451086,1.745546,1.828228,
16.00,2,1,3,0,51,51,29810,21,19,11,0.000091,0.001532,0.034511,1.241412,0.497594,1.776091,1.745716,
16.00,2,1,4,0,51,51,29810,21,19,11,0.000080,0.001101,0.032878,1.368560,0.477565,1.881206,1.776272,
16.00,2,1,5,0,51,51,29810,21,19,11,0.000090,0.001282,0.033369,1.258868,0.568609,1.862839,1.881446,
16.00,2,1,6,0,51,51,29810,21,19,11,0.000100,0.001712,0.145234,2.920630,0.492297,3.560805,1.863060,
16.00,2,1,7,0,51,51,29810,21,19,11,0.000100,0.002474,0.044636,1.268332,0.420841,1.737364,3.561226,
16.00,2,1,8,0,51,51,29810,21,19,11,0.000100,0.001582,0.042823,3.242425,0.440631,3.728223,1.737574,
16.00,2,1,9,0,51,51,29810,21,19,11,0.000070,0.001272,0.035292,1.179370,0.447941,1.664807,3.728813,
16.00,3,1,0,51,21,21,3970,11,3,7,0.000561,0.001031,0.028192,0.823425,0.423415,1.277035,,
16.00,3,1,1,51,21,21,3970,11,3,7,0.000521,0.001031,0.029003,0.863294,0.436154,1.330394,1.277175,
16.00,3,1,2,51,21,21,3970,11,3,7,0.000541,0.000861,0.027971,0.916433,0.472267,1.418534,1.330524,
16.00,3,1,3,51,21,21,3970,11,3,7,0.000511,0.001142,0.029584,0.828713,0.447540,1.307910,1.418754,
16.00,3,1,4,51,21,21,3970,11,3,7,0.000511,0.000751,0.027220,0.829314,0.473028,1.331175,1.308060,
16.00,3,1,5,51,21,21,3970,11,3,7,0.000721,0.000761,0.044766,0.851577,2.224153,3.122369,1.331345,
16.00,3,1,6,51,21,21,3970,11,3,7,0.000631,0.000912,0.031607,0.941699,0.469713,1.444982,3.122579,
16.00,3,1,7,51,21,21,3970,11,3,7,0.000540,0.000852,0.031526,0.889563,0.416034,1.339146,1.445173,
16.00,3,1,8,51,21,21,3970,11,3,7,0.000521,0.000821,0.031186,0.864215,0.459939,1.357143,1.339326,
16.00,3,1,9,51,21,21,3970,11,3,7,0.000541,0.000791,0.028752,0.843445,0.486819,1.360789,1.357313,
16.00,0,1,0,0,51,51,75550,51,0,0,0.000080,0.001192,0.033440,2.148340,0.388173,2.571845,,
16.00,0,1,1,0,51,51,75550,51,0,0,0.000070,0.001182,0.033389,2.269440,0.439008,2.743610,2.572025,
16.00,0,1,2,0,51,51,75550,51,0,0,0.000080,0.001172,0.034300,2.246075,0.466539,2.748957,2.743820,
16.00,0,1,3,0,51,51,75550,51,0,0,0.000070,0.001322,0.034541,2.098958,0.441261,2.576793,2.749147,
16.00,0,1,4,0,51,51,75550,51,0,0,0.000090,0.001102,0.031376,2.178566,0.417536,2.629070,2.576964,
16.00,0,1,5,0,51,51,75550,51,0,0,0.000080,0.001071,0.034370,2.252545,0.449683,2.738291,2.629250,
16.00,0,1,6,0,51,51,75550,51,0,0,0.000080,0.000841,0.034931,2.187849,0.443464,2.667827,2.738461,
16.00,0,1,7,0,51,51,75550,51,0,0,0.000080,0.001062,0.033059,2.244883,0.423004,2.702548,2.668028,
16.00,0,1,8,0,51,51,75550,51,0,0,0.000080,0.000922,0.034280,2.195320,0.442273,2.673335,2.702729,
16.00,0,1,9,0,51,51,75550,51,0,0,0.000080,0.001152,0.034041,2.284301,0.449273,2.769427,2.673676,
16.00,2,2,0,0,51,51,29810,21,19,11,0.000070,0.001322,0.033580,1.226309,0.435103,1.697045,,
16.00,2,2,1,0,51,51,29810,21,19,11,0.000080,0.001232,0.030996,1.155355,0.448622,1.636735,1.697205,
16.00,2,2,2,0,51,51,29810,21,19,11,0.000080,0.001082,0.029854,1.176587,0.452017,1.660130,1.636886,
16.00,2,2,3,0,51,51,29810,21,19,11,0.000070,0.001141,0.029914,1.225208,0.453169,1.710044,1.660300,
16.00,2,2,4,0,51,51,29810,21,19,11,0.000070,0.001011,0.032719,1.151489,0.437706,1.623446,1.710204,
16.00,2,2,5,0,51,51,29810,21,19,11,0.000070,0.001282,0.029784,1.235373,0.434411,1.701331,1.623626,
16.00,2,2,6,0,51,51,29810,21,19,11,0.000081,0.001151,0.033630,1.268582,0.441051,1.745025,1.701652,
16.00,2,2,7,0,51,51,29810,21,19,11,0.000080,0.001222,0.031767,1.156116,0.490164,1.679869,1.745206,
16.00,2,2,8,0,51,51,29810,21,19,11,0.000080,0.001482,0.031817,1.209575,0.501250,1.744865,1.680059,
16.00,2,2,9,0,51,51,29810,21,19,11,0.000070,0.001061,0.030885,1.173322,0.431627,1.637407,1.745005,
16.00,3,2,0,51,21,21,3970,11,3,7,0.000991,0.001542,0.043554,0.917864,0.418258,1.383101,,
16.00,3,2,1,51,21,21,3970,11,3,7,0.000781,0.001302,0.039578,3.162507,0.365390,3.570159,1.383281,
16.00,3,2,2,51,21,21,3970,11,3,7,0.001232,0.001382,0.042783,0.874310,0.760583,1.681051,3.570379,
16.00,3,2,3,51,21,21,3970,11,3,7,0.000621,0.001021,0.042342,0.899107,0.389896,1.333819,1.681231,
16.00,3,2,4,51,21,21,3970,11,3,7,0.000821,0.001232,0.039929,0.989836,0.381262,1.413651,1.334009,
16.00,3,2,5,51,21,21,3970,11,3,7,0.001101,0.001042,0.043084,0.969901,0.381283,1.397062,1.413882,
16.00,3,2,6,51,21,21,3970,11,3,7,0.000931,0.001282,0.041842,0.867430,0.404617,1.316753,1.397252,
16.00,3,2,7,51,21,21,3970,11,3,7,0.000971,0.001493,0.039128,0.906447,0.406641,1.355731,1.316954,
16.00,3,2,8,51,21,21,3970,11,3,7,0.000841,0.001021,0.039278,0.950332,0.496673,1.488857,1.355911,
16.00,3,2,9,51,21,21,3970,11,3,7,0.000841,0.001052,0.039068,0.894730,0.378689,1.315021,1.489047,
16.00,0,2,0,0,51,51,75550,51,0,0,0.000100,0.001472,0.047360,2.310851,0.480839,2.841854,,
16.00,0,2,1,0,51,51,75550,51,0,0,0.000090,0.001813,0.048182,2.302818,0.578233,2.931846,2.842095,
16.00,0,2,2,0,51,51,75550,51,0,0,0.000201,0.001892,0.044105,2.353173,0.481841,2.882213,2.932077,
16.00,0,2,3,0,51,51,75550,51,0,0,0.000100,0.001382,0.047640,2.509294,0.466008,3.025165,2.882454,
16.00,0,2,4,0,51,51,75550,51,0,0,0.000110,0.002684,0.050625,2.257211,0.431437,2.743259,3.025665,
16.00,0,2,5,0,51,51,75550,51,0,0,0.000101,0.001392,0.059288,2.216671,0.465277,2.743730,2.743539,
16.00,0,2,6,0,51,51,75550,51,0,0,0.000120,0.001603,0.044135,2.280506,0.443995,2.771410,2.743930,
16.00,0,2,7,0,51,51,75550,51,0,0,0.000101,0.001121,0.045988,2.546548,0.446639,3.041418,2.771811,
16.00,0,2,8,0,51,51,75550,51,0,0,0.000100,0.001322,0.046529,2.501802,0.452908,3.003542,3.041699,
16.00,0,2,9,0,51,51,75550,51,0,0,0.000090,0.002013,0.051156,2.175420,0.422864,2.652364,3.003743,
16.00,1,2,0,51,21,21,20350,21,0,0,0.000631,0.001212,0.043955,1.538611,0.408633,1.993552,,
16.00,1,2,1,51,21,21,20350,21,0,0,0.001012,0.001241,0.040670,2.238283,0.478346,2.760224,1.993782,
16.00,1,2,2,51,21,21,20350,21,0,0,0.000861,0.001061,0.040950,1.913554,0.406931,2.364129,2.760595,
16.00,1,2,3,51,21,21,20350,21,0,0,0.001252,0.001082,0.042152,1.552732,0.389966,1.988225,2.364419,
16.00,1,2,4,51,21,21,20350,21,0,0,0.001012,0.001392,0.041241,1.504660,0.414492,1.963658,1.988515,
16.00,1,2,5,51,21,21,20350,21,0,0,0.000901,0.001052,0.039798,1.508387,0.409945,1.960944,1.963889,
16.00,1,2,6,51,21,21,20350,21,0,0,0.001042,0.000941,0.044877,1.479683,0.426560,1.954104,1.961204,
16.00,1,2,7,51,21,21,20350,21,0,0,0.000881,0.001242,0.040620,2.865439,0.469373,3.378316,1.954334,
16.00,1,2,8,51,21,21,20350,21,0,0,0.001022,0.001332,0.044766,1.626090,0.474460,2.148541,3.378546,
16.00,1,2,9,51,21,21,20350,21,0,0,0.000931,0.001042,0.044756,1.555015,0.398989,2.001575,2.148761,
16.50,0,0,0,0,51,51,75550,51,0,0,0.000100,0.001783,0.047210,2.287065,0.504835,2.841854,,
16.50,0,0,1,0,51,51,75550,51,0,0,0.000100,0.001783,0.048392,2.208790,0.406930,2.666866,2.842084,
16.50,0,0,2,0,51,51,75550,51,0,0,0.000190,0.001482,0.047991,2.374174,0.384817,2.809676,2.667307,
16.50,0,0,3,0,51,51,75550,51,0,0,0.000090,0.001142,0.045177,2.307595,0.426970,2.782035,2.809907,
16.50,0,0,4,0,51,51,75550,51,0,0,0.000100,0.001643,0.045678,2.174419,0.391167,2.614328,2.782376,
16.50,0,0,5,0,51,51,75550,51,0,0,0.000100,0.001062,0.059468,2.235289,0.419499,2.716729,2.614549,
16.50,0,0,6,0,51,51,75550,51,0,0,0.000090,0.001262,0.046419,2.153638,0.396685,2.599045,2.716950,
16.50,0,0,7,0,51,51,75550,51,0,0,0.000100,0.001632,0.041471,2.385360,0.443625,2.873090,2.599276,
16.50,0,0,8,0,51,51,75550,51,0,0,0.000090,0.001543,0.044045,2.308917,0.413040,2.768305,2.873341,
16.50,0,0,9,0,51,51,75550,51,0,0,0.000090,0.001042,0.044355,2.257262,0.611602,2.915022,2.768545,
16.50,1,0,0,51,21,21,20350,21,0,0,0.000862,0.001282,0.041541,1.608624,0.505737,2.159728,,
16.50,1,0,1,51,21,21,20350,21,0,0,0.000992,0.001402,0.041592,1.547443,0.389275,1.981695,2.160058,
16.50,1,0,2,51,21,21,20350,21,0,0,0.000932,0.001061,0.043173,1.438693,0.432819,1.917810,1.981925,
16.50,1,0,3,51,21,21,20350,21,0,0,0.000821,0.001042,0.041221,1.995154,0.441672,2.481051,1.918041,
16.50,1,0,4,51,21,21,20350,21,0,0,0.001272,0.001152,0.041932,1.550278,0.415373,2.011168,2.481292,
16.50,1,0,5,51,21,21,20350,21,0,0,0.001052,0.000951,0.042153,1.539612,0.413811,1.998460,2.011418,
16.50,1,0,6,51,21,21,20350,21,0,0,0.000921,0.000841,0.042693,1.553553,0.405508,2.004438,1.998690,
16.50,1,0,7,51,21,21,20350,21,0,0,0.000921,0.001462,0.039919,1.578770,0.413560,2.035684,2.004669,
16.50,1,0,8,51,21,21,20350,21,0,0,0.000892,0.001141,0.042133,1.532822,0.476143,2.053842,2.035914,
16.50,1,0,9,51,21,21,20350,21,0,0,0.000922,0.001221,0.057985,1.482418,0.419078,1.962536,2.054122,
16.50,2,0,0,0,51,51,28410,20,20,11,0.000090,0.002274,0.045477,1.231918,0.390196,1.670956,,
16.50,2,0,1,0,51,51,28410,20,20,11,0.000100,0.001943,0.041341,1.163317,0.391538,1.599091,1.671196,
16.50,2,0,2,0,51,51,28410,20,20,11,0.000090,0.001963,0.041421,1.132511,0.366581,1.543227,1.599311,
16.50,2,0,3,0,51,51,28410,20,20,11,0.000100,0.001642,0.040250,1.167583,0.406150,1.616476,1.543438,
16.50,2,0,4,0,51,51,28410,20,20,11,0.000090,0.001572,0.041671,1.163117,0.374562,1.581854,1.616686,
16.50,2,0,5,0,51,51,28410,20,20,11,0.000110,0.001602,0.040490,1.415189,0.367612,1.825854,1.582105,
16.50,2,0,6,0,51,51,28410,20,20,11,0.000090,0.002724,0.042583,1.439765,0.389514,1.875638,1.826044,
16.50,2,0,7,0,51,51,28410,20,20,11,0.000090,0.001522,0.044176,1.159010,0.393401,1.599120,1.875819,
16.50,2,0,8,0,51,51,28410,20,20,11,0.000090,0.001723,0.041712,1.177818,0.505276,1.727410,1.599330,
16.50,2,0,9,0,51,51,28410,20,20,11,0.000190,0.001182,0.033810,1.219179,0.360332,1.615224,1.727730,
16.50,3,0,0,51,21,21,2570,10,4,7,0.000821,0.001162,0.036824,0.827101,0.366601,1.233090,,
16.50,3,0,1,51,21,21,2570,10,4,7,0.000831,0.001002,0.035202,0.832148,0.371408,1.241242,1.233280,
16.50,3,0,2,51,21,21,2570,10,4,7,0.000812,0.000941,0.038297,0.833059,0.535811,1.409740,1.241433,
16.50,3,0,3,51,21,21,2570,10,4,7,0.000541,0.000821,0.040660,0.835643,0.373101,1.251237,1.409970,
16.50,3,0,4,51,21,21,2570,10,4,7,0.000821,0.001001,0.037846,0.822453,0.389986,1.252789,1.251417,
16.50,3,0,5,51,21,21,2570,10,4,7,0.000812,0.000981,0.035773,0.867630,0.396476,1.302583,1.252989,
16.50,3,0,6,51,21,21,2570,10,4,7,0.001042,0.001032,0.038206,1.016515,0.372620,1.430195,1.303174,
16.50,3,0,7,51,21,21,2570,10,4,7,0.001021,0.001252,0.041041,0.866408,0.358980,1.269413,1.430416,
16.50,3,0,8,51,21,21,2570,10,4,7,0.001061,0.001332,0.040050,0.833640,0.438116,1.315151,1.269623,
16.50,3,0,9,51,21,21,2570,10,4,7,0.001101,0.001052,0.055612,0.800221,0.386080,1.244817,1.315342,
16.50,1,1,0,51,21,21,20350,21,0,0,0.001281,0.000952,0.042192,1.592551,1.099432,2.737149,,
16.50,1,1,1,51,21,21,20350,21,0,0,0.001192,0.001803,0.046088,1.561695,0.370837,1.983117,2.737640,
16.50,1,1,2,51,21,21,20350,21,0,0,0.000932,0.000971,0.040781,1.533012,0.391448,1.968005,1.983347,
16.50,1,1,3,51,21,21,20350,21,0,0,0.000841,0.001002,0.037836,1.477941,0.346341,1.864672,1.968205,
16.50,1,1,4,51,21,21,20350,21,0,0,0.000892,0.001031,0.040700,1.478001,0.343266,1.864741,1.865013,
16.50,1,1,5,51,21,21,20350,21,0,0,0.000851,0.001112,0.040329,1.481747,0.358229,1.882959,1.865002,
16.50,1,1,6,51,21,21,20350,21,0,0,0.000872,0.001221,0.040019,1.567945,0.723493,2.335002,1.883239,
16.50,1,1,7,51,21,21,20350,21,0,0,0.001241,0.001813,0.044605,1.657477,0.464365,2.170644,2.335482,
16.50,1,1,8,51,21,21,20350,21,0,0,0.001152,0.001172,0.043755,1.572440,0.466258,2.086219,2.170894,
16.50,1,1,9,51,21,21,20350,21,0,0,0.000941,0.000821,0.037466,4.038881,0.423165,4.502246,2.086439,
16.50,2,1,0,0,51,51,28410,20,20,11,0.000100,0.002013,0.045597,1.400016,0.422694,1.871462,,
16.50,2,1,1,0,51,51,28410,20,20,11,0.000100,0.001612,0.044014,1.179511,0.384828,1.610937,1.871773,
16.50,2,1,2,0,51,51,28410,20,20,11,0.000100,0.001763,0.045026,1.265398,0.409164,1.722412,1.611218,
16.50,2,1,3,0,51,51,28410,20,20,11,0.000111,0.001922,0.043104,1.234782,0.435362,1.716413,1.722732,
16.50,2,1,4,0,51,51,28410,20,20,11,0.000100,0.001863,0.047801,1.173372,0.400951,1.625218,1.716614,
16.50,2,1,5,0,51,51,28410,20,20,11,0.000090,0.001993,0.043054,1.268392,0.414552,1.729232,1.625439,
16.50,2,1,6,0,51,51,28410,20,20,11,0.000120,0.001553,0.041912,1.181854,0.389264,1.615644,1.729552,
16.50,2,1,7,0,51,51,28410,20,20,11,0.000101,0.001772,0.043043,1.158510,0.400461,1.604748,1.615825,
16.50,2,1,8,0,51,51,28410,20,20,11,0.000100,0.001562,0.041441,1.087826,0.386620,1.518611,1.604938,
16.50,2,1,9,0,51,51,28410,20,20,11,0.000100,0.001522,0.041611,1.125431,0.357227,1.526913,1.518822,
16.50,3,1,0,51,21,21,2570,10,4,7,0.000961,0.001092,0.038217,0.974298,0.380101,1.395650,,
16.50,3,1,1,51,21,21,2570,10,4,7,0.001062,0.001182,0.040690,0.785109,0.386630,1.215834,1.395870,
16.50,3,1,2,51,21,21,2570,10,4,7,0.000801,0.001041,0.036364,0.858647,0.361243,1.258837,1.216015,
16.50,3,1,3,51,21,21,2570,10,4,7,0.000872,0.000991,0.040410,0.919747,0.425779,1.388459,1.259038,
16.50,3,1,4,51,21,21,2570,10,4,7,0.000961,0.000992,0.039508,0.917134,0.531925,1.491281,1.388689,
16.50,3,1,5,51,21,21,2570,10,4,7,0.000801,0.000961,0.043614,0.876173,0.411998,1.334159,1.491471,
16.50,3,1,6,51,21,21,2570,10,4,7,0.000801,0.001032,0.038517,0.846549,0.405559,1.292989,1.334379,
16.50,3,1,7,51,21,21,2570,10,4,7,0.000881,0.001302,0.038948,0.857846,0.490003,1.389551,1.293219,
16.50,3,1,8,51,21,21,2570,10,4,7,0.000581,0.000961,0.040580,0.885857,0.403846,1.332326,1.389751,
16.50,3,1,9,51,21,21,2570,10,4,7,0.000801,0.000892,0.035122,0.836484,0.578584,1.452594,1.332526,
16.50,0,1,0,0,51,51,75550,51,0,0,0.000081,0.001321,0.037765,2.233036,0.448682,2.721546,,
16.50,0,1,1,0,51,51,75550,51,0,0,0.000080,0.001162,0.034140,2.290301,0.363106,2.689259,2.721737,
16.50,0,1,2,0,51,51,75550,51,0,0,0.000081,0.001171,0.034721,2.269780,0.475462,2.782056,2.689459,
16.50,0,1,3,0,51,51,75550,51,0,0,0.000090,0.001322,0.036333,2.177855,0.476553,2.693065,2.782296,
16.50,0,1,4,0,51,51,75550,51,0,0,0.000080,0.001021,0.035021,2.201419,0.413530,2.651783,2.693275,
16.50,0,1,5,0,51,51,75550,51,0,0,0.000080,0.001192,0.034020,2.193117,0.427822,2.656711,2.651954,
16.50,0,1,6,0,51,51,75550,51,0,0,0.000080,0.001081,0.033369,2.356828,0.422364,2.814334,2.657001,
16.50,0,1,7,0,51,51,75550,51,0,0,0.000081,0.001131,0.041511,2.215359,0.486508,2.745231,2.814504,
16.50,0,1,8,0,51,51,75550,51,0,0,0.000080,0.001122,0.034571,2.338651,0.405319,2.780294,2.745782,
16.50,0,1,9,0,51,51,75550,51,0,0,0.000080,0.001051,0.035572,2.238884,0.380692,2.656951,2.780464,
16.50,2,2,0,0,51,51,28410,20,20,11,0.000070,0.001402,0.084865,1.183727,0.432849,1.703294,,
16.50,2,2,1,0,51,51,28410,20,20,11,0.000090,0.001232,0.032187,1.091271,0.451647,1.576808,1.703484,
16.50,2,2,2,0,51,51,28410,20,20,11,0.000081,0.001342,0.032398,1.209585,0.467339,1.711305,1.576978,
16.50,2,2,3,0,51,51,28410,20,20,11,0.000080,0.001513,0.039128,1.280429,0.388824,1.710785,1.711525,
16.50,2,2,4,0,51,51,28410,20,20,11,0.000090,0.001202,0.034120,1.154023,0.437285,1.627501,1.711106,
16.50,2,2,5,0,51,51,28410,20,20,11,0.000081,0.001712,0.037224,1.195705,0.400211,1.635814,1.627672,
16.50,2,2,6,0,51,51,28410,20,20,11,0.000090,0.001272,0.035142,1.124560,0.418568,1.580193,1.636024,
16.50,2,2,7,0,51,51,28410,20,20,11,0.000081,0.001141,0.031417,1.114425,0.383365,1.530949,1.580363,
16.50,2,2,8,0,51,51,28410,20,20,11,0.000081,0.001201,0.049322,1.158841,0.426569,1.636735,1.531120,
16.50,2,2,9,0,51,51,28410,20,20,11,0.000100,0.001452,0.035512,1.120424,0.419619,1.577708,1.636926,
16.50,3,2,0,51,21,21,2570,10,4,7,0.000671,0.000792,0.028892,1.119893,0.425588,1.576276,,
16.50,3,2,1,51,21,21,2570,10,4,7,0.000621,0.000921,0.030054,0.809846,0.439338,1.281181,1.576446,
16.50,3,2,2,51,21,21,2570,10,4,7,0.000520,0.000762,0.028231,0.751479,0.410777,1.192200,1.281351,
16.50,3,2,3,51,21,21,2570,10,4,7,0.000551,0.000721,0.027470,0.839960,0.377807,1.247060,1.192390,
16.50,3,2,4,51,21,21,2570,10,4,7,0.000681,0.000781,0.029533,0.814672,0.434762,1.280900,1.247271,
16.50,3,2,5,51,21,21,2570,10,4,7,0.000541,0.000781,0.028492,0.760472,0.496814,1.287551,1.281060,
16.50,3,2,6,51,21,21,2570,10,4,7,0.000541,0.000661,0.029454,0.747954,0.449363,1.228353,1.287731,
16.50,3,2,7,51,21,21,2570,10,4,7,0.000520,0.000782,0.029683,0.986486,0.391338,1.409240,1.228543,
16.50,3,2,8,51,21,21,2570,10,4,7,0.000671,0.000811,0.032027,0.761735,0.410025,1.205760,1.409410,
16.50,3,2,9,51,21,21,2570,10,4,7,0.000540,0.000681,0.027751,0.840431,0.428212,1.298036,1.205920,
16.50,0,2,0,0,51,51,75550,51,0,0,0.000100,0.001973,0.055793,2.223902,0.515981,2.799441,,
16.50,0,2,1,0,51,51,75550,51,0,0,0.000080,0.001352,0.039768,2.213026,0.410036,2.665735,2.799651,
16.50,0,2,2,0,51,51,75550,51,0,0,0.000101,0.001452,0.037035,2.185084,0.421583,2.645775,2.665945,
16.50,0,2,3,0,51,51,75550,51,0,0,0.000101,0.001021,0.032748,2.147289,0.427912,2.609792,2.645985,
16.50,0,2,4,0,51,51,75550,51,0,0,0.000090,0.001552,0.045688,2.398550,0.423405,2.869996,2.610022,
16.50,0,2,5,0,51,51,75550,51,0,0,0.000110,0.001482,0.044045,2.241178,0.396215,2.683801,2.870206,
16.50,0,2,6,0,51,51,75550,51,0,0,0.000101,0.001271,0.043464,2.207368,0.416976,2.670482,2.684041,
16.50,0,2,7,0,51,51,75550,51,0,0,0.000090,0.001422,0.045167,2.692514,0.399029,3.138963,2.670712,
16.50,0,2,8,0,51,51,75550,51,0,0,0.000110,0.001202,0.045217,2.349798,0.386270,2.783679,3.139423,
16.50,0,2,9,0,51,51,75550,51,0,0,0.000100,0.001162,0.043605,2.535181,0.427671,3.009191,2.784089,
16.50,1,2,0,51,21,21,20350,21,0,0,0.000902,0.000981,0.042012,1.513103,0.524084,2.081813,,
16.50,1,2,1,51,21,21,20350,21,0,0,0.000651,0.001101,0.041881,1.578290,0.400726,2.023171,2.082183,
16.50,1,2,2,51,21,21,20350,21,0,0,0.000761,0.000921,0.038107,1.406405,0.399419,1.846194,2.023391,
16.50,1,2,3,51,21,21,20350,21,0,0,0.000771,0.000852,0.030094,1.430391,0.388013,1.850521,1.846385,
16.50,1,2,4,51,21,21,20350,21,0,0,0.000540,0.000631,0.030014,1.416921,0.453499,1.902057,1.850781,
16.50,1,2,5,51,21,21,20350,21,0,0,0.000611,0.000841,0.032027,1.447937,0.379410,1.861337,1.902258,
16.50,1,2,6,51,21,21,20350,21,0,0,0.000591,0.000862,0.031316,1.423661,0.402795,1.859805,1.861507,
16.50,1,2,7,51,21,21,20350,21,0,0,0.000571,0.000851,0.030265,1.501335,0.381844,1.915357,1.859995,
16.50,1,2,8,51,21,21,20350,21,0,0,0.000541,0.000841,0.032268,1.406165,0.342736,1.783342,1.915527,
16.50,1,2,9,51,21,21,20350,21,0,0,0.000531,0.000631,0.027320,1.426956,0.365670,1.821509,1.783492,
