time,mode,repeat,samples,tested,visible,draws,triangles,lod0,lod1,lod2,cpu_frustum_ms_median,cpu_frustum_ms_p95,cpu_lod_selection_ms_median,cpu_lod_selection_ms_p95,cpu_encode_ms_median,cpu_encode_ms_p95,cpu_submit_ms_median,cpu_submit_ms_p95,native_queue_wait_ms_median,native_queue_wait_ms_p95,native_queue_completion_wall_ms_median,native_queue_completion_wall_ms_p95,native_frame_interval_ms_median,native_frame_interval_ms_p95
0.0,0,pooled,30,0,51,51,75550,51,0,0,0.0001,0.000311,0.0015225,0.001873,0.0491625,0.072086,3.0583910000000003,3.980535,0.5381345,0.838067,3.7124815,4.577025,3.629346,4.267058
0.0,0,0,10,0,51,51,75550,51,0,0,0.0001,0.00028,0.0013670000000000002,0.001813,0.0480405,0.054981,2.964931,3.236517,0.5492505000000001,0.715246,3.566684,3.820439,3.566453,3.820879
0.0,0,1,10,0,51,51,75550,51,0,0,0.0001,0.000311,0.0014475,0.001873,0.0480905,0.072086,3.2570065,3.980535,0.514474,0.888461,3.8348690000000003,4.577025,3.820718,4.577295
0.0,0,2,10,0,51,51,75550,51,0,0,9.55e-05,0.000571,0.0016175,0.002394,0.06053,0.124513,3.2355549999999997,6.195444,0.527719,0.838067,3.749253,6.762541,3.736855,4.267058
0.0,1,pooled,30,51,22,22,22190,22,0,0,0.001141,0.001472,0.0011819999999999999,0.001512,0.044801,0.052748,2.533604,3.154385,0.5381395,0.67074,3.1242785,3.80078,3.124927,3.80102
0.0,1,0,10,51,22,22,22190,22,0,0,0.001141,0.001472,0.001197,0.001362,0.0430635,0.052748,2.409999,2.857347,0.557383,0.759791,3.0972210000000002,3.455881,3.12419,3.456101
0.0,1,1,10,51,22,22,22190,22,0,0,0.0011164999999999999,0.001472,0.0010615,0.001372,0.0440845,0.050765,2.2365005,3.154385,0.52842,0.641702,2.875178,3.80078,2.922638,3.80102
0.0,1,2,10,51,22,22,22190,22,0,0,0.0011765,0.001392,0.001297,0.02003,0.0469145,0.06135,2.7324925,3.603458,0.5032575,0.618122,3.3096569999999996,4.270963,3.32385,4.271293
0.0,2,pooled,30,0,51,51,27050,20,16,15,9e-05,0.000201,0.001667,0.002223,0.045092,0.060689,1.5907425000000002,1.957449,0.5164025000000001,0.714475,2.1897165000000003,2.555472,2.192516,2.555682
0.0,2,0,10,0,51,51,27050,20,16,15,9e-05,0.000201,0.001647,0.002223,0.0454125,0.095,1.6671035,1.957449,0.5681784999999999,0.724815,2.3056729999999996,2.555472,2.305944,2.555682
0.0,2,1,10,0,51,51,27050,20,16,15,0.0001,0.000221,0.0016870000000000001,0.002263,0.04745,0.060689,1.485027,1.838293,0.5055565,0.529321,1.9821055,2.33401,1.984189,2.33446
0.0,2,2,10,0,51,51,27050,20,16,15,9e-05,0.000121,0.0015575,0.001913,0.043288999999999994,0.059638,1.5568625,2.247106,0.5164025000000001,0.714475,2.1195835,2.759883,2.172406,2.760124
0.0,3,pooled,30,51,22,22,2330,10,3,9,0.0009015,0.001141,0.001071,0.001412,0.039994,0.067549,1.220396,1.649314,0.48559149999999995,0.640666,1.770002,2.225975,1.75469,2.226186
0.0,3,0,10,51,22,22,2330,10,3,9,0.000931,0.001402,0.001167,0.001412,0.0402395,0.067549,1.2803149999999999,1.658297,0.559661,0.74505,1.939257,2.225975,1.921045,2.226186
0.0,3,1,10,51,22,22,2330,10,3,9,0.000862,0.000992,0.001101,0.009263,0.0392635,0.050074,1.1171635000000002,1.529617,0.483378,0.640666,1.6490335,2.058518,1.658848,2.058709
0.0,3,2,10,51,22,22,2330,10,3,9,0.000881,0.001141,0.0010015,0.001071,0.043137999999999996,0.122231,1.233145,1.649314,0.474245,0.528771,1.770002,2.229891,1.75469,2.230121
2.0,0,pooled,30,0,51,51,75550,51,0,0,0.0001,0.000111,0.0016425,0.002303,0.053694,0.083734,3.3352575,5.279141,0.595286,1.210356,3.9711105,6.471551,3.993333,6.471921
2.0,0,0,10,0,51,51,75550,51,0,0,0.0001,0.000111,0.001437,0.002214,0.051706,0.176621,3.2544934999999997,3.486586,0.519662,0.667365,3.8184234999999997,4.18779,3.836983,4.188031
2.0,0,1,10,0,51,51,75550,51,0,0,9e-05,0.000121,0.0017274999999999999,0.002624,0.0649805,0.083734,4.5075025,5.763586,0.6260840000000001,1.311085,5.2650155000000005,6.605128,5.310467,6.605459
2.0,0,2,10,0,51,51,75550,51,0,0,0.0001,0.000111,0.001802,0.002303,0.05077,0.068551,2.9590170000000002,5.279141,0.608393,1.210356,3.581125,6.101684,3.592112,6.102265
2.0,1,pooled,30,51,13,13,12942,13,0,0,0.0010314999999999999,0.001522,0.0008015,0.001122,0.046389,0.098416,2.4240555,3.870303,0.538635,0.907779,3.025721,4.61397,3.016582,4.501053
2.0,1,0,10,51,13,13,12942,13,0,0,0.0009365,0.001782,0.000846,0.001122,0.0595375,0.103212,2.406935,3.91612,0.485076,0.841671,2.9944325000000003,4.61397,2.973344,3.387439
2.0,1,1,10,51,13,13,12942,13,0,0,0.0010509999999999999,0.001522,0.000726,0.001312,0.0475055,0.077774,3.315564,3.870303,0.549486,1.094155,3.961336,4.637704,3.965803,4.638175
2.0,1,2,10,51,13,13,12942,13,0,0,0.001117,0.001382,0.0008165,0.001122,0.044876,0.098416,2.092022,2.552942,0.5295415,0.800276,2.684399,3.276661,2.767029,3.276911
2.0,2,pooled,30,0,51,51,29350,18,33,0,8e-05,0.0002,0.001698,0.002463,0.041536000000000003,0.124514,2.3722315,2.735087,0.5113795,0.938626,2.9542945,3.687162,2.94753,3.687352
2.0,2,0,10,0,51,51,29350,18,33,0,8.5e-05,0.000201,0.001807,0.002203,0.041536000000000003,0.124514,2.409306,2.620557,0.4999425,0.938626,2.9670385,3.687162,2.972897,3.687352
2.0,2,1,10,0,51,51,29350,18,33,0,9.55e-05,0.00011,0.0021085,0.003915,0.0467935,0.136611,2.170849,2.414413,0.526167,0.68382,2.7594525,3.044704,2.757369,3.044874
2.0,2,2,10,0,51,51,29350,18,33,0,8e-05,9e-05,0.001482,0.001703,0.038317000000000004,0.050064,2.397804,3.168956,0.5257905,0.960778,3.03851,3.898013,3.012727,3.898413
2.0,3,pooled,30,51,13,13,4542,7,6,0,0.0007964999999999999,0.001271,0.000826,0.001042,0.043369,0.063553,2.1619409999999997,3.184029,0.5131975,1.195074,2.7518165000000003,4.045671,2.74356,4.045872
2.0,3,0,10,51,13,13,4542,7,6,0,0.00047599999999999997,0.000601,0.000731,0.001051,0.0367995,0.051215,1.9900365,2.510715,0.4849155,0.550984,2.538296,3.033727,2.540609,3.036341
2.0,3,1,10,51,13,13,4542,7,6,0,0.000901,0.001463,0.0009209999999999999,0.001012,0.0443755,0.065907,2.1857759999999997,3.184029,0.5137134999999999,0.557112,2.767274,3.707882,2.762547,3.708093
2.0,3,2,10,51,13,13,4542,7,6,0,0.000891,0.001271,0.000791,0.001042,0.0458325,0.055582,2.1508795000000003,3.895208,0.5446735,1.882298,2.9041305,4.580119,2.804589,4.58036
4.0,0,pooled,30,0,51,51,75550,51,0,0,0.0001,0.00023,0.0022785,0.003335,0.073689,0.117233,3.96039,6.739021,0.6562330000000001,1.840907,4.8849295,7.850626,4.882506,7.700695
4.0,0,0,10,0,51,51,75550,51,0,0,0.0001,0.00012,0.0014069999999999998,0.001783,0.0510355,0.104234,2.6302775,2.962812,0.4717405,0.651081,3.173235,3.609997,3.170318,3.610408
4.0,0,1,10,0,51,51,75550,51,0,0,0.00011,0.00027,0.002589,0.003736,0.077289,0.151884,4.815219,7.929767,1.0102415,2.213928,6.2902285,10.271043,5.328243,7.851177
4.0,0,2,10,0,51,51,75550,51,0,0,0.0001,0.0002,0.0023685,0.003024,0.090609,0.107549,4.425496,5.740928,0.7841325,1.840907,5.3657845,6.626325,5.479037,6.626715
4.0,1,pooled,30,51,20,20,18510,20,0,0,0.0009865,0.001863,0.001122,0.001812,0.0421725,0.085646,2.1732375,6.187998,0.547437,1.04348,2.75988,7.865353,2.755381,7.866445
4.0,1,0,10,51,20,20,18510,20,0,0,0.0010119999999999999,0.001312,0.0011164999999999999,0.001242,0.040985499999999994,0.047129,1.9877485,2.258002,0.5086955,0.590161,2.527485,2.76469,2.522473,2.76491
4.0,1,1,10,51,20,20,18510,20,0,0,0.000891,0.001082,0.0011215,0.001953,0.042077,0.049153,2.126671,2.407003,0.522966,1.010741,2.68879,3.192742,2.622801,3.192962
4.0,1,2,10,51,20,20,18510,20,0,0,0.001101,0.001893,0.001122,0.001812,0.054085,0.201137,3.959974,6.742551,0.8408265,1.586281,4.5677415,7.985254,4.585157,7.985835
4.0,2,pooled,30,0,51,51,30830,21,22,8,9.05e-05,0.00018,0.001988,0.003925,0.0493875,0.121459,2.319478,3.858028,0.5931150000000001,1.032554,2.9797395,4.561562,2.971621,4.561922
4.0,2,0,10,0,51,51,30830,21,22,8,9e-05,0.00012,0.0018830000000000001,0.011618,0.0467745,0.228017,1.805815,4.570665,0.5300370000000001,0.947909,2.5575095,5.3726,2.396197,5.372941
4.0,2,1,10,0,51,51,30830,21,22,8,9.55e-05,0.000211,0.0019524999999999998,0.003925,0.0493875,0.121459,2.1373695,3.858028,0.517504,1.039564,2.8039484999999997,4.436112,2.783689,4.436322
4.0,2,2,10,0,51,51,30830,21,22,8,9.05e-05,0.00018,0.0022135,0.003195,0.057675500000000005,0.096272,2.5133045,3.681493,0.727028,1.032554,3.4594905000000002,4.4891,3.445294,4.489761
4.0,3,pooled,30,51,20,20,4210,11,4,5,0.000946,0.002463,0.001237,0.002764,0.0452715,0.151283,1.8351235,9.171466,0.598108,5.910748,2.4863045,13.590798,2.508422,11.294774
4.0,3,0,10,51,20,20,4210,11,4,5,0.0009209999999999999,0.008422,0.0011719999999999999,0.001483,0.0416715,0.051887,1.2062755,1.92465,0.495236,0.90761,1.8823625,2.508202,1.801138,2.508422
4.0,3,1,10,51,20,20,4210,11,4,5,0.0005605,0.001372,0.0009815,0.001442,0.033408999999999994,0.046318,1.7227325,5.724007,0.49030850000000004,1.177418,2.3442095,6.679137,2.464688,6.679368
4.0,3,2,10,51,20,20,4210,11,4,5,0.001948,0.002463,0.002274,0.003294,0.1306275,0.154188,5.534358,11.329921,2.038233,6.815208,8.548221,13.618599,8.534926,13.805926
8.0,0,pooled,30,0,51,51,75550,51,0,0,0.000116,0.000361,0.002228,0.003445,0.080629,0.187216,4.849502,9.461589,0.808703,2.278082,6.119210499999999,11.483793,5.669136,11.484685
8.0,0,0,10,0,51,51,75550,51,0,0,0.00012550000000000001,0.00021,0.0023435,0.003666,0.093648,0.187216,6.858044,13.24678,1.1642385000000002,1.923869,8.4298215,13.989466,8.287742,13.990127
8.0,0,1,10,0,51,51,75550,51,0,0,0.0001355,0.00023,0.002238,0.003025,0.067174,1.849199,4.824911,7.658533,0.7784435000000001,2.278082,5.858341,9.578707,5.147097,8.523278
8.0,0,2,10,0,51,51,75550,51,0,0,0.0001105,0.000391,0.002228,0.003285,0.067935,0.092166,4.368963,7.117454,0.763742,3.148587,5.288695499999999,7.998985,5.338288,7.999676
8.0,1,pooled,30,51,25,25,27710,25,0,0,0.001252,0.002153,0.001372,0.002444,0.06300800000000001,0.202129,3.776098,9.496975,0.6476329999999999,3.486986,4.603403500000001,10.401611,4.684358,10.402392
8.0,1,0,10,51,25,25,27710,25,0,0,0.001848,0.002153,0.0018375,0.002644,0.10948150000000001,0.212083,4.034768,9.504016,0.7536025,9.819312,4.881157,19.442754,5.07124,19.443996
8.0,1,1,10,51,25,25,27710,25,0,0,0.0011970000000000001,0.004146,0.0012615,0.002013,0.0588515,0.202129,4.808622,8.222034,0.7226735,3.486986,6.09349,9.667392,5.787872,9.668133
8.0,1,2,10,51,25,25,27710,25,0,0,0.0011215,0.001282,0.001207,0.001502,0.0443005,0.080579,3.1694345,3.995437,0.4912595,1.135596,3.747408,4.683587,3.653703,4.684358
8.0,2,pooled,30,0,51,51,23230,18,15,18,9.1e-05,0.000211,0.0022485,0.003475,0.064235,0.150913,2.067021,5.407791,0.7883290000000001,1.565881,2.8930049999999996,6.381498,2.940439,6.382119
8.0,2,0,10,0,51,51,23230,18,15,18,0.00011,0.000421,0.002418,0.003956,0.070274,0.351759,2.1660215000000003,5.618677,0.9042195,1.127154,3.173291,6.67041,3.779724,6.671081
8.0,2,1,10,0,51,51,23230,18,15,18,9.55e-05,0.00012,0.0020829999999999998,0.002434,0.0606145,0.071255,2.1391970000000002,2.82593,0.7883290000000001,1.636145,3.108723,3.909019,2.96819,3.90957
8.0,2,2,10,0,51,51,23230,18,15,18,9e-05,0.000191,0.002103,0.003215,0.058717,0.10829,1.9848995,4.174256,0.7388205,1.565881,2.7217445,5.182264,2.772767,5.182905
8.0,3,pooled,30,51,25,25,5430,12,1,12,0.0010365,0.002143,0.001217,0.002083,0.0484915,0.127308,1.5611985000000002,4.518764,0.6668635,3.265339,2.4139929999999996,7.008684,2.475583,7.009605
8.0,3,0,10,51,25,25,5430,12,1,12,0.0015775,0.002253,0.0015275,0.002564,0.0716755,0.152245,1.779391,6.195373,0.7013005,3.673602,2.956769,7.325897,3.463902,7.327149
8.0,3,1,10,51,25,25,5430,12,1,12,0.000941,0.001282,0.001177,0.001642,0.0468345,0.069212,1.5611985000000002,3.046236,0.7291365000000001,2.599566,2.4207175000000003,4.702069,2.475583,4.70242
8.0,3,2,10,51,25,25,5430,12,1,12,0.000786,0.001703,0.0011115,0.001362,0.040224499999999996,0.058317,1.4350475,2.948477,0.5983185,3.265339,2.072368,5.051495,2.112507,5.051956
10.0,0,pooled,30,0,51,51,75550,51,0,0,0.0001,0.00022,0.002343,0.003274,0.078751,0.114379,4.482225,16.065951,0.5144695,0.706343,5.087949,17.04766,5.108199,17.048321
10.0,0,0,10,0,51,51,75550,51,0,0,8.55e-05,0.00022,0.002023,0.002173,0.0679255,0.10829,6.6256085,39.02588,0.554263,0.706343,7.201303,39.786774,6.702141,39.787555
10.0,0,1,10,0,51,51,75550,51,0,0,0.000101,0.00022,0.00307,0.003515,0.094624,0.114379,4.080462499999999,16.065951,0.4915755,0.866359,4.6943835,17.04766,4.858872,17.048321
10.0,0,2,10,0,51,51,75550,51,0,0,0.0001,0.0002,0.002413,0.002845,0.065091,0.117283,3.5385345,10.460693,0.5277385,0.644832,4.1374285,11.144703,4.116305,11.145374
10.0,1,pooled,30,51,36,36,47950,36,0,0,0.0019275,0.003445,0.0021985,0.003065,0.0814955,0.148068,5.3869855,10.074083,0.5066299999999999,3.316384,6.046538,13.480079,6.079652,13.481011
10.0,1,0,10,51,36,36,47950,36,0,0,0.001903,0.048913,0.002158,0.002674,0.0768485,0.130864,5.9511535,12.77903,0.521595,0.672473,6.535671,13.353258,6.690804,13.354169
10.0,1,1,10,51,36,36,47950,36,0,0,0.0022779999999999996,0.002654,0.0026290000000000003,0.003085,0.1093515,0.377638,6.3233055,10.074083,0.5588519999999999,6.462087,7.1477545,16.151236,7.084406,16.152057
10.0,1,2,10,51,36,36,47950,36,0,0,0.0016220000000000002,0.003445,0.001963,0.002253,0.06881699999999999,0.134328,3.2985385000000003,5.572184,0.4463185,2.024288,3.899172,6.081496,3.884328,6.081967
10.0,2,pooled,30,0,51,51,11050,11,15,25,9e-05,0.00019,0.0017225,0.002984,0.044095499999999996,0.078535,1.343756,2.113559,0.5250794999999999,0.890724,2.159758,3.809146,2.266866,3.809457
10.0,2,0,10,0,51,51,11050,11,15,25,8.5e-05,9e-05,0.0014075,0.001873,0.0406195,0.049263,1.811774,2.113559,0.503633,0.559807,2.342908,2.650782,2.360945,2.651222
10.0,2,1,10,0,51,51,11050,11,15,25,9.05e-05,0.000191,0.002103,0.025427,0.048952499999999996,0.153376,1.343756,3.226221,0.567245,2.196962,2.1999445,3.829652,2.347469,3.830393
10.0,2,2,10,0,51,51,11050,11,15,25,9.5e-05,0.00012,0.0016825,0.002013,0.042648,0.045537,1.1101930000000002,1.188424,0.5428310000000001,0.695196,1.7324745,1.861117,1.730589,1.769642
10.0,3,pooled,30,51,36,36,6490,11,6,19,0.001006,0.002073,0.0014575,0.003164,0.042102,0.178513,1.5861705,6.870821,0.534714,1.065783,2.3017019999999997,7.604533,2.332663,7.605084
10.0,3,0,10,51,36,36,6490,11,6,19,0.000656,0.000931,0.0013319999999999999,0.001633,0.034611,0.043435,1.767408,1.837622,0.5712029999999999,0.602319,2.3347505,2.450206,2.337399,2.450356
10.0,3,1,10,51,36,36,6490,11,6,19,0.001572,0.002354,0.002369,0.008433,0.085181,0.722336,3.1252075,13.031177,0.5059465,3.184008,3.5218275,16.270757,4.019187,16.272099
10.0,3,2,10,51,36,36,6490,11,6,19,0.0010165,0.001432,0.0014575,0.001883,0.041124999999999995,0.062963,1.0822725,1.233741,0.5274485,0.688506,1.6741005,1.811473,1.685228,1.811724
12.0,0,pooled,30,0,51,51,75550,51,0,0,0.0001,0.00028,0.001463,0.002113,0.050354499999999996,0.078135,2.5334895,2.944726,0.4053685,0.462282,2.993062,3.380619,2.976533,3.380909
12.0,0,0,10,0,51,51,75550,51,0,0,0.0001,0.00011,0.0016224999999999998,0.002343,0.053088,0.094519,2.5995670000000004,3.524041,0.40573899999999996,0.48123,3.078814,4.027765,3.047919,4.028005
12.0,0,1,10,0,51,51,75550,51,0,0,0.0001,0.000331,0.0015275,0.002113,0.050354499999999996,0.075982,2.4849645000000002,2.648449,0.384212,0.462282,2.9102275,3.134336,2.892654,3.134586
12.0,0,2,10,0,51,51,75550,51,0,0,9.05e-05,0.00028,0.001387,0.002033,0.043318999999999996,0.048772,2.4937405000000004,2.944726,0.4079725,0.455948,2.94395,3.380619,2.936273,3.380909
12.0,1,pooled,30,51,25,25,27710,25,0,0,0.0008964999999999999,0.001232,0.0009415000000000001,0.001302,0.037961499999999995,0.058076,1.937469,3.194791,0.4378465,0.780722,2.421634,3.720136,2.429656,3.720586
12.0,1,0,10,51,25,25,27710,25,0,0,0.0007509999999999999,0.001192,0.000892,0.001262,0.035352,0.048301,2.185095,3.664118,0.47165650000000003,0.780722,2.6431155,4.199487,2.591224,4.199647
12.0,1,1,10,51,25,25,27710,25,0,0,0.000796,0.001212,0.0009165,0.001302,0.035843,0.044606,1.9174695000000002,2.182771,0.44088099999999997,0.835648,2.409967,2.751706,2.413922,2.751916
12.0,1,2,10,51,25,25,27710,25,0,0,0.0009415000000000001,0.001612,0.0010019999999999999,0.001312,0.0432235,0.134679,1.85,1.955656,0.386691,0.470415,2.2754434999999997,2.455594,2.281538,2.456125
12.0,2,pooled,30,0,51,51,23230,18,15,18,9e-05,0.00011,0.001727,0.002483,0.0451965,0.053629,1.256229,2.000242,0.4292385,0.664976,1.7102995,2.8599,1.697896,2.860211
12.0,2,0,10,0,51,51,23230,18,15,18,0.0001,0.0001,0.002013,0.002564,0.047870499999999996,0.053629,1.4332055000000001,2.279043,0.534754,1.990518,2.029427,3.613813,2.041508,3.614204
12.0,2,1,10,0,51,51,23230,18,15,18,9e-05,0.00011,0.0014975000000000001,0.002153,0.0432585,0.045337,1.2264525000000002,1.323594,0.42202850000000003,0.590201,1.6755585000000002,1.961585,1.653661,1.961785
12.0,2,2,10,0,51,51,23230,18,15,18,9.55e-05,0.00011,0.0015775,0.001983,0.0449865,0.07446,1.1262425,1.388509,0.40535299999999996,0.489522,1.58567,1.817302,1.575415,1.817522
12.0,3,pooled,30,51,25,25,5430,12,1,12,0.0009165,0.001252,0.0011715,0.001703,0.039704,0.065687,0.935155,1.033365,0.428788,0.508891,1.406926,1.587653,1.410051,1.587833
12.0,3,0,10,51,25,25,5430,12,1,12,0.0009465000000000001,0.001892,0.0011965,0.001873,0.041916499999999995,2.299574,1.013035,1.955837,0.4728325,0.526958,1.5350000000000001,4.744051,1.533133,4.744352
12.0,3,1,10,51,25,25,5430,12,1,12,0.000857,0.001062,0.001071,0.001352,0.038011,0.041521,0.9229419999999999,1.00945,0.42474199999999995,0.431046,1.3886245000000002,1.477391,1.395499,1.477611
12.0,3,2,10,51,25,25,5430,12,1,12,0.0009915,0.001222,0.0012070000000000002,0.001703,0.039499,0.043795,0.9077595,1.000827,0.4048575,0.453018,1.341299,1.473155,1.346316,1.473565
16.0,0,pooled,30,0,51,51,75550,51,0,0,9e-05,0.00012,0.001172,0.002013,0.034791,0.051156,2.236706,2.509294,0.4401345,0.578233,2.7264435,3.025165,2.738461,3.025665
16.0,0,0,10,0,51,51,75550,51,0,0,9e-05,0.0001,0.0010715,0.001493,0.034581,0.044185,2.2052745,2.394679,0.42394299999999996,0.592104,2.683846,2.867026,2.682759,2.867346
16.0,0,1,10,0,51,51,75550,51,0,0,8e-05,9e-05,0.001127,0.001322,0.034160499999999996,0.034931,2.2201015,2.284301,0.441767,0.466539,2.6879415,2.769427,2.673676,2.749147
16.0,0,2,10,0,51,51,75550,51,0,0,0.0001005,0.000201,0.0015375,0.002684,0.0475,0.059288,2.3068345,2.546548,0.4590925,0.578233,2.8620335,3.041418,2.882454,3.041699
16.0,1,pooled,30,51,21,21,20350,21,0,0,0.000886,0.001111,0.001002,0.001332,0.040209,0.091184,1.540506,2.238283,0.424186,0.528149,1.9908885,2.760224,1.988515,2.760595
16.0,1,0,10,51,21,21,20350,21,0,0,0.0006005,0.001052,0.000786,0.000992,0.032288,0.262708,1.4870495,1.595871,0.412494,0.528149,1.9431975,2.164935,1.94516,2.165105
16.0,1,1,10,51,21,21,20350,21,0,0,0.000896,0.001111,0.0010270000000000001,0.001292,0.039423,0.091184,1.544983,1.754149,0.4382065,0.529261,2.050784,2.294421,2.023686,2.294641
16.0,1,2,10,51,21,21,20350,21,0,0,0.0009715,0.001252,0.001147,0.001392,0.0416965,0.044877,1.5538735,2.865439,0.41221850000000004,0.478346,1.9975635,3.378316,1.993782,3.378546
16.0,2,pooled,30,0,51,51,29810,21,19,11,8.05e-05,0.0001,0.001347,0.001993,0.03379,0.055682,1.259509,3.242425,0.4515515,1.020326,1.7629415000000002,3.728223,1.774969,3.728813
16.0,2,0,10,0,51,51,29810,21,19,11,9e-05,0.0002,0.001522,0.001993,0.0368645,0.055682,1.3544640000000001,6.912422,0.4488875,1.020326,1.8307025000000001,7.451237,1.827307,7.451678
16.0,2,1,10,0,51,51,29810,21,19,11,9.05e-05,0.0001,0.001467,0.002474,0.0349015,0.145234,1.2642410000000002,3.242425,0.47331900000000005,2.084136,1.8454484999999998,3.728223,1.86306,3.728813
16.0,2,2,10,0,51,51,29810,21,19,11,7.500000000000001e-05,8.1e-05,0.0011865,0.001482,0.0313815,0.03363,1.193081,1.268582,0.4448365,0.50125,1.688457,1.745025,1.697205,1.745206
16.0,3,pooled,30,51,21,21,3970,11,3,7,0.0008010000000000001,0.001232,0.001057,0.001493,0.039203,0.050244,0.9109590000000001,2.089895,0.441847,2.811779,1.3900815,4.260417,1.413882,4.260618
16.0,3,0,10,51,21,21,3970,11,3,7,0.000941,0.001252,0.0010915,0.001432,0.041171,0.056954,0.944654,2.089895,0.5289455000000001,3.828641,1.5973975,4.786324,1.600983,4.786554
16.0,3,1,10,51,21,21,3970,11,3,7,0.0005405,0.000721,0.0008565000000000001,0.001142,0.0292935,0.044766,0.8574355,0.941699,0.46482599999999996,2.224153,1.3481445,3.122369,1.339326,3.122579
16.0,3,2,10,51,21,21,3970,11,3,7,0.000886,0.001232,0.0012569999999999999,0.001542,0.0408855,0.043554,0.9121555,3.162507,0.3972565,0.760583,1.3900815,3.570159,1.397252,3.570379
16.5,0,pooled,30,0,51,51,75550,51,0,0,9e-05,0.00011,0.0012665,0.001783,0.043534500000000004,0.055793,2.240031,2.535181,0.420541,0.515981,2.7333885,3.009191,2.721737,2.873341
16.5,0,0,10,0,51,51,75550,51,0,0,0.0001,0.00019,0.0015125,0.001783,0.046048500000000006,0.059468,2.2721635,2.38536,0.4162695,0.611602,2.77517,2.915022,2.768545,2.873341
16.5,0,1,10,0,51,51,75550,51,0,0,8e-05,9e-05,0.0011465,0.001322,0.034871,0.041511,2.23596,2.356828,0.425093,0.486508,2.7073055,2.814334,2.721737,2.814504
16.5,0,2,10,0,51,51,75550,51,0,0,0.0001005,0.00011,0.001387,0.001973,0.043825,0.055793,2.23254,2.692514,0.4192795,0.515981,2.73374,3.138963,2.684041,3.139423
16.5,1,pooled,30,51,21,21,20350,21,0,0,0.000892,0.001272,0.0010165,0.001803,0.041000999999999996,0.046088,1.5329169999999999,1.995154,0.40953399999999995,0.723493,1.9824060000000001,2.737149,1.983347,2.481292
16.5,1,0,10,51,21,21,20350,21,0,0,0.0009215,0.001272,0.0011465,0.001462,0.0420325,0.057985,1.5488605,1.995154,0.4172255,0.505737,2.007803,2.481051,2.011418,2.481292
16.5,1,1,10,51,21,21,20350,21,0,0,0.0009365,0.001281,0.0010715,0.001813,0.0407405,0.046088,1.56482,4.038881,0.4073065,1.099432,2.034668,4.502246,1.983347,2.73764
16.5,1,2,10,51,21,21,20350,21,0,0,0.000601,0.000902,0.0008515,0.001101,0.0316715,0.042012,1.4286735,1.57829,0.393716,0.524084,1.860571,2.081813,1.861507,2.082183
16.5,2,pooled,30,0,51,51,28410,20,20,11,9e-05,0.00012,0.0015869999999999999,0.002274,0.041641,0.049322,1.175595,1.415189,0.400336,0.467339,1.620847,1.871462,1.627672,1.871773
16.5,2,0,10,0,51,51,28410,20,20,11,9e-05,0.00019,0.0016825,0.002724,0.041546,0.045477,1.1727005,1.439765,0.389855,0.505276,1.61585,1.875638,1.616686,1.875819
16.5,2,1,10,0,51,51,28410,20,20,11,0.0001,0.00012,0.0017675,0.002013,0.043079000000000006,0.047801,1.1806825,1.400016,0.400706,0.435362,1.620431,1.871462,1.625439,1.871773
16.5,2,2,10,0,51,51,28410,20,20,11,8.1e-05,0.0001,0.001307,0.001712,0.035327,0.084865,1.1564320000000001,1.280429,0.42309399999999997,0.467339,1.6316575000000002,1.711305,1.636024,1.711525
16.5,3,pooled,30,51,21,21,2570,10,4,7,0.000801,0.001062,0.0009710000000000001,0.001302,0.037335,0.043614,0.838222,1.016515,0.407792,0.535811,1.29027,1.491281,1.287731,1.491471
16.5,3,0,10,51,21,21,2570,10,4,7,0.000826,0.001101,0.0010170000000000001,0.001332,0.038251499999999994,0.055612,0.8333495,1.016515,0.3795905,0.535811,1.261101,1.430195,1.269623,1.430416
16.5,3,1,10,51,21,21,2570,10,4,7,0.0008365,0.001062,0.0010119999999999999,0.001302,0.039228,0.043614,0.86741,0.974298,0.4087785,0.578584,1.361309,1.491281,1.334379,1.491471
16.5,3,2,10,51,21,21,2570,10,4,7,0.000546,0.000681,0.000781,0.000921,0.029173,0.032027,0.812259,1.119893,0.4269,0.496814,1.2810405,1.576276,1.28106,1.576446
