frame,time,mode,tested,visible,draws,triangles,lod0,lod1,lod2
0,0.00,0,0,51,51,75550,51,0,0
0,0.00,1,51,22,22,22190,22,0,0
0,0.00,2,0,51,51,27050,20,16,15
0,0.00,3,51,22,22,2330,10,3,9
1,0.25,0,0,51,51,75550,51,0,0
1,0.25,1,51,22,22,22190,22,0,0
1,0.25,2,0,51,51,29810,21,19,11
1,0.25,3,51,22,22,3010,10,5,7
2,0.50,0,0,51,51,75550,51,0,0
2,0.50,1,51,22,22,22190,22,0,0
2,0.50,2,0,51,51,30150,21,20,10
2,0.50,3,51,22,22,4410,11,4,7
3,0.75,0,0,51,51,75550,51,0,0
3,0.75,1,51,20,20,20338,20,0,0
3,0.75,2,0,51,51,32910,22,23,6
3,0.75,3,51,20,20,4638,10,5,5
4,1.00,0,0,51,51,75550,51,0,0
4,1.00,1,51,19,19,18498,19,0,0
4,1.00,2,0,51,51,33590,22,25,4
4,1.00,3,51,19,19,4878,10,6,3
5,1.25,0,0,51,51,75550,51,0,0
5,1.25,1,51,19,19,18498,19,0,0
5,1.25,2,0,51,51,30790,20,27,4
5,1.25,3,51,19,19,4878,10,6,3
6,1.50,0,0,51,51,75550,51,0,0
6,1.50,1,51,18,18,18486,18,0,0
6,1.50,2,0,51,51,30410,19,31,1
6,1.50,3,51,18,18,5546,9,8,1
7,1.75,0,0,51,51,75550,51,0,0
7,1.75,1,51,13,13,12942,13,0,0
7,1.75,2,0,51,51,33210,21,29,1
7,1.75,3,51,13,13,4542,7,6,0
8,2.00,0,0,51,51,75550,51,0,0
8,2.00,1,51,13,13,12942,13,0,0
8,2.00,2,0,51,51,29350,18,33,0
8,2.00,3,51,13,13,4542,7,6,0
9,2.25,0,0,51,51,75550,51,0,0
9,2.25,1,51,14,14,14782,14,0,0
9,2.25,2,0,51,51,30410,19,31,1
9,2.25,3,51,14,14,4642,7,6,1
10,2.50,0,0,51,51,75550,51,0,0
10,2.50,1,51,14,14,14782,14,0,0
10,2.50,2,0,51,51,29010,18,32,1
10,2.50,3,51,14,14,4642,7,6,1
11,2.75,0,0,51,51,75550,51,0,0
11,2.75,1,51,16,16,16634,16,0,0
11,2.75,2,0,51,51,31810,20,30,1
11,2.75,3,51,16,16,5094,8,7,1
12,3.00,0,0,51,51,75550,51,0,0
12,3.00,1,51,18,18,16658,18,0,0
12,3.00,2,0,51,51,33210,21,29,1
12,3.00,3,51,18,18,5118,10,7,1
13,3.25,0,0,51,51,75550,51,0,0
13,3.25,1,51,19,19,18498,19,0,0
13,3.25,2,0,51,51,32530,21,27,3
13,3.25,3,51,19,19,4878,10,6,3
14,3.50,0,0,51,51,75550,51,0,0
14,3.50,1,51,20,20,18510,20,0,0
14,3.50,2,0,51,51,33590,22,25,4
14,3.50,3,51,20,20,4890,11,6,3
15,3.75,0,0,51,51,75550,51,0,0
15,3.75,1,51,20,20,18510,20,0,0
15,3.75,2,0,51,51,33250,22,24,5
15,3.75,3,51,20,20,4550,11,5,4
16,4.00,0,0,51,51,75550,51,0,0
16,4.00,1,51,20,20,18510,20,0,0
16,4.00,2,0,51,51,30830,21,22,8
16,4.00,3,51,20,20,4210,11,4,5
17,4.25,0,0,51,51,75550,51,0,0
17,4.25,1,51,20,20,18510,20,0,0
17,4.25,2,0,51,51,33250,22,24,5
17,4.25,3,51,20,20,4550,11,5,4
18,4.50,0,0,51,51,75550,51,0,0
18,4.50,1,51,21,21,20350,21,0,0
18,4.50,2,0,51,51,33590,22,25,4
18,4.50,3,51,21,21,4990,11,6,4
19,4.75,0,0,51,51,75550,51,0,0
19,4.75,1,51,21,21,20350,21,0,0
19,4.75,2,0,51,51,33930,22,26,3
19,4.75,3,51,21,21,5330,11,7,3
20,5.00,0,0,51,51,75550,51,0,0
20,5.00,1,51,19,19,18498,19,0,0
20,5.00,2,0,51,51,33250,22,24,5
20,5.00,3,51,19,19,4538,10,5,4
21,5.25,0,0,51,51,75550,51,0,0
21,5.25,1,51,19,19,18498,19,0,0
21,5.25,2,0,51,51,33250,22,24,5
21,5.25,3,51,19,19,4538,10,5,4
22,5.50,0,0,51,51,75550,51,0,0
22,5.50,1,51,19,19,18498,19,0,0
22,5.50,2,0,51,51,31510,21,24,6
22,5.50,3,51,19,19,4878,10,6,3
23,5.75,0,0,51,51,75550,51,0,0
23,5.75,1,51,18,18,16658,18,0,0
23,5.75,2,0,51,51,30830,21,22,8
23,5.75,3,51,18,18,4098,10,4,4
24,6.00,0,0,51,51,75550,51,0,0
24,6.00,1,51,19,19,16670,19,0,0
24,6.00,2,0,51,51,33290,23,19,9
24,6.00,3,51,19,19,3770,11,3,5
25,6.25,0,0,51,51,75550,51,0,0
25,6.25,1,51,20,20,18510,20,0,0
25,6.25,2,0,51,51,33290,23,19,9
25,6.25,3,51,20,20,4210,11,4,5
26,6.50,0,0,51,51,75550,51,0,0
26,6.50,1,51,21,21,20350,21,0,0
26,6.50,2,0,51,51,28410,20,20,11
26,6.50,3,51,21,21,2570,10,4,7
27,6.75,0,0,51,51,75550,51,0,0
27,6.75,1,51,22,22,22190,22,0,0
27,6.75,2,0,51,51,28410,20,20,11
27,6.75,3,51,22,22,4410,11,4,7
28,7.00,0,0,51,51,75550,51,0,0
28,7.00,1,51,22,22,22190,22,0,0
28,7.00,2,0,51,51,26710,20,15,16
28,7.00,3,51,22,22,3390,11,1,10
29,7.25,0,0,51,51,75550,51,0,0
29,7.25,1,51,22,22,22190,22,0,0
29,7.25,2,0,51,51,26710,20,15,16
29,7.25,3,51,22,22,3390,11,1,10
30,7.50,0,0,51,51,75550,51,0,0
30,7.50,1,51,24,24,25870,24,0,0
30,7.50,2,0,51,51,26710,20,15,16
30,7.50,3,51,24,24,4270,11,3,10
31,7.75,0,0,51,51,75550,51,0,0
31,7.75,1,51,24,24,25870,24,0,0
31,7.75,2,0,51,51,23230,18,15,18
31,7.75,3,51,24,24,3590,11,1,12
32,8.00,0,0,51,51,75550,51,0,0
32,8.00,1,51,25,25,27710,25,0,0
32,8.00,2,0,51,51,23230,18,15,18
32,8.00,3,51,25,25,5430,12,1,12
33,8.25,0,0,51,51,75550,51,0,0
33,8.25,1,51,27,27,31390,27,0,0
33,8.25,2,0,51,51,22550,18,13,20
33,8.25,3,51,27,27,7370,13,1,13
34,8.50,0,0,51,51,75550,51,0,0
34,8.50,1,51,29,29,35070,29,0,0
34,8.50,2,0,51,51,22550,18,13,20
34,8.50,3,51,29,29,9310,14,1,14
35,8.75,0,0,51,51,75550,51,0,0
35,8.75,1,51,30,30,36910,30,0,0
35,8.75,2,0,51,51,19750,16,15,20
35,8.75,3,51,30,30,6950,12,4,14
36,9.00,0,0,51,51,75550,51,0,0
36,9.00,1,51,31,31,38750,31,0,0
36,9.00,2,0,51,51,14870,13,16,22
36,9.00,3,51,31,31,5310,11,4,16
37,9.25,0,0,51,51,75550,51,0,0
37,9.25,1,51,31,31,38750,31,0,0
37,9.25,2,0,51,51,14870,13,16,22
37,9.25,3,51,31,31,5310,11,4,16
38,9.50,0,0,51,51,75550,51,0,0
38,9.50,1,51,33,33,42430,33,0,0
38,9.50,2,0,51,51,13850,13,13,25
38,9.50,3,51,33,33,5170,11,3,19
39,9.75,0,0,51,51,75550,51,0,0
39,9.75,1,51,35,35,46110,35,0,0
39,9.75,2,0,51,51,13850,13,13,25
39,9.75,3,51,35,35,8850,13,3,19
40,10.00,0,0,51,51,75550,51,0,0
40,10.00,1,51,36,36,47950,36,0,0
40,10.00,2,0,51,51,11050,11,15,25
40,10.00,3,51,36,36,6490,11,6,19
41,10.25,0,0,51,51,75550,51,0,0
41,10.25,1,51,35,35,46110,35,0,0
41,10.25,2,0,51,51,13850,13,13,25
41,10.25,3,51,35,35,8850,13,3,19
42,10.50,0,0,51,51,75550,51,0,0
42,10.50,1,51,33,33,42430,33,0,0
42,10.50,2,0,51,51,13850,13,13,25
42,10.50,3,51,33,33,5170,11,3,19
43,10.75,0,0,51,51,75550,51,0,0
43,10.75,1,51,31,31,38750,31,0,0
43,10.75,2,0,51,51,14870,13,16,22
43,10.75,3,51,31,31,5310,11,4,16
44,11.00,0,0,51,51,75550,51,0,0
44,11.00,1,51,31,31,38750,31,0,0
44,11.00,2,0,51,51,14870,13,16,22
44,11.00,3,51,31,31,5310,11,4,16
45,11.25,0,0,51,51,75550,51,0,0
45,11.25,1,51,30,30,36910,30,0,0
45,11.25,2,0,51,51,19750,16,15,20
45,11.25,3,51,30,30,6950,12,4,14
46,11.50,0,0,51,51,75550,51,0,0
46,11.50,1,51,29,29,35070,29,0,0
46,11.50,2,0,51,51,22550,18,13,20
46,11.50,3,51,29,29,9310,14,1,14
47,11.75,0,0,51,51,75550,51,0,0
47,11.75,1,51,27,27,31390,27,0,0
47,11.75,2,0,51,51,22550,18,13,20
47,11.75,3,51,27,27,7370,13,1,13
48,12.00,0,0,51,51,75550,51,0,0
48,12.00,1,51,25,25,27710,25,0,0
48,12.00,2,0,51,51,23230,18,15,18
48,12.00,3,51,25,25,5430,12,1,12
49,12.25,0,0,51,51,75550,51,0,0
49,12.25,1,51,24,24,25870,24,0,0
49,12.25,2,0,51,51,23230,18,15,18
49,12.25,3,51,24,24,3590,11,1,12
50,12.50,0,0,51,51,75550,51,0,0
50,12.50,1,51,24,24,25870,24,0,0
50,12.50,2,0,51,51,26710,20,15,16
50,12.50,3,51,24,24,4270,11,3,10
51,12.75,0,0,51,51,75550,51,0,0
51,12.75,1,51,22,22,22190,22,0,0
51,12.75,2,0,51,51,26710,20,15,16
51,12.75,3,51,22,22,3390,11,1,10
52,13.00,0,0,51,51,75550,51,0,0
52,13.00,1,51,22,22,22190,22,0,0
52,13.00,2,0,51,51,26710,20,15,16
52,13.00,3,51,22,22,3390,11,1,10
53,13.25,0,0,51,51,75550,51,0,0
53,13.25,1,51,22,22,22190,22,0,0
53,13.25,2,0,51,51,28410,20,20,11
53,13.25,3,51,22,22,4410,11,4,7
54,13.50,0,0,51,51,75550,51,0,0
54,13.50,1,51,21,21,20350,21,0,0
54,13.50,2,0,51,51,28410,20,20,11
54,13.50,3,51,21,21,2570,10,4,7
55,13.75,0,0,51,51,75550,51,0,0
55,13.75,1,51,20,20,18510,20,0,0
55,13.75,2,0,51,51,33290,23,19,9
55,13.75,3,51,20,20,4210,11,4,5
56,14.00,0,0,51,51,75550,51,0,0
56,14.00,1,51,19,19,16670,19,0,0
56,14.00,2,0,51,51,33290,23,19,9
56,14.00,3,51,19,19,3770,11,3,5
57,14.25,0,0,51,51,75550,51,0,0
57,14.25,1,51,19,19,16670,19,0,0
57,14.25,2,0,51,51,33290,23,19,9
57,14.25,3,51,19,19,3770,11,3,5
58,14.50,0,0,51,51,75550,51,0,0
58,14.50,1,51,19,19,16670,19,0,0
58,14.50,2,0,51,51,33290,23,19,9
58,14.50,3,51,19,19,3770,11,3,5
59,14.75,0,0,51,51,75550,51,0,0
59,14.75,1,51,19,19,16670,19,0,0
59,14.75,2,0,51,51,33290,23,19,9
59,14.75,3,51,19,19,3770,11,3,5
60,15.00,0,0,51,51,75550,51,0,0
60,15.00,1,51,20,20,18510,20,0,0
60,15.00,2,0,51,51,33290,23,19,9
60,15.00,3,51,20,20,4210,11,4,5
61,15.25,0,0,51,51,75550,51,0,0
61,15.25,1,51,20,20,18510,20,0,0
61,15.25,2,0,51,51,33290,23,19,9
61,15.25,3,51,20,20,4210,11,4,5
62,15.50,0,0,51,51,75550,51,0,0
62,15.50,1,51,21,21,20350,21,0,0
62,15.50,2,0,51,51,30490,21,21,9
62,15.50,3,51,21,21,4650,11,5,5
63,15.75,0,0,51,51,75550,51,0,0
63,15.75,1,51,21,21,20350,21,0,0
63,15.75,2,0,51,51,29810,21,19,11
63,15.75,3,51,21,21,3970,11,3,7
64,16.00,0,0,51,51,75550,51,0,0
64,16.00,1,51,21,21,20350,21,0,0
64,16.00,2,0,51,51,29810,21,19,11
64,16.00,3,51,21,21,3970,11,3,7
65,16.25,0,0,51,51,75550,51,0,0
65,16.25,1,51,21,21,20350,21,0,0
65,16.25,2,0,51,51,28410,20,20,11
65,16.25,3,51,21,21,2570,10,4,7
66,16.50,0,0,51,51,75550,51,0,0
66,16.50,1,51,21,21,20350,21,0,0
66,16.50,2,0,51,51,28410,20,20,11
66,16.50,3,51,21,21,2570,10,4,7
67,16.75,0,0,51,51,75550,51,0,0
67,16.75,1,51,21,21,20350,21,0,0
67,16.75,2,0,51,51,28410,20,20,11
67,16.75,3,51,21,21,2570,10,4,7
68,17.00,0,0,51,51,75550,51,0,0
68,17.00,1,51,21,21,20350,21,0,0
68,17.00,2,0,51,51,29810,21,19,11
68,17.00,3,51,21,21,3970,11,3,7
69,17.25,0,0,51,51,75550,51,0,0
69,17.25,1,51,21,21,20350,21,0,0
69,17.25,2,0,51,51,28410,20,20,11
69,17.25,3,51,21,21,2570,10,4,7
70,17.50,0,0,51,51,75550,51,0,0
70,17.50,1,51,21,21,20350,21,0,0
70,17.50,2,0,51,51,28410,20,20,11
70,17.50,3,51,21,21,2570,10,4,7
71,17.75,0,0,51,51,75550,51,0,0
71,17.75,1,51,21,21,20350,21,0,0
71,17.75,2,0,51,51,28410,20,20,11
71,17.75,3,51,21,21,2570,10,4,7
72,18.00,0,0,51,51,75550,51,0,0
72,18.00,1,51,21,21,20350,21,0,0
72,18.00,2,0,51,51,29810,21,19,11
72,18.00,3,51,21,21,3970,11,3,7
73,18.25,0,0,51,51,75550,51,0,0
73,18.25,1,51,21,21,20350,21,0,0
73,18.25,2,0,51,51,28410,20,20,11
73,18.25,3,51,21,21,2570,10,4,7
74,18.50,0,0,51,51,75550,51,0,0
74,18.50,1,51,21,21,20350,21,0,0
74,18.50,2,0,51,51,28410,20,20,11
74,18.50,3,51,21,21,2570,10,4,7
75,18.75,0,0,51,51,75550,51,0,0
75,18.75,1,51,21,21,20350,21,0,0
75,18.75,2,0,51,51,28410,20,20,11
75,18.75,3,51,21,21,2570,10,4,7
76,19.00,0,0,51,51,75550,51,0,0
76,19.00,1,51,21,21,20350,21,0,0
76,19.00,2,0,51,51,29810,21,19,11
76,19.00,3,51,21,21,3970,11,3,7
77,19.25,0,0,51,51,75550,51,0,0
77,19.25,1,51,21,21,20350,21,0,0
77,19.25,2,0,51,51,28410,20,20,11
77,19.25,3,51,21,21,2570,10,4,7
78,19.50,0,0,51,51,75550,51,0,0
78,19.50,1,51,21,21,20350,21,0,0
78,19.50,2,0,51,51,28410,20,20,11
78,19.50,3,51,21,21,2570,10,4,7
79,19.75,0,0,51,51,75550,51,0,0
79,19.75,1,51,21,21,20350,21,0,0
79,19.75,2,0,51,51,28410,20,20,11
79,19.75,3,51,21,21,2570,10,4,7
80,20.00,0,0,51,51,75550,51,0,0
80,20.00,1,51,21,21,20350,21,0,0
80,20.00,2,0,51,51,29810,21,19,11
80,20.00,3,51,21,21,3970,11,3,7
